S.No.,pH,EC_(dS/m),Organic_Carbon_(%),Phosphorus_P2O5_(Kg/ha),Potassium_K2O_(Kg/ha),Zinc_Zn_(ppm),Iron_Fe_(ppm),Copper_Cu_(ppm),Manganese_Mn_(ppm)
1,8.5,0.18,0.1,38.0,243.0,0.28,2.62,0.34,5.14
2,8.2,0.13,0.14,44.0,339.0,0.3,3.14,0.44,4.9
3,8.7,1.9,0.21,28.0,212.0,0.4,3.04,0.5,5.06
4,8.5,0.31,0.14,41.0,408.0,0.36,2.88,0.54,5.0
5,8.6,0.36,0.17,31.0,265.0,0.32,3.16,0.46,4.78
6,8.5,0.13,0.16,44.0,183.0,0.3,3.42,0.46,5.1
7,8.5,0.26,0.22,51.0,395.0,0.32,3.06,0.46,5.24
8,8.3,0.29,0.21,46.0,367.0,0.36,3.5,0.46,5.24
9,8.2,0.7,0.19,46.0,367.0,0.36,3.5,0.46,5.24
10,8.7,0.13,0.14,21.0,296.0,0.3,3.2,0.42,5.04
11,8.8,0.11,0.15,44.0,183.0,0.4,4.08,0.44,5.18
12,8.3,0.15,0.21,49.0,183.0,0.34,2.94,0.38,4.4
13,9.4,0.14,0.24,44.0,198.0,0.32,2.7,0.36,3.9
14,8.3,0.17,0.1,54.0,437.0,0.44,3.4,0.48,5.9
15,8.5,0.17,0.17,26.0,268.0,0.36,3.9,0.48,5.0
16,8.5,0.14,0.14,26.0,282.0,0.34,3.92,0.46,4.92
17,8.5,0.22,0.12,38.0,254.0,0.34,2.72,0.42,4.96
18,8.7,0.2,0.18,59.0,266.0,0.3,2.6,0.36,4.82
19,8.7,0.16,0.19,49.0,169.0,0.38,3.24,0.36,4.8
20,8.4,0.19,0.21,41.0,296.0,0.36,3.82,0.44,5.04
21,9.3,0.5,0.18,54.0,268.0,0.38,3.2,0.44,5.02
22,9.5,0.54,0.12,36.0,296.0,0.38,3.0,0.42,5.1
23,8.4,0.12,0.12,31.0,282.0,0.28,3.1,0.42,4.88
24,9.5,0.12,0.21,31.0,198.0,0.34,2.94,0.44,5.02
25,9.6,0.14,0.15,36.0,183.0,0.32,2.86,0.54,4.88
26,8.6,0.1,0.16,41.0,183.0,0.32,3.26,0.4,4.32
27,8.5,0.19,0.16,26.0,212.0,0.42,2.96,0.46,4.88
28,8.4,0.11,0.14,28.0,198.0,0.4,3.1,0.44,4.92
29,8.4,0.22,0.12,28.0,240.0,0.38,3.4,0.46,5.02
30,8.6,0.12,0.15,38.0,212.0,0.32,3.74,0.4,5.16
31,8.5,1.04,0.21,49.0,169.0,0.34,3.38,0.52,4.7
32,8.5,0.13,0.17,44.0,295.0,0.3,3.1,0.46,4.92
33,8.2,0.81,0.14,41.0,301.0,0.28,3.42,0.4,5.24
34,8.5,0.45,0.19,49.0,265.0,0.32,3.16,0.52,5.14
35,8.6,0.32,0.22,38.0,277.0,0.36,3.02,0.48,5.3
36,8.7,0.17,0.17,36.0,284.0,0.3,2.74,0.46,5.18
37,8.7,0.26,0.14,41.0,292.0,0.26,2.96,0.5,5.34
38,9.0,0.34,0.16,49.0,276.0,0.28,2.88,0.36,5.12
39,9.0,0.16,0.08,54.0,240.0,0.34,3.4,0.46,3.88
40,8.7,0.19,0.12,64.0,254.0,0.26,2.96,0.32,5.16
41,8.9,0.12,0.06,36.0,282.0,0.28,3.46,0.44,4.9
42,8.4,0.23,0.17,54.0,212.0,0.34,3.04,0.48,5.06
43,8.4,2.15,0.2,49.0,155.0,0.28,2.74,0.42,4.82
44,9.2,0.22,0.16,49.0,169.0,0.34,2.8,0.44,4.38
45,8.4,0.16,0.16,56.0,155.0,0.34,2.74,0.42,3.9
46,8.3,0.1,0.12,54.0,169.0,0.4,2.8,0.4,3.94
47,8.5,0.09,0.14,54.0,169.0,0.34,2.64,0.46,3.8
48,8.4,0.08,0.1,56.0,155.0,0.36,2.84,0.42,3.78
49,8.4,0.04,0.19,56.0,169.0,0.42,2.6,0.46,3.62
50,8.2,0.2,0.16,49.0,395.0,0.52,3.24,0.46,3.8
51,8.3,0.12,0.18,41.0,183.0,0.36,2.36,0.38,5.04
52,8.1,0.46,0.16,41.0,155.0,0.28,3.26,0.38,4.68
53,8.0,0.1,0.14,36.0,212.0,0.34,3.14,0.44,4.56
54,8.0,0.38,0.12,41.0,183.0,0.34,3.28,0.4,4.5
55,8.4,0.22,0.2,49.0,268.0,0.3,3.48,0.38,4.36
56,8.6,0.1,0.23,41.0,240.0,0.4,3.14,0.5,3.94
57,9.2,0.11,0.12,26.0,155.0,0.28,3.04,0.46,4.38
58,8.3,0.29,0.2,54.0,310.0,0.4,2.68,0.38,5.06
59,8.8,0.16,0.18,54.0,395.0,0.36,2.44,0.42,5.12
60,8.4,0.12,0.15,49.0,240.0,0.32,2.72,0.48,4.44
61,8.9,0.6,0.13,54.0,212.0,0.36,3.42,0.46,5.16
62,8.3,0.19,0.2,26.0,169.0,0.3,3.42,0.4,3.16
63,8.2,0.16,0.19,34.0,169.0,0.42,3.36,0.4,3.24
64,8.3,0.43,0.15,64.0,480.0,0.36,3.74,0.42,4.26
65,9.6,0.84,0.14,56.0,226.0,0.38,2.66,0.92,8.22
66,8.2,0.13,0.13,38.0,325.0,0.34,3.68,0.5,4.6
67,9.2,0.09,0.18,59.0,339.0,0.36,3.4,0.4,4.28
68,9.7,0.37,0.11,49.0,183.0,0.3,3.46,0.36,5.4
69,8.1,0.36,0.14,38.0,296.0,0.32,3.14,0.46,5.04
70,8.1,0.54,0.19,44.0,183.0,0.28,2.78,0.42,4.9
71,8.2,0.6,0.22,49.0,353.0,0.36,3.2,0.44,5.14
72,8.1,0.56,0.17,46.0,183.0,0.3,3.16,0.42,4.86
73,8.7,0.38,0.11,41.0,155.0,0.32,3.04,0.48,4.84
74,8.2,0.13,0.12,56.0,254.0,0.36,3.2,0.5,3.7
75,8.8,0.28,0.16,49.0,359.0,0.36,3.2,0.48,4.96
76,8.6,0.08,0.17,46.0,155.0,0.32,2.8,0.52,4.2
77,8.7,0.07,0.2,44.0,198.0,0.32,2.96,0.46,4.86
78,8.2,0.56,0.17,26.0,240.0,0.36,2.96,0.42,5.14
79,8.1,0.18,0.14,46.0,226.0,0.34,3.0,0.4,4.96
80,8.4,0.21,0.14,46.0,226.0,0.36,3.32,0.38,4.44
81,8.4,0.16,0.16,59.0,367.0,0.44,3.18,0.4,5.08
82,8.6,0.11,0.14,38.0,155.0,0.38,3.26,0.4,5.06
83,9.0,0.3,0.14,56.0,325.0,0.34,2.56,0.42,4.36
84,8.3,0.25,0.19,56.0,254.0,0.3,3.96,0.5,5.78
85,9.2,0.09,0.16,49.0,296.0,0.48,3.82,0.56,5.32
86,8.2,0.39,0.12,49.0,254.0,0.42,2.96,0.44,5.06
87,8.2,0.29,0.27,49.0,310.0,0.32,3.24,0.32,3.28
88,8.0,0.35,0.21,51.0,353.0,0.28,3.78,0.26,3.4
89,8.4,0.18,0.27,49.0,310.0,0.32,3.24,0.32,3.28
90,8.1,0.33,0.21,51.0,353.0,0.28,3.78,0.26,3.4
91,8.0,0.4,0.29,54.0,367.0,0.32,3.4,0.32,2.8
92,8.1,0.67,0.12,46.0,353.0,0.42,3.42,0.423,3.78
93,8.3,0.33,0.19,44.0,310.0,0.28,3.78,0.36,4.2
94,8.5,0.18,0.23,41.0,282.0,0.26,2.92,0.4,4.1
95,8.2,0.28,0.2,38.0,254.0,0.32,3.2,0.26,3.78
96,8.3,0.3,0.18,36.0,296.0,0.44,3.42,0.26,3.9
97,8.2,0.3,0.29,33.0,381.0,0.4,3.8,0.32,3.42
98,8.2,0.31,0.32,31.0,367.0,0.28,2.98,0.28,3.64
99,8.3,0.33,0.26,28.0,268.0,0.32,3.42,0.3,4.32
100,8.1,0.4,0.31,26.0,296.0,0.24,3.1,0.42,4.82
101,8.0,0.42,0.26,20.0,310.0,0.32,2.92,0.28,3.4
102,8.3,0.56,0.22,18.0,268.0,0.26,2.42,0.32,4.26
103,8.4,0.28,0.35,15.0,381.0,0.38,3.28,0.26,4.78
104,8.1,0.31,0.16,18.0,367.0,0.42,4.2,0.32,4.1
105,8.1,0.61,0.19,20.0,254.0,0.28,3.78,0.28,2.88
106,8.2,0.71,0.27,49.0,212.0,0.32,3.24,0.32,3.28
107,8.1,0.67,0.21,51.0,240.0,0.28,3.78,0.26,3.4
108,7.9,0.59,0.32,54.0,353.0,0.32,3.4,0.32,2.8
109,8.1,0.35,0.25,46.0,339.0,0.42,3.42,0.423,3.78
110,7.8,0.39,0.2,44.0,381.0,0.28,3.78,0.36,4.2
111,8.1,0.53,0.17,41.0,367.0,0.26,2.92,0.4,4.1
112,8.1,0.48,0.26,38.0,296.0,0.32,3.2,0.26,3.78
113,8.2,0.42,0.39,36.0,240.0,0.44,3.42,0.26,3.9
114,8.1,0.4,0.31,33.0,296.0,0.4,3.8,0.32,3.42
115,7.8,0.6,0.26,31.0,254.0,0.28,2.98,0.28,3.64
116,8.1,0.55,0.21,28.0,310.0,0.32,3.42,0.3,4.32
117,8.0,0.49,0.29,26.0,339.0,0.24,3.1,0.42,4.82
118,8.1,0.43,0.32,20.0,353.0,0.32,2.92,0.28,3.4
119,8.0,0.47,0.22,18.0,367.0,0.26,2.42,0.32,4.26
120,7.9,0.6,0.18,15.0,381.0,0.38,3.28,0.26,4.78
121,8.0,0.42,0.27,18.0,395.0,0.42,4.2,0.32,4.1
122,8.6,0.15,0.32,20.0,240.0,0.28,3.78,0.28,2.88
123,8.5,0.16,0.25,23.0,254.0,0.24,4.26,0.42,2.54
124,8.37,0.1,0.16,26.0,282.0,0.26,2.98,0.36,3.26
125,8.6,0.12,0.19,38.0,310.0,0.32,3.26,0.4,3.8
126,8.6,0.1,0.23,26.0,296.0,0.28,3.78,0.28,2.82
127,8.4,0.11,0.21,31.0,381.0,0.32,3.42,0.26,3.2
128,8.3,0.14,0.18,33.0,353.0,0.28,3.78,0.42,4.48
129,8.4,0.12,0.25,26.0,226.0,0.26,2.98,0.36,3.26
130,8.1,0.12,0.21,38.0,381.0,0.32,3.26,0.4,3.8
131,8.4,0.1,0.3,26.0,353.0,0.28,3.78,0.28,2.82
132,8.4,0.11,0.29,31.0,226.0,0.32,3.42,0.26,3.2
133,8.1,0.15,0.21,33.0,226.0,0.28,3.78,0.42,4.48
134,8.0,0.1,0.27,49.0,310.0,0.32,3.24,0.32,3.28
135,8.9,0.13,0.21,51.0,353.0,0.28,3.78,0.26,3.4
136,8.7,0.15,0.29,54.0,282.0,0.32,3.4,0.32,2.8
137,8.7,0.12,0.12,46.0,325.0,0.42,3.42,0.423,3.78
138,8.6,0.14,0.19,44.0,353.0,0.28,3.78,0.36,4.2
139,8.7,0.1,0.23,41.0,296.0,0.26,2.92,0.4,4.1
140,8.6,0.13,0.2,38.0,367.0,0.32,3.2,0.26,3.78
141,8.5,0.13,0.18,36.0,381.0,0.44,3.42,0.26,3.9
142,8.5,0.12,0.29,33.0,254.0,0.4,3.8,0.32,3.42
143,8.6,0.15,0.32,31.0,296.0,0.28,2.98,0.28,3.64
144,8.4,0.15,0.26,28.0,353.0,0.32,3.42,0.3,4.32
145,8.7,0.12,0.22,26.0,381.0,0.24,3.1,0.42,4.82
146,8.6,0.1,0.35,20.0,409.0,0.32,2.92,0.28,3.4
147,8.6,0.16,0.16,18.0,367.0,0.26,2.42,0.32,4.26
148,8.7,0.11,0.19,15.0,296.0,0.38,3.28,0.26,4.78
149,8.5,0.16,0.27,18.0,282.0,0.42,4.2,0.32,4.1
150,8.5,0.14,0.21,20.0,254.0,0.28,3.78,0.28,2.88
151,8.3,0.24,0.32,23.0,353.0,0.24,4.26,0.42,2.54
152,8.3,0.3,0.25,26.0,339.0,0.26,2.98,0.36,3.26
153,8.2,0.31,0.2,38.0,296.0,0.32,3.26,0.4,3.8
154,7.8,0.56,0.17,26.0,240.0,0.28,3.78,0.28,2.82
155,7.8,0.5,0.26,31.0,268.0,0.32,3.42,0.26,3.2
156,8.1,0.49,0.39,33.0,296.0,0.28,3.78,0.42,4.48
157,8.0,0.56,0.31,26.0,240.0,0.28,3.78,0.28,2.82
158,8.1,0.5,0.26,31.0,268.0,0.32,3.42,0.26,3.2
159,8.1,0.71,0.21,33.0,296.0,0.28,3.78,0.42,4.48
160,7.9,0.54,0.29,20.0,367.0,0.42,2.42,0.26,3.8
161,8.1,0.51,0.32,26.0,296.0,0.28,2.92,0.28,4.1
162,8.2,0.3,0.11,46.0,310.0,0.36,3.1,0.46,2.86
163,8.3,0.32,0.14,41.0,395.0,0.38,2.9,0.54,3.14
164,8.3,0.3,0.3,29.0,310.0,0.44,2.42,0.38,3.78
165,8.3,0.3,0.19,27.0,296.0,0.28,3.42,0.22,3.6
166,8.1,0.32,0.15,45.0,282.0,0.32,3.1,0.36,4.26
167,8.3,0.35,0.18,42.0,409.0,0.26,3.48,0.3,4.7
168,8.2,0.56,0.11,23.0,452.0,0.4,2.88,0.24,2.98
169,8.5,0.27,0.13,28.0,381.0,0.74,3.2,0.28,3.5
170,8.7,0.27,0.19,23.0,480.0,0.38,3.94,0.44,4.14
171,8.1,0.31,0.22,26.0,395.0,0.72,2.24,0.4,4.9
172,8.4,0.42,0.18,39.0,240.0,0.38,2.8,0.54,3.28
173,8.2,0.58,0.13,43.0,381.0,0.46,3.18,0.36,4.5
174,8.1,0.41,0.19,28.0,339.0,0.44,3.58,0.28,4.7
175,8.4,0.36,0.1,48.0,282.0,0.36,3.9,0.44,2.98
176,8.6,0.33,0.22,39.0,240.0,0.3,2.98,0.4,3.26
177,8.4,0.51,0.18,28.0,212.0,0.28,2.8,0.28,4.18
178,8.3,0.47,0.14,38.0,240.0,0.22,3.24,0.44,2.9
179,8.5,0.45,0.11,26.0,268.0,0.42,3.78,0.4,3.36
180,8.2,0.56,0.16,31.0,254.0,0.3,3.5,0.36,4.78
181,8.6,0.53,0.21,28.0,339.0,0.42,3.1,0.28,2.78
182,8.7,0.53,0.14,26.0,317.0,0.44,2.9,0.28,4.12
183,8.4,0.39,0.13,23.0,367.0,0.26,3.8,0.32,4.78
184,8.4,0.57,0.19,26.0,240.0,0.32,2.42,0.28,3.8
185,8.1,0.38,0.18,20.0,296.0,0.28,2.92,0.32,3.54
186,8.0,0.52,0.28,23.0,353.0,0.38,3.18,0.24,2.98
187,8.2,0.7,0.11,28.0,321.0,0.28,3.24,0.36,3.56
188,8.3,0.58,0.18,26.0,367.0,0.26,3.1,0.22,4.7
189,8.3,0.37,0.24,20.0,313.0,0.36,2.9,0.38,2.88
190,8.5,0.25,0.21,18.0,310.0,0.34,3.18,0.48,3.8
191,8.6,0.29,0.18,325.0,254.0,0.38,3.9,0.4,2.94
192,8.3,0.29,0.19,41.0,269.0,0.22,3.1,0.42,4.4
193,8.3,0.24,0.33,15.0,325.0,0.3,2.42,0.36,4.7
194,8.4,0.54,0.17,18.0,296.0,0.26,1.46,0.22,5.26
195,8.1,0.41,0.18,15.0,423.0,0.32,3.4,0.44,4.18
196,8.2,0.36,0.19,36.0,296.0,0.28,2.5,0.32,3.8
197,8.8,0.36,0.15,15.0,339.0,0.28,3.1,0.26,4.4
198,8.4,0.32,0.21,23.0,240.0,0.34,1.9,0.38,5.9
199,8.4,0.31,0.19,20.0,268.0,0.26,2.9,0.42,2.82
200,8.3,0.4,0.14,28.0,282.0,0.32,2.62,0.32,3.42
201,8.1,0.27,0.22,10.0,381.0,0.32,3.1,0.28,3.9
202,8.5,0.28,0.27,20.0,268.0,0.28,3.58,0.38,4.4
203,8.4,0.34,0.36,18.0,240.0,0.3,3.6,0.54,4.18
204,8.2,0.32,0.28,23.0,240.0,0.24,3.2,0.28,2.98
205,8.3,0.31,0.31,3.0,226.0,0.36,2.48,0.52,3.58
206,8.5,0.3,0.27,28.0,268.0,0.44,2.76,0.36,2.7
207,8.4,0.31,0.25,10.0,381.0,0.32,2.6,0.44,3.24
208,8.4,0.28,0.36,20.0,268.0,0.28,2.84,0.4,3.96
209,8.0,0.32,0.18,18.0,240.0,0.3,3.1,0.36,4.26
210,8.8,0.33,0.29,23.0,240.0,0.24,2.12,0.46,4.78
211,8.6,0.32,0.21,3.0,226.0,0.36,2.42,0.28,3.4
212,8.4,0.34,0.34,28.0,268.0,0.44,3.24,0.46,4.36
213,8.5,0.7,0.38,20.0,268.0,0.26,2.82,0.36,4.9
214,8.3,0.64,0.44,20.0,367.0,0.28,2.94,0.42,2.78
215,8.2,0.51,0.26,13.0,353.0,0.3,2.46,0.24,4.26
216,8.8,0.6,0.29,23.0,268.0,0.2,2.82,0.32,4.78
217,8.7,0.71,0.31,20.0,325.0,0.32,3.18,0.28,4.1
218,8.4,0.42,0.27,18.0,325.0,0.28,2.88,0.36,2.98
219,8.5,0.55,0.24,23.0,367.0,0.2,2.44,0.46,3.26
220,8.7,0.32,0.19,15.0,423.0,0.32,2.98,0.4,4.2
221,8.8,0.46,0.24,36.0,296.0,0.28,3.26,0.4,4.18
222,8.2,0.17,0.42,26.0,289.0,0.36,3.26,0.26,4.4
223,8.5,0.15,0.19,41.0,329.0,0.3,3.78,0.3,3.86
224,8.3,0.16,0.27,64.0,343.0,0.24,3.4,0.24,3.2
225,8.6,0.11,0.36,56.0,308.0,0.38,2.98,0.44,3.64
226,8.3,0.1,0.21,46.0,367.0,0.26,3.24,0.36,3.1
227,8.5,0.16,0.35,33.0,269.0,0.36,3.78,0.42,2.98
228,8.5,0.16,0.24,28.0,367.0,0.44,4.1,0.28,4.26
229,8.3,0.21,0.17,46.0,408.0,0.4,2.9,0.36,3.9
230,8.4,0.24,0.24,38.0,467.0,0.3,3.18,0.28,2.46
231,8.4,0.17,0.18,28.0,339.0,0.22,3.26,0.44,3.28
232,8.6,0.14,0.31,51.0,325.0,0.36,3.1,0.4,3.52
233,8.2,0.19,0.26,31.0,357.0,0.28,2.7,0.28,3.94
234,8.3,0.28,0.31,64.0,369.0,0.34,3.16,0.36,4.26
235,8.5,0.2,0.24,61.0,301.0,0.22,3.7,0.42,4.9
236,8.4,0.47,0.19,46.0,247.0,0.38,2.98,0.58,2.98
237,8.2,0.53,0.24,33.0,368.0,0.42,3.16,0.38,3.26
238,8.4,0.26,0.3,23.0,267.0,0.28,2.74,0.3,3.7
239,8.5,0.28,0.23,56.0,301.0,0.36,3.26,0.36,2.98
240,8.7,0.17,0.28,49.0,369.0,0.44,3.58,0.44,4.52
241,8.6,0.15,0.3,41.0,411.0,0.28,3.16,0.38,3.2
242,8.1,0.64,0.41,54.0,325.0,0.34,3.28,0.28,3.7
243,8.2,0.1,0.22,46.0,296.0,0.28,4.2,0.32,2.98
244,8.8,0.22,0.19,61.0,353.0,0.36,3.1,0.26,4.4
245,8.3,0.16,0.25,56.0,226.0,0.42,3.42,0.4,3.28
246,8.6,0.13,0.24,67.0,241.0,0.28,3.8,0.28,3.52
247,8.6,0.11,0.31,49.0,325.0,0.26,2.94,0.36,3.1
248,8.5,0.17,0.23,38.0,353.0,0.34,3.72,0.42,2.98
249,8.3,0.25,0.19,41.0,381.0,0.36,2.94,0.3,4.24
250,8.1,0.23,0.17,56.0,401.0,0.38,3.86,0.26,3.5
251,8.2,0.24,0.24,38.0,461.0,0.24,3.54,0.37,2.46
252,8.1,0.19,0.24,47.0,349.0,0.26,2.5,0.52,4.78
253,8.4,0.23,0.18,43.0,287.0,0.38,3.88,0.48,4.68
254,8.6,0.24,0.2,48.0,340.0,0.34,3.36,0.6,5.6
255,8.5,0.28,0.22,36.0,308.0,0.4,3.44,0.58,5.62
256,8.1,0.25,0.16,51.0,321.0,0.24,3.88,0.44,5.44
257,8.3,0.31,0.18,39.0,288.0,0.26,3.76,0.4,5.68
258,8.4,0.33,0.22,43.0,312.0,0.32,2.9,0.46,5.44
259,8.2,0.29,0.24,36.0,348.0,0.4,3.88,0.48,5.78
260,8.5,0.32,0.2,44.0,298.0,0.38,3.44,0.58,5.88
261,8.4,0.28,0.22,51.0,288.0,0.36,2.98,0.52,6.4
262,8.1,0.27,0.16,39.0,291.0,0.32,3.64,0.4,6.48
263,8.2,0.25,0.2,28.0,349.0,0.28,3.88,0.42,6.4
264,8.6,0.43,0.18,36.0,369.0,0.24,3.44,0.52,5.76
265,8.1,0.34,0.24,47.0,309.0,0.38,3.6,0.62,5.68
266,8.7,0.4,0.22,38.0,312.0,0.32,3.78,0.6,5.44
267,8.6,0.31,0.16,42.0,311.0,0.4,3.46,0.52,5.6
268,8.4,0.58,0.14,39.0,298.0,0.26,3.44,0.6,6.88
269,8.0,0.27,0.18,28.0,328.0,0.24,3.46,0.6,6.44
270,8.9,0.46,0.2,42.0,298.0,0.38,3.7,0.58,6.52
271,8.6,0.23,0.22,36.0,312.0,0.4,3.44,0.44,6.4
272,8.0,0.77,0.1634,34.0,287.0,0.24,2.6,0.42,4.52
273,8.3,0.58,0.2,28.0,291.0,0.28,2.88,0.38,4.76
274,8.4,0.54,0.18,31.0,343.0,0.38,2.4,0.52,4.68
275,8.5,0.36,0.14,38.0,361.0,0.36,2.78,0.54,4.98
276,8.3,0.28,0.24,58.0,304.0,0.4,2.64,0.56,5.1
277,8.4,0.33,0.26,44.0,369.0,0.32,2.88,0.6,5.12
278,8.3,0.25,0.18,41.0,392.0,0.3,2.4,0.62,4.98
279,8.5,0.19,0.14,37.0,281.0,0.34,3.38,0.38,4.68
280,8.7,0.18,0.22,28.0,287.0,0.38,3.2,0.44,5.98
281,8.5,0.18,0.16,21.0,343.0,0.3,3.12,0.4,5.68
282,8.4,0.18,0.2,49.0,324.0,0.38,3.64,0.6,5.44
283,8.6,0.21,0.18,44.0,311.0,0.32,3.52,0.62,5.68
284,8.2,0.11,0.24,34.0,2.84,0.34,3.64,0.58,5.44
285,8.7,0.77,0.2,28.0,309.0,0.4,3.88,0.52,4.46
286,9.0,0.61,0.14,31.0,281.0,0.32,3.7,0.54,4.44
287,8.9,0.32,0.16,49.0,287.0,0.28,2.58,0.42,4.98
288,8.8,0.29,0.14,44.0,328.0,0.26,2.68,0.48,4.68
289,8.8,0.26,0.2,31.0,369.0,0.32,2.44,0.46,4.44
290,8.7,0.21,0.18,38.0,318.0,0.38,4.0,0.52,4.38
291,8.7,0.24,0.14,28.0,311.0,0.34,4.6,0.5,4.68
292,8.2,0.21,0.2,39.0,287.0,0.38,3.94,0.48,5.52
293,8.3,0.17,0.22,44.0,348.0,0.4,3.64,0.46,5.68
294,8.9,0.2,0.24,49.0,361.0,0.26,3.88,0.44,5.9
295,8.4,0.15,0.22,28.0,311.0,0.28,3.5,0.48,4.98
296,8.2,0.24,0.24,31.0,287.0,0.38,3.68,0.6,4.64
297,8.5,0.18,0.18,49.0,369.0,0.36,3.98,0.62,4.88
298,8.4,0.26,0.2,38.0,287.0,0.4,3.64,0.38,5.28
299,8.3,0.27,0.16,31.0,326.0,0.38,3.48,0.48,5.68
300,8.3,0.25,0.14,39.0,327.0,0.34,2.98,0.66,5.44
301,8.4,0.26,0.18,28.0,324.0,0.36,2.96,0.58,5.88
302,8.4,0.28,0.16,49.0,311.0,0.32,2.94,0.38,5.64
303,8.6,0.28,0.24,28.0,284.0,0.38,3.88,0.64,5.38
304,8.8,0.44,0.22,32.0,291.0,0.34,3.64,0.6,5.78
305,8.7,0.58,0.2,31.0,281.0,0.4,3.44,0.62,5.68
306,8.9,0.63,0.24,28.0,311.0,0.42,3.22,0.4,5.44
307,8.4,0.76,0.2,28.0,287.0,0.28,2.78,0.48,4.98
308,8.5,0.67,0.24,31.0,326.0,0.26,2.98,0.42,4.68
309,8.4,0.77,0.16,43.0,284.0,0.38,2.44,0.46,5.52
310,8.6,0.53,0.14,36.0,281.0,0.4,2.68,0.44,5.1
311,8.6,0.55,0.18,39.0,311.0,38.0,2.48,0.48,5.12
312,8.2,0.92,0.14,28.0,287.0,0.26,3.98,0.52,5.64
313,8.5,0.49,0.18,41.0,369.0,0.28,3.68,0.58,4.98
314,8.3,0.99,0.26,39.0,326.0,0.32,3.48,0.54,4.68
315,8.0,,0.24,42.0,344.0,0.38,3.68,0.56,4.46
316,8.2,1.15,0.22,41.0,284.0,0.36,3.98,0.54,4.68
317,8.0,1.84,0.2,44.0,327.0,0.4,3.68,0.6,5.1
318,8.2,1.25,0.24,37.0,281.0,0.38,3.46,0.62,5.1
319,8.5,0.26,0.26,41.0,311.0,0.36,3.68,0.68,5.18
320,8.6,0.61,0.38,48.0,326.0,0.26,3.46,0.58,5.68
321,8.6,0.35,0.24,39.0,309.0,0.24,2.98,0.48,6.1
322,8.8,0.19,0.18,47.0,281.0,0.38,2.68,0.46,5.1
323,8.6,0.18,0.16,42.0,312.0,0.36,2.44,0.58,5.68
324,8.4,0.76,0.2,28.0,287.0,0.28,2.78,0.48,4.98
325,8.5,0.67,0.24,31.0,326.0,0.26,2.98,0.42,4.68
326,8.4,0.77,0.16,43.0,284.0,0.38,2.44,0.46,5.52
327,8.6,0.53,0.14,36.0,281.0,0.4,2.68,0.44,5.1
328,8.6,0.55,0.18,39.0,311.0,38.0,2.48,0.48,5.12
329,8.2,0.92,0.14,28.0,287.0,0.26,3.98,0.52,5.64
330,8.5,0.49,0.18,41.0,369.0,0.28,3.68,0.58,4.98
331,8.3,0.99,0.26,39.0,326.0,0.32,3.48,0.54,4.68
332,8.0,,0.24,42.0,344.0,0.38,3.68,0.56,4.46
333,8.2,1.15,0.22,41.0,284.0,0.36,3.98,0.54,4.68
334,8.0,1.84,0.2,44.0,327.0,0.4,3.68,0.6,5.1
335,8.2,1.25,0.24,37.0,281.0,0.38,3.46,0.62,5.1
336,8.5,0.26,0.26,41.0,311.0,0.36,3.68,0.68,5.18
337,8.6,0.61,0.38,48.0,326.0,0.26,3.46,0.58,5.68
338,8.6,0.35,0.24,39.0,309.0,0.24,2.98,0.48,6.1
339,8.8,0.19,0.18,47.0,281.0,0.38,2.68,0.46,5.1
340,8.6,0.18,0.16,42.0,312.0,0.36,2.44,0.58,5.68
341,7.9,0.18,0.22,41.0,327.0,0.26,2.5,0.4,3.98
342,8.1,0.19,0.24,39.0,349.0,0.28,2.98,0.48,3.94
343,8.1,0.19,0.3,42.0,319.0,0.34,2.68,0.58,4.6
344,8.2,0.17,0.18,39.0,0.38,2.46,2.46,0.56,4.86
345,8.1,0.25,0.14,42.0,327.0,0.28,3.34,0.54,4.44
346,8.0,0.16,0.16,37.0,289.0,0.26,3.36,0.52,4.62
347,8.1,0.2,0.18,48.0,327.0,0.3,3.98,0.48,4.46
348,8.2,0.18,0.14,38.0,369.0,0.32,3.68,0.4,4.52
349,8.1,0.19,0.22,47.0,309.0,0.28,3.64,0.6,4.44
350,8.2,0.19,0.24,44.0,342.0,0.26,3.94,0.48,4.14
351,8.1,0.19,0.3,28.0,312.0,0.24,3.88,0.42,4.5
352,8.2,0.24,0.28,43.0,318.0,0.34,3.22,0.38,4.68
353,8.0,0.25,0.24,39.0,319.0,0.38,3.44,0.32,4.62
354,7.7,0.26,0.22,37.0,384.0,0.36,3.68,0.34,4.72
355,7.9,0.18,0.18,41.0,327.0,0.38,3.28,0.36,4.64
356,7.8,0.23,0.16,36.0,312.0,0.28,3.4,0.4,4.82
357,8.0,0.18,0.14,38.0,311.0,0.32,3.28,0.48,4.64
358,8.1,0.16,0.18,42.0,301.0,0.34,3.26,0.46,4.52
359,8.1,0.14,0.22,49.0,289.0,0.34,3.22,0.48,4.68
360,7.9,0.2,0.26,36.0,369.0,0.36,63.46,0.44,4.62
361,7.9,0.32,0.3,39.0,311.0,0.38,3.48,0.42,4.76
362,8.1,0.25,0.18,29.0,287.0,0.29,3.4,0.52,4.68
363,8.2,0.18,0.14,41.0,298.0,0.4,3.42,0.54,4.44
364,8.1,0.98,0.16,4.3,343.0,0.36,3.68,0.5,4.68
365,8.3,0.23,0.18,48.0,270.0,0.38,3.88,0.52,4.44
366,8.2,0.23,0.19,37.0,289.0,0.34,3.98,0.344,4.88
367,8.2,0.18,0.2,44.0,301.0,0.34,3.78,0.46,4.82
368,8.1,0.19,0.14,48.0,328.0,0.32,3.74,0.38,4.64
369,8.2,0.24,0.14,43.0,298.0,0.36,3.68,0.42,4.62
370,8.1,0.28,0.16,39.0,311.0,0.24,3.46,0.46,4.44
371,8.2,0.28,0.2,41.0,309.0,0.28,3.4,0.4,4.5
372,8.3,0.23,0.16,39.0,378.0,0.34,3.68,0.46,4.56
373,8.2,0.22,0.22,36.0,369.0,0.38,3.44,0.48,4.58
374,8.2,0.23,0.24,38.0,328.0,0.36,3.58,0.44,5.1
375,8.1,0.24,0.2,36.0,318.0,0.32,3.64,0.4,4.66
376,8.2,0.19,0.18,28.0,288.0,0.46,3.86,0.48,4.68
377,8.2,0.25,0.16,42.0,291.0,0.42,3.94,0.46,4.76
378,8.2,0.27,0.18,43.0,342.0,0.44,3.96,0.52,4.86
379,8.1,0.24,0.16,44.0,378.0,0.48,3.46,0.56,4.76
380,8.2,0.19,0.14,39.0,318.0,0.42,3.44,0.54,4.88
381,8.3,0.2,0.2,36.0,298.0,0.4,3.64,0.58,4.68
382,8.4,0.23,0.24,43.0,309.0,0.46,3.88,0.46,4.96
383,8.4,0.27,0.3,39.0,378.0,0.42,3.68,0.44,4.94
384,8.3,0.26,0.28,41.0,312.0,0.48,3.76,0.52,4.68
385,8.6,0.75,0.28,41.0,342.0,0.28,2.96,0.46,4.52
386,8.1,1.46,0.26,43.0,362.0,0.36,3.88,0.48,4.68
387,8.0,2.66,0.16,38.0,247.0,0.34,3.46,0.48,4.84
388,8.4,0.64,0.18,44.0,312.0,0.38,3.94,0.44,4.76
389,8.2,1.91,0.22,41.0,342.0,0.34,3.88,0.52,4.64
390,8.1,3.48,0.24,42.0,298.0,0.36,3.68,0.56,4.52
391,8.2,3.2,0.18,43.0,369.0,0.34,3.44,0.58,4.64
392,8.1,1.61,0.16,44.0,328.0,0.38,3.64,0.54,4.46
393,8.0,2.98,0.14,39.0,318.0,0.34,3.46,0.58,4.76
394,8.2,2.6,0.18,47.0,288.0,0.36,3.96,0.52,4.44
395,8.2,0.17,0.2,41.0,362.0,0.26,2.98,0.46,4.56
396,8.1,0.51,0.22,38.0,288.0,0.24,3.46,0.48,4.64
397,8.0,0.56,0.26,36.0,427.0,0.38,3.44,0.44,4.68
398,8.1,0.37,0.14,37.0,309.0,0.36,3.86,0.46,4.96
399,8.2,0.38,0.18,48.0,298.0,0.34,3.46,0.42,4.86
400,8.0,0.43,0.28,43.0,349.0,0.38,3.46,0.52,4.76
401,7.9,0.44,0.2,43.0,328.0,0.34,3.76,0.56,4.44
402,7.9,0.42,0.18,38.0,318.0,0.36,3.64,0.58,4.64
403,7.9,0.41,0.26,39.0,378.0,0.34,3.86,0.5,4.84
404,8.0,0.42,0.28,47.0,312.0,0.38,3.76,0.56,4.76
405,8.1,0.51,0.24,43.0,247.0,0.4,3.46,0.58,4.88
406,8.0,0.44,0.14,43.0,369.0,0.26,3.88,0.54,4.78
407,8.1,0.54,0.22,44.0,288.0,0.24,3.76,0.58,4.84
408,8.1,0.38,0.28,36.0,298.0,0.28,3.64,0.56,4.1
409,8.2,0.43,0.3,39.0,369.0,0.24,3.86,0.54,4.18
410,8.0,0.39,0.28,43.0,378.0,0.36,3.44,0.46,4.2
411,8.0,44.0,0.24,36.0,362.0,0.34,3.68,0.48,4.4
412,8.1,0.58,0.2,28.0,342.0,0.38,3.96,0.4,4.46
413,7.9,0.45,0.18,28.0,281.0,0.34,3.44,0.6,4.76
414,8.0,0.39,0.14,43.0,312.0,0.38,3.44,0.46,4.18
415,8.3,0.28,0.3,39.0,312.0,0.26,2.48,0.48,4.76
416,8.2,0.26,0.26,44.0,317.0,0.34,3.76,0.46,4.86
417,8.1,0.28,0.14,41.0,340.0,0.36,3.88,0.44,4.44
418,8.2,0.29,0.18,43.0,294.0,0.38,3.46,0.46,4.68
419,8.2,0.28,0.22,42.0,360.0,0.34,3.76,0.42,4.76
420,8.5,0.23,0.3,48.0,321.0,0.36,3.64,0.52,4.44
421,8.2,0.29,0.2,38.0,309.0,0.39,3.88,0.58,4.64
422,8.5,0.2,0.34,39.0,287.0,0.34,3.48,0.56,4.68
423,8.3,0.27,0.32,36.0,340.0,0.36,3.47,0.54,4.76
424,8.3,0.28,0.3,41.0,281.0,0.4,3.64,0.52,4.68
425,8.2,0.28,0.28,39.0,378.0,0.28,3.88,0.56,4.76
426,8.3,0.22,0.24,48.0,360.0,0.28,3.76,0.52,4.88
427,8.3,0.27,0.28,42.0,340.0,0.26,3.68,0.54,4.44
428,8.3,0.24,0.18,39.0,361.0,0.38,3.46,0.58,4.64
429,8.2,0.23,0.19,47.0,311.0,0.36,3.74,0.56,4.86
430,8.3,0.26,0.14,42.0,369.0,0.34,3.84,0.54,4.82
431,8.4,0.28,0.1,44.0,312.0,0.38,3.94,0.54,4.6
432,8.3,0.26,0.14,39.0,317.0,0.34,3.76,0.6,4.68
433,8.3,0.28,0.29,36.0,294.0,0.28,3.52,0.52,4.76
434,8.2,0.27,0.18,48.0,308.0,0.28,3.78,0.48,4.44
435,8.2,0.29,0.2,47.0,378.0,0.26,3.44,0.42,4.68
436,8.3,0.28,0.32,42.0,328.0,0.24,2.98,0.46,4.44
437,8.4,0.28,0.14,39.0,411.0,0.34,2.96,0.48,4.62
438,8.2,0.27,0.29,42.0,298.0,0.38,2.86,0.44,5.52
439,8.1,0.28,0.27,48.0,281.0,0.36,3.22,0.42,5.1
440,8.2,0.27,0.23,47.0,269.0,0.28,3.12,0.46,5.44
441,8.3,0.23,0.32,39.0,327.0,0.26,3.44,0.44,5.12
442,8.4,0.28,0.25,44.0,342.0,0.34,3.76,0.42,5.64
443,8.3,0.27,0.18,28.0,342.0,0.36,3.68,0.48,5.86
444,8.5,0.26,0.14,39.0,309.0,0.38,3.76,0.46,5.64
445,8.1,0.28,0.13,39.0,369.0,0.28,3.76,0.46,4.76
446,8.5,0.29,0.18,28.0,319.0,0.3,3.88,0.44,4.88
447,8.2,0.27,0.21,47.0,342.0,0.26,3.36,0.52,4.86
448,8.3,0.22,0.13,41.0,318.0,0.38,3.3,0.56,4.44
449,8.4,0.24,0.27,43.0,287.0,0.4,3.64,0.5,4.76
450,8.2,0.26,0.18,38.0,301.0,0.42,2.78,0.38,3.78
451,8.3,0.25,0.13,37.0,289.0,0.28,2.4,0.42,4.1
452,8.4,0.28,0.21,42.0,369.0,0.32,3.1,0.4,2.82
453,8.5,0.24,0.17,48.0,309.0,0.28,3.76,0.24,3.42
454,8.2,0.26,0.14,41.0,312.0,0.36,3.42,0.22,3.1
455,8.1,0.27,0.11,38.0,281.0,0.24,3.1,0.38,2.98
456,8.2,0.28,0.18,39.0,327.0,0.32,2.64,0.26,3.54
457,8.5,0.23,0.21,36.0,318.0,0.28,3.24,0.32,3.78
458,8.3,0.22,0.27,31.0,314.0,0.24,3.1,0.26,3.42
459,8.4,0.24,0.14,42.0,302.0,0.32,2.94,0.38,2.7
460,8.3,0.23,0.19,41.0,281.0,0.28,3.24,0.3,3.26
461,8.2,0.25,0.23,36.0,283.0,0.32,3.1,0.24,3.78
462,8.4,0.27,0.21,42.0,269.0,0.26,2.82,0.38,4.1
463,8.2,0.29,0.27,38.0,327.0,0.38,3.54,0.24,2.82
464,8.4,0.22,0.11,28.0,342.0,0.44,3.26,0.32,3.54
465,8.3,0.29,0.18,47.0,317.0,0.4,4.1,0.6,3.1
466,8.4,0.24,0.23,42.0,308.0,0.32,3.78,0.38,3.18
467,8.5,0.26,0.18,41.0,302.0,0.28,3.1,0.44,3.84
468,8.1,0.29,0.13,38.0,287.0,0.24,2.88,0.4,3.1
469,8.2,0.28,0.21,36.0,314.0,0.22,2.54,0.38,2.82
470,8.2,0.26,0.27,42.0,283.0,0.36,3.26,0.24,3.78
471,8.3,0.2,0.14,28.0,342.0,0.28,3.7,0.38,3.1
472,8.4,0.27,0.11,47.0,269.0,0.3,3.18,0.44,2.88
473,8.3,0.22,0.17,41.0,314.0,0.28,2.42,0.4,3.24
474,8.5,0.25,0.11,36.0,328.0,0.3,3.78,0.38,3.1
475,8.6,0.26,0.17,36.0,411.0,0.4,3.14,0.28,4.18
476,8.7,0.24,0.21,31.0,301.0,0.22,3.62,0.42,5.2
477,8.5,0.28,0.14,38.0,269.0,0.38,3.18,0.56,4.7
478,8.4,0.27,0.16,28.0,327.0,0.24,3.4,0.42,3.46
479,8.5,0.24,0.23,43.0,342.0,0.28,2.9,0.28,4.78
480,8.1,0.23,0.21,42.0,301.0,0.36,3.6,0.42,4.1
481,8.6,0.24,0.18,36.0,324.0,0.4,3.1,0.36,4.6
482,8.3,0.28,0.14,29.0,311.0,0.26,2.92,0.28,3.92
483,8.4,0.27,0.17,42.0,392.0,0.32,3.54,0.38,3.8
484,8.7,0.23,0.11,48.0,281.0,0.28,3.1,0.54,4.18
485,8.5,0.22,0.23,31.0,284.0,0.34,2.8,0.38,4.7
486,8.1,0.2,0.2,39.0,361.0,0.3,3.24,0.32,4.1
487,8.4,0.24,0.18,43.0,369.0,0.28,2.72,0.28,2.9
488,8.3,0.2,0.13,36.0,287.0,0.24,2.64,0.42,3.8
489,8.4,0.25,0.2,28.0,311.0,0.28,3.4,0.39,4.26
490,8.8,0.1,0.13,37.0,326.0,0.2,3.54,0.44,3.82
491,9.2,0.09,0.21,28.0,291.0,0.36,3.1,0.38,4.7
492,9.0,0.17,0.27,44.0,284.0,0.28,2.98,0.28,3.54
493,9.3,0.21,0.18,49.0,318.0,0.32,3.54,0.42,3.9
494,8.9,0.14,0.11,43.0,392.0,0.28,3.82,0.36,4.54
495,8.8,0.18,0.13,28.0,287.0,0.32,3.42,0.28,4.9
496,8.9,0.21,0.2,49.0,284.0,0.28,3.1,0.3,3.82
497,9.3,0.15,0.14,44.0,328.0,0.42,2.82,0.42,3.42
498,8.9,0.15,0.16,34.0,304.0,0.4,2.64,0.28,3.4
499,9.3,0.14,0.19,58.0,318.0,0.28,3.64,0.44,4.82
500,9.4,0.2,0.21,31.0,392.0,0.34,3.42,0.48,3.78
501,9.3,0.18,0.18,44.0,287.0,0.42,3.94,0.46,3.42
502,9.3,0.24,0.21,28.0,392.0,0.24,2.82,0.38,2.4
503,9.4,0.2,0.11,39.0,326.0,0.38,3.52,0.24,3.58
504,9.4,0.11,0.17,43.0,361.0,0.3,3.42,0.44,4.4
505,9.2,0.19,0.21,34.0,343.0,0.22,3.16,0.52,4.12
506,9.1,0.21,0.13,31.0,311.0,0.38,3.78,0.36,4.78
507,9.4,0.24,0.18,38.0,284.0,0.26,4.1,0.42,4.12
508,9.3,0.25,0.21,42.0,287.0,0.32,3.42,0.38,4.38
509,9.3,0.21,0.18,49.0,348.0,0.26,3.94,0.44,4.94
510,8.8,0.14,0.21,32.0,326.0,0.42,3.54,0.58,5.2
511,9.3,0.18,0.14,44.0,287.0,0.38,3.78,0.26,4.78
512,9.3,0.1,0.19,41.0,318.0,0.24,4.24,0.3,5.4
513,8.8,0.15,0.21,37.0,311.0,0.32,4.0,0.28,5.82
514,9.3,0.29,0.23,34.0,318.0,0.26,3.14,0.42,4.26
515,9.0,0.15,0.31,28.0,304.0,0.38,3.26,0.38,4.1
516,8.9,0.23,0.25,43.0,284.0,0.24,4.1,0.46,3.78
517,9.1,0.27,0.16,31.0,311.0,0.38,2.86,0.28,3.1
518,9.4,0.2,0.11,42.0,287.0,0.42,3.26,0.32,2.82
519,9.2,0.14,0.15,58.0,348.0,0.36,3.7,0.24,3.54
520,9.0,0.19,0.12,44.0,291.0,0.28,3.42,0.32,3.1
521,8.8,0.31,0.18,28.0,287.0,0.24,2.78,0.28,2.98
522,8.7,0.21,0.21,28.0,311.0,0.34,2.94,0.54,3.54
523,8.9,0.25,0.29,31.0,343.0,0.28,3.42,0.42,3.1
524,8.9,0.41,0.14,49.0,324.0,0.32,3.4,0.48,2.98
525,9.4,0.18,0.11,58.0,284.0,0.26,3.1,0.4,4.1
526,9.1,0.14,0.17,32.0,361.0,0.44,2.94,0.48,4.9
527,8.5,0.99,0.31,26.0,325.0,0.32,3.48,0.24,3.82
528,8.3,1.14,0.27,20.0,452.0,0.24,3.82,0.32,4.54
529,8.7,0.73,0.21,18.0,212.0,0.48,3.1,0.26,3.26
530,8.4,0.96,0.41,26.0,494.0,0.36,2.82,0.38,4.18
531,8.7,0.75,0.2,49.0,381.0,0.32,2.94,0.44,4.3
532,8.7,0.4,0.17,41.0,367.0,0.28,3.24,0.4,2.94
533,8.8,0.23,0.27,31.0,310.0,0.44,2.9,0.32,3.42
534,8.6,0.2,0.21,38.0,480.0,0.4,3.14,0.28,3.82
535,8.7,0.15,0.18,49.0,522.0,0.34,3.78,0.34,4.6
536,8.2,2.79,0.37,59.0,409.0,0.26,2.82,0.28,4.1
537,8.0,,0.23,41.0,367.0,0.32,3.54,0.36,2.82
538,8.4,3.29,0.21,33.0,480.0,0.28,3.1,0.3,2.42
539,8.5,4.08,0.37,51.0,310.0,0.4,2.82,0.28,3.28
540,8.9,1.15,0.28,28.0,268.0,0.28,3.54,0.44,4.72
541,9.1,0.31,0.19,20.0,437.0,0.22,3.78,0.26,3.26
542,8.6,0.78,0.25,46.0,579.0,0.36,2.98,0.32,3.92
543,8.0,1.1,0.2,38.0,452.0,0.3,3.4,0.28,4.7
544,8.7,1.7,0.18,54.0,381.0,0.28,3.18,0.34,4.18
545,8.9,0.91,0.32,61.0,296.0,0.36,2.98,0.26,2.92
546,9.1,0.38,0.28,46.0,254.0,0.3,3.26,0.32,3.54
547,8.6,1.4,0.21,41.0,310.0,0.28,3.44,0.22,3.24
548,8.8,1.1,0.36,33.0,423.0,0.24,2.56,0.28,3.18
549,8.0,0.29,0.25,28.0,466.0,0.2,3.54,0.38,4.18
550,8.4,0.81,0.42,20.0,367.0,0.28,3.1,0.24,2.94
551,9.2,0.13,0.18,18.0,296.0,0.24,3.24,0.42,3.64
552,9.1,0.1,0.21,61.0,423.0,0.36,2.98,0.22,4.32
553,8.9,0.14,0.13,41.0,212.0,0.44,3.5,0.28,4.8
554,8.8,0.11,0.15,33.0,409.0,0.32,3.26,0.34,2.82
555,8.9,0.18,0.25,26.0,494.0,0.28,3.7,0.3,5.54
556,9.1,0.11,0.1,51.0,466.0,0.24,2.98,0.26,3.1
557,9.0,0.17,0.17,38.0,240.0,0.22,2.7,0.34,2.88
558,8.7,0.1,0.21,26.0,268.0,0.38,3.34,0.46,4.26
559,8.9,0.18,0.16,23.0,423.0,0.28,3.48,0.4,4.7
560,9.2,0.23,0.19,46.0,508.0,0.32,3.1,0.28,5.26
561,9.1,0.15,0.21,38.0,409.0,0.26,3.24,0.32,3.74
562,9.1,0.13,0.24,18.0,381.0,0.28,2.28,0.28,3.92
563,8.9,0.24,0.17,23.0,282.0,0.34,3.28,0.36,4.12
564,8.8,0.21,31.0,31.0,452.0,0.32,3.4,0.24,4.8
565,8.9,0.17,0.11,46.0,367.0,0.3,3.72,0.42,3.78
566,9.4,0.16,0.19,33.0,282.0,0.28,2.48,0.26,3.42
567,9.2,0.11,0.21,28.0,310.0,0.36,3.24,0.32,3.6
568,9.0,0.18,0.15,23.0,409.0,0.34,3.6,0.28,2.52
569,9.1,0.1,0.27,49.0,480.0,0.3,3.78,0.44,3.78
570,8.6,0.23,0.21,38.0,310.0,0.22,3.1,0.4,3.54
571,8.8,0.27,0.18,26.0,423.0,0.28,2.84,0.28,3.42
572,8.8,0.1,0.11,23.0,254.0,0.32,3.18,0.32,3.8
573,9.0,0.16,0.19,56.0,367.0,0.38,2.88,0.48,4.42
574,9.4,0.27,0.23,44.0,480.0,0.24,2.94,0.38,3.64
575,9.0,0.2,0.15,23.0,282.0,0.26,3.42,0.32,4.9
576,8.9,0.15,0.21,36.0,466.0,0.32,2.76,0.28,3.82
577,9.4,0.13,0.18,20.0,494.0,0.2,3.28,0.42,4.18
578,9.5,0.29,0.4,41.0,254.0,0.36,3.5,0.38,3.56
579,9.0,0.18,0.18,49.0,423.0,0.38,2.82,0.28,3.92
580,9.4,0.14,0.11,61.0,508.0,0.26,3.78,0.32,4.84
581,9.4,0.18,0.4,44.0,325.0,0.32,3.12,0.26,3.12
582,9.1,0.13,0.23,67.0,381.0,0.28,2.98,0.38,3.48
583,8.9,0.21,0.18,28.0,409.0,0.4,3.46,0.42,4.46
584,9.2,0.27,0.21,20.0,452.0,0.26,3.24,0.38,3.82
585,9.0,0.2,0.18,18.0,367.0,0.32,3.78,0.42,3.1
586,8.9,0.17,0.11,26.0,494.0,0.28,3.54,0.28,2.82
587,9.1,0.11,0.14,28.0,452.0,0.36,3.26,0.32,3.54
588,9.0,0.15,0.17,41.0,508.0,0.42,2.8,0.28,3.18
589,9.2,0.2,0.21,61.0,367.0,0.38,3.18,0.36,2.82
590,9.0,0.18,0.18,44.0,310.0,0.42,2.82,0.42,3.6
591,8.3,0.08,0.4,31.0,409.0,0.32,3.4,0.26,3.1
592,8.3,0.1,0.13,20.0,296.0,0.26,2.72,0.38,4.72
593,8.4,0.08,0.22,18.0,396.0,0.38,3.58,0.44,3.8
594,8.2,0.09,0.18,23.0,466.0,0.4,3.8,0.4,4.26
595,8.0,0.12,0.14,31.0,367.0,0.26,2.46,0.38,2.94
596,8.0,0.09,0.18,38.0,325.0,0.32,3.4,0.28,3.56
597,8.2,0.09,0.11,46.0,423.0,0.28,2.88,0.32,4.26
598,8.4,0.07,0.19,59.0,296.0,0.32,3.54,0.28,4.7
599,8.6,0.09,0.23,64.0,480.0,0.28,3.1,0.32,2.88
600,8.8,0.11,0.2,41.0,395.0,0.24,2.82,0.26,3.26
601,8.8,0.13,0.17,26.0,367.0,0.36,3.78,0.28,4.18
602,8.2,0.21,0.14,20.0,310.0,0.4,4.1,0.4,4.7
603,8.7,0.18,0.15,33.0,437.0,0.26,3.1,0.44,3.7
604,8.1,0.21,0.23,49.0,367.0,0.38,2.42,0.26,2.82
605,8.5,0.18,0.13,59.0,325.0,0.32,3.26,0.32,3.42
606,8.6,0.15,0.17,38.0,452.0,0.26,3.1,0.28,3.42
607,8.5,0.21,0.21,31.0,310.0,0.38,4.26,0.32,4.78
608,8.3,0.29,0.27,23.0,409.0,0.22,3.28,0.28,3.56
609,8.0,0.17,0.15,18.0,480.0,0.36,3.54,0.34,3.8
610,8.6,0.15,0.22,33.0,395.0,0.42,2.58,0.3,2.78
611,8.5,0.11,0.31,49.0,325.0,0.38,3.1,0.28,3.26
612,8.4,0.14,0.14,67.0,296.0,0.28,2.98,0.36,3.8
613,8.2,0.19,0.19,31.0,381.0,0.32,3.26,0.3,3.42
614,8.3,0.21,0.23,23.0,480.0,0.4,3.78,0.26,4.18
615,8.5,0.28,0.21,44.0,282.0,0.28,4.12,0.38,4.52
616,8.7,0.19,0.15,36.0,254.0,0.32,3.7,0.3,3.72
617,8.4,0.14,0.13,44.0,480.0,0.26,2.42,0.26,3.42
618,8.6,0.15,0.27,23.0,508.0,0.38,3.1,0.38,3.94
619,8.4,0.21,0.21,18.0,437.0,0.24,2.94,0.24,4.34
620,8.2,0.23,0.18,26.0,282.0,0.32,3.54,0.38,3.78
621,8.0,0.18,0.14,28.0,325.0,0.26,3.64,0.32,4.78
622,8.4,0.15,0.11,46.0,296.0,0.3,3.18,0.26,3.56
623,8.5,0.11,0.19,41.0,254.0,0.28,3.54,0.38,3.78
624,8.7,0.24,0.21,33.0,437.0,0.32,3.92,0.24,3.92
625,8.1,0.1,0.24,28.0,480.0,0.28,3.18,0.38,3.18
626,8.2,0.13,0.2,26.0,381.0,0.22,3.42,0.38,3.78
627,8.4,0.28,0.15,69.0,282.0,0.38,2.78,0.32,3.26
628,8.1,0.13,0.18,49.0,325.0,0.3,3.54,0.28,3.54
629,8.6,0.21,0.22,41.0,254.0,0.24,2.72,0.34,3.8
630,8.4,0.11,0.13,33.0,423.0,0.26,3.12,0.38,3.42
631,8.1,0.19,0.27,20.0,296.0,0.38,3.8,0.38,3.78
632,8.7,0.41,0.2,31.0,381.0,0.42,2.84,0.42,4.54
633,8.3,0.21,0.31,26.0,310.0,0.26,3.26,0.24,3.64
634,8.5,0.15,0.13,18.0,395.0,0.38,3.42,0.38,3.28
635,8.7,0.12,0.21,23.0,480.0,0.4,2.98,0.48,4.24
636,8.1,0.18,0.18,44.0,381.0,0.22,3.78,0.26,4.7
637,8.6,0.21,0.15,33.0,254.0,0.28,3.4,0.38,3.28
638,8.4,0.18,0.19,31.0,339.0,0.32,3.54,0.28,3.92
639,8.3,0.23,0.22,26.0,409.0,0.28,2.96,0.3,3.78
640,8.2,0.17,0.27,46.0,381.0,0.3,2.88,0.28,4.28
641,8.7,0.26,0.16,33.0,296.0,0.26,3.54,0.32,4.1
642,8.4,0.1,0.13,51.0,437.0,0.38,3.78,0.38,2.93
643,8.6,0.16,0.21,31.0,494.0,0.28,4.1,0.26,3.28
644,8.5,0.11,0.18,23.0,282.0,0.32,3.82,0.38,3.1
645,8.3,0.23,0.11,38.0,494.0,0.28,3.54,0.3,2.54
646,8.0,0.16,0.319,46.0,367.0,0.4,2.72,0.28,3.58
647,8.5,0.29,0.27,54.0,296.0,0.34,2.84,0.42,3.4
648,8.1,0.23,0.37,61.0,310.0,0.26,3.24,0.36,3.4
649,8.4,0.18,0.26,41.0,437.0,0.38,3.78,0.342,2.48
650,8.7,0.29,0.21,33.0,296.0,0.3,2.98,0.38,3.56
651,8.4,0.21,0.16,26.0,437.0,0.22,2.74,0.22,3.78
652,8.3,0.13,0.11,18.0,268.0,0.28,2.76,0.36,4.24
653,8.0,0.27,0.19,23.0,310.0,0.32,2.94,0.3,3.1
654,8.7,0.2,0.18,21.0,452.0,0.26,3.26,0.28,2.42
655,8.9,0.12,0.14,46.0,480.0,0.26,3.84,0.42,3.78
656,8.6,0.18,0.21,41.0,296.0,0.38,3.7,0.24,3.4
657,8.5,0.14,0.27,26.0,254.0,0.24,4.1,0.36,2.98
658,8.8,0.11,0.2,31.0,494.0,0.32,3.7,0.4,3.54
659,8.1,0.28,0.15,20.0,381.0,0.26,3.54,0.38,3.1
660,8.5,0.31,0.26,48.0,282.0,0.34,2.8,0.269,2.92
661,8.7,0.27,0.2,59.0,339.0,0.3,3.24,0.38,3.42
662,8.6,0.18,0.28,64.0,409.0,0.28,3.8,0.28,3.4
663,8.9,0.38,0.18,51.0,282.0,0.42,3.78,0.44,4.36
664,8.7,0.21,0.17,67.0,381.0,0.28,2.902,0.26,2.88
665,8.8,0.12,0.14,61.0,423.0,0.32,3.54,0.44,2.74
666,8.6,0.17,0.1,59.0,480.0,0.26,3.1,0.28,3.26
667,8.8,0.27,0.19,51.0,325.0,0.34,3.64,0.26,4.1
668,8.3,0.18,0.26,46.0,381.0,0.44,3.78,0.38,2.82
669,8.1,0.07,0.21,46.0,296.0,0.22,3.46,0.44,4.12
670,8.4,0.16,0.18,23.0,381.0,0.28,2.82,0.36,4.62
671,8.6,0.08,0.37,28.0,353.0,0.34,3.4,0.28,3.94
672,8.2,0.06,0.41,49.0,409.0,0.24,3.78,0.32,3.12
673,8.0,0.08,0.18,44.0,353.0,0.2,3.2,0.28,3.78
674,8.7,0.08,0.11,61.0,409.0,0.4,2.94,0.36,3.42
675,8.8,0.11,0.15,46.0,494.0,0.26,3.26,0.42,4.4
676,8.1,0.12,0.21,33.0,310.0,0.32,3.78,0.28,3.24
677,8.5,0.1,0.13,26.0,466.0,0.26,3.42,0.38,3.42
678,8.3,0.21,0.17,49.0,437.0,0.24,2.8,0.42,3.78
679,8.1,0.14,0.22,67.0,381.0,0.26,2.42,0.34,3.54
680,8.5,0.19,0.14,44.0,296.0,0.32,3.78,0.28,3.1
681,8.7,0.21,0.09,28.0,494.0,0.28,3.42,0.32,2.98
682,8.6,0.16,0.15,41.0,52.0,0.34,2.98,0.28,4.24
683,8.3,0.14,0.13,33.0,423.0,0.3,3.54,0.44,3.78
684,8.8,0.11,0.1,61.0,367.0,0.26,3.4,0.4,4.1
685,8.0,0.18,0.21,36.0,310.0,0.38,2.88,0.28,4.78
686,8.5,0.31,0.18,23.0,409.0,0.42,2.78,0.38,4.1
687,8.1,0.18,0.11,44.0,452.0,0.34,3.78,0.42,4.78
688,8.9,0.13,0.13,28.0,325.0,0.26,3.94,0.38,3.24
689,8.3,0.27,0.24,23.0,508.0,0.38,4.1,0.26,3.1
690,8.6,0.21,0.14,51.0,466.0,0.42,2.98,0.54,2.88
691,8.1,0.16,0.17,36.0,310.0,0.34,3.26,0.32,3.24
692,8.4,0.11,0.21,28.0,466.0,0.3,3.4,0.24,3.42
693,8.7,0.32,0.11,31.0,268.0,0.28,3.2,0.38,2.82
694,8.6,0.19,0.19,28.0,310.0,0.36,3.64,0.28,3.78
695,8.3,0.14,0.24,33.0,367.0,0.44,3.1,0.3,3.1
696,8.9,0.19,0.21,41.0,296.0,0.28,2.98,0.24,2.46
697,8.6,0.27,0.16,26.0,395.0,0.22,3.26,0.36,3.28
698,8.2,0.21,0.14,20.0,262.0,0.36,3.78,0.42,3.7
699,8.4,0.18,0.11,38.0,381.0,0.3,2.96,0.38,2.88
700,8.7,0.13,0.17,33.0,296.0,0.22,3.24,0.44,3.64
701,8.6,0.27,0.31,54.0,409.0,0.28,3.84,0.28,2.74
702,8.5,0.17,0.21,31.0,437.0,0.24,2.92,0.32,3.1
703,8.8,0.41,0.18,18.0,395.0,0.36,3.18,0.28,2.96
704,8.7,0.29,0.14,33.0,381.0,0.24,3.7,0.28,2.9
705,8.3,0.24,0.11,49.0,282.0,0.32,2.98,0.44,3.24
706,8.5,0.18,0.18,28.0,423.0,0.28,2.42,0.36,3.78
707,8.4,0.22,0.21,20.0,452.0,0.3,2.78,0.48,4.18
708,8.8,0.18,0.15,41.0,367.0,0.32,3.64,0.42,3.82
709,8.7,0.32,0.11,44.0,310.0,0.24,2.82,0.28,2.94
710,8.6,0.41,0.13,23.0,437.0,0.38,3.2,0.3,3.1
711,8.3,0.27,0.21,18.0,466.0,0.4,3.1,0.24,2.76
712,8.1,0.21,0.17,41.0,395.0,0.24,2.98,0.32,3.18
713,8.5,0.14,0.11,28.0,480.0,0.36,3.24,0.44,2.44
714,8.6,0.13,0.19,33.0,325.0,0.28,3.84,0.28,2.74
715,8.7,0.22,0.17,59.0,409.0,0.24,2.92,0.32,3.1
716,8.5,0.18,0.11,64.0,437.0,0.36,3.18,0.28,2.96
717,8.6,0.13,0.16,51.0,466.0,0.3,2.46,0.46,3.82
718,8.7,0.21,0.22,33.0,268.0,0.24,2.78,0.32,3.7
719,8.3,0.18,0.14,18.0,452.0,0.38,3.1,0.24,3.98
720,8.5,0.13,0.17,67.0,268.0,0.3,2.46,0.36,3.78
721,8.6,0.21,0.14,49.0,310.0,0.24,3.2,0.3,2.94
722,8.7,0.18,0.21,41.0,423.0,0.38,3.4,0.46,3.98
723,8.6,0.17,0.27,41.0,381.0,0.28,3.42,0.42,4.78
724,8.5,0.31,0.18,26.0,325.0,0.32,3.8,0.38,3.58
725,8.8,0.21,0.21,20.0,409.0,0.26,3.18,0.346,3.4
726,8.6,0.18,0.19,23.0,339.0,0.3,2.8,0.32,3.62
727,8.7,0.14,0.16,31.0,296.0,0.28,3.56,0.44,3.1
728,8.6,0.14,0.15,36.0,367.0,0.36,3.42,0.38,3.28
729,8.2,0.11,0.13,26.0,310.0,0.3,3.18,0.24,2.56
730,8.9,0.24,0.18,38.0,268.0,0.28,2.82,0.36,3.98
731,8.8,0.16,0.21,20.0,409.0,0.34,2.46,0.42,3.28
732,8.3,0.1,0.13,36.0,452.0,0.26,3.54,0.38,4.1
733,8.5,0.31,0.19,28.0,339.0,0.3,3.26,0.26,2.62
734,8.7,0.24,0.27,41.0,381.0,0.42,3.18,0.378,3.46
735,8.4,0.21,0.21,67.0,310.0,0.26,3.54,0.28,3.78
736,8.6,0.17,0.19,59.0,409.0,0.38,3.18,0.42,3.1
737,8.9,0.23,0.17,51.0,466.0,0.32,2.86,0.28,2.48
738,8.3,0.2,0.18,28.0,381.0,0.24,3.58,0.38,3.54
739,8.5,0.16,0.21,31.0,325.0,0.28,3.4,0.28,3.78
740,8.1,0.19,0.23,69.0,268.0,0.32,2.46,0.32,3.26
741,8.6,0.27,0.19,44.0,310.0,0.26,2.78,0.48,3.48
742,8.4,0.25,0.21,33.0,423.0,0.32,3.82,0.4,4.76
743,8.2,0.18,0.14,23.0,466.0,0.24,3.18,0.24,4.1
744,8.3,0.26,0.17,72.0,508.0,0.36,2.82,0.38,4.28
745,8.0,0.11,0.21,31.0,381.0,0.3,3.4,0.26,3.7
746,8.6,0.14,0.27,23.0,314.0,0.38,2.748,0.48,2.48
747,8.7,0.1,0.23,41.0,310.0,0.24,3.18,0.26,3.24
748,8.3,0.29,0.19,28.0,381.0,0.36,2.92,0.38,3.18
749,8.2,0.21,0.29,23.0,339.0,0.28,3.46,0.44,4.28
750,8.5,0.18,0.18,41.0,423.0,0.34,3.2,0.4,4.7
751,8.4,0.14,0.17,26.0,409.0,0.24,3.82,0.26,3.56
752,8.1,0.26,0.25,67.0,452.0,0.32,4.1,0.38,3.9
753,8.7,0.31,0.16,28.0,494.0,0.24,4.6,0.3,4.28
754,8.3,0.27,0.21,67.0,339.0,0.26,3.98,0.26,4.1
755,8.2,0.21,0.26,33.0,437.0,0.36,3.54,0.38,3.62
756,8.4,0.19,0.18,49.0,550.0,0.3,3.26,0.3,3.78
757,8.5,0.23,0.23,61.0,395.0,0.24,3.78,0.28,3.68
758,8.6,0.31,0.2,46.0,395.0,0.26,3.2,0.32,3.7
759,8.4,0.27,0.17,69.0,508.0,0.38,4.26,0.26,4.26
760,8.3,0.18,0.23,31.0,339.0,0.3,4.78,0.38,4.36
761,8.2,0.1,0.21,51.0,395.0,0.24,4.1,0.44,4.78
762,8.4,0.14,0.37,59.0,480.0,0.32,2.98,0.36,3.1
763,8.7,0.19,0.31,26.0,339.0,0.26,3.54,0.42,2.42
764,8.1,0.22,0.29,20.0,325.0,0.32,3.18,0.38,2.78
765,8.6,0.16,0.31,18.0,409.0,0.38,3.2,0.42,3.54
766,8.5,0.29,0.24,33.0,437.0,0.24,3.78,0.36,3.18
767,8.3,0.21,0.29,44.0,395.0,0.36,4.1,0.44,4.26
768,8.7,0.09,0.13,36.0,353.0,0.26,2.5,0.38,4.376
769,8.5,1.28,0.401,41.0,381.0,0.28,3.38,0.38,4.68
770,8.7,1.92,0.39,69.0,423.0,0.3,3.44,0.48,4.58
771,8.9,0.35,0.18,44.0,409.0,0.34,3.76,0.52,4.76
772,8.8,0.1,0.11,59.0,480.0,0.26,3.86,0.56,5.52
773,8.9,0.09,0.15,72.0,367.0,0.28,3.44,0.58,5.64
774,8.8,0.09,0.2,41.0,310.0,0.4,2.98,0.6,5.68
775,8.8,0.1,0.14,33.0,423.0,0.38,2.9,0.66,5.76
776,8.6,0.12,0.11,46.0,268.0,0.36,3.32,0.52,5.44
777,8.9,0.07,0.19,28.0,452.0,0.24,3.18,0.38,5.68
778,8.7,0.08,0.27,31.0,494.0,0.38,2.76,0.48,5.68
779,8.8,0.13,0.12,23.0,282.0,0.34,2.46,0.44,5.98
780,8.8,0.09,0.18,46.0,381.0,0.4,2.58,0.42,5.9
781,8.7,0.21,0.14,31.0,437.0,0.42,3.46,0.46,5.68
782,8.7,0.18,0.22,44.0,452.0,0.38,3.48,0.48,5.44
783,8.6,0.14,0.319,28.0,508.0,0.26,3.76,0.4,5.68
784,8.5,0.11,0.21,23.0,367.0,0.28,3.88,0.46,5.48
785,8.8,0.23,0.14,36.0,310.0,0.24,3.76,0.44,5.64
786,8.8,0.27,0.13,20.0,296.0,0.36,3.96,0.48,5.68
787,8.9,0.14,0.27,51.0,437.0,0.34,3.78,0.38,5.96
788,8.8,0.17,0.21,69.0,310.0,0.32,3.46,0.52,5.88
789,8.7,0.29,0.18,41.0,480.0,0.28,3.64,0.58,5.64
790,9.0,0.18,0.14,38.0,409.0,0.26,3.88,0.54,5.68
791,9.1,0.13,0.13,36.0,268.0,0.3,3.98,0.56,5.98
792,9.3,0.27,0.18,31.0,423.0,0.32,3.76,0.38,5.46
793,9.1,0.2,0.18,23.0,310.0,0.34,3.46,0.48,5.46
794,9.1,0.15,0.11,28.0,494.0,0.36,3.68,0.36,5.32
795,9.0,0.19,0.19,49.0,508.0,0.38,3.46,0.48,5.76
796,9.1,0.24,0.21,36.0,381.0,0.3,3.64,0.44,5.68
797,9.2,0.1,0.18,59.0,296.0,0.32,3.98,0.5,5.96
798,9.2,0.15,0.14,23.0,381.0,0.38,2.98,0.48,4.7
799,9.1,0.11,0.16,51.0,325.0,0.36,2.96,0.46,4.76
800,9.1,0.26,0.11,46.0,296.0,0.34,2.88,0.4,4.88
801,8.8,0.1,0.27,38.0,409.0,0.44,2.76,0.48,4.64
802,9.1,0.17,0.21,54.0,353.0,0.36,2.54,0.52,4.76
803,8.6,0.12,0.37,33.0,381.0,0.42,3.1,0.42,3.76
804,8.1,0.18,0.21,41.0,339.0,0.3,2.82,0.36,2.88
805,8.5,0.31,0.32,31.0,423.0,0.28,3.42,0.58,2.74
806,8.3,0.23,0.23,26.0,282.0,0.24,3.18,0.44,3.42
807,8.7,0.29,0.18,23.0,310.0,0.22,3.62,0.4,3.86
808,8.4,0.18,0.17,46.0,395.0,0.38,3.4,0.48,3.1
809,8.9,0.17,0.14,56.0,423.0,0.36,2.88,0.42,4.78
810,9.1,0.21,0.19,44.0,466.0,0.3,3.56,0.38,4.1
811,8.7,0.14,0.27,38.0,367.0,0.24,3.48,0.38,2.98
812,8.4,0.17,0.18,51.0,282.0,0.38,3.1,0.42,3.24
813,8.9,0.11,0.23,28.0,381.0,0.36,3.54,0.28,3.78
814,8.6,0.19,0.18,46.0,310.0,0.42,3.26,0.36,4.82
815,8.7,0.26,0.17,31.0,395.0,0.28,2.82,0.42,3.1
816,8.9,0.31,0.13,51.0,296.0,0.38,3.1,0.4,2.82
817,8.4,0.27,0.21,59.0,423.0,0.26,2.94,0.44,3.42
818,8.3,0.38,0.23,41.0,466.0,0.42,3.54,0.46,3.1
819,8.6,0.19,0.18,23.0,310.0,0.28,3.8,0.4,3.42
820,8.7,0.21,0.14,46.0,381.0,0.48,,0.48,3.86
821,8.7,0.18,0.19,59.0,339.0,0.26,3.78,0.38,3.4
822,8.6,0.16,0.29,67.0,423.0,0.48,4.1,0.28,4.78
823,8.3,0.17,0.22,51.0,339.0,0.28,2.76,0.48,4.58
824,8.5,0.21,0.13,64.0,381.0,0.38,2.88,0.52,4.68
825,8.6,0.14,0.27,49.0,296.0,0.36,2.98,0.5,4.98
826,8.6,0.11,0.21,38.0,254.0,0.34,2.64,0.56,4.64
827,8.4,0.19,0.18,31.0,437.0,0.38,2.76,0.6,5.76
828,8.9,0.21,0.14,44.0,452.0,0.3,2.9,0.62,5.64
829,8.4,0.18,0.11,36.0,480.0,0.26,2.46,0.44,6.42
830,8.8,0.12,0.29,64.0,367.0,0.42,3.46,0.38,5.98
831,8.5,0.19,0.18,23.0,310.0,0.38,3.88,0.46,5.64
832,8.33,0.24,0.13,28.0,395.0,0.36,3.96,0.48,5.24
833,8.7,0.2,0.22,31.0,353.0,0.4,3.64,0.52,5.38
834,8.9,0.15,0.11,44.0,409.0,0.36,3.44,0.58,5.3
835,9.0,0.27,0.19,33.0,310.0,0.26,3.6,0.56,5.38
836,8.7,0.17,0.13,28.0,282.0,0.4,3.76,0.6,5.4
837,8.8,0.14,0.22,38.0,423.0,0.48,3.68,0.62,5.42
838,8.7,0.19,0.16,31.0,268.0,0.4,3.44,0.58,5.38
839,8.6,0.21,0.29,23.0,437.0,0.42,3.2,0.52,5.52
840,8.3,0.23,0.21,28.0,254.0,0.38,2.34,0.56,3.98
841,8.5,0.21,0.15,26.0,240.0,0.36,2.98,0.64,4.54
842,8.3,0.15,0.11,56.0,409.0,0.34,3.34,0.38,4.56
843,8.2,0.18,0.19,31.0,452.0,0.38,3.18,0.52,4.76
844,8.6,0.23,0.27,28.0,466.0,0.26,3.14,0.54,4.68
845,8.7,0.14,0.21,46.0,508.0,0.28,3.16,0.56,4.88
846,8.7,0.17,0.18,54.0,352.0,0.26,3.48,0.44,4.98
847,8.4,0.14,0.17,69.0,254.0,0.32,3.64,0.48,4.6
848,8.1,0.11,0.21,28.0,452.0,0.38,3.76,0.42,4.9
849,8.7,0.21,0.13,33.0,282.0,0.34,3.64,0.46,4.92
850,8.6,0.18,0.19,23.0,296.0,0.3,3.88,0.4,4.68
851,8.8,0.29,0.27,26.0,536.0,0.36,3.22,0.48,4.9
852,8.4,0.34,0.21,36.0,395.0,0.4,3.32,0.46,5.18
853,8.7,0.14,0.11,23.0,310.0,0.38,2.98,0.48,4.98
854,9.0,0.17,0.14,38.0,409.0,0.28,3.46,0.46,4.68
855,8.9,0.24,0.17,49.0,353.0,0.36,3.88,0.38,4.76
856,8.7,0.21,0.2,41.0,268.0,0.34,3.76,0.32,4.88
857,8.6,0.18,0.19,28.0,268.0,0.38,3.46,0.52,5.1
858,8.5,0.16,0.16,23.0,353.0,0.4,3.88,0.54,5.18
859,8.8,0.14,0.13,41.0,452.0,0.36,3.44,0.6,5.34
860,8.5,0.11,0.11,51.0,480.0,0.32,3.98,0.38,5.36
861,8.4,0.19,0.19,44.0,395.0,0.32,3.76,0.42,5.38
862,8.8,0.21,0.27,26.0,325.0,0.34,3.64,0.48,5.1
863,8.9,0.27,0.21,31.0,437.0,0.34,3.88,0.56,4.98
864,8.6,0.21,0.21,44.0,339.0,0.38,3.46,0.38,4.76
865,8.5,0.18,0.13,33.0,296.0,0.28,3.64,0.36,3.98
866,8.4,0.14,0.18,56.0,466.0,0.26,3.46,0.48,4.2
867,8.7,0.17,0.23,67.0,494.0,0.38,3.88,0.44,4.76
868,8.6,0.21,0.2,49.0,381.0,0.34,3.44,0.56,4.98
869,8.7,0.16,0.12,31.0,296.0,0.3,3.76,0.58,4.68
870,8.7,0.11,0.13,28.0,508.0,0.42,3.68,0.6,4.76
871,8.8,0.19,0.24,23.0,310.0,0.36,3.46,0.54,4.64
872,8.9,0.24,0.16,36.0,452.0,0.34,3.96,0.52,4.88
873,8.34,0.15,0.14,51.0,339.0,0.26,2.98,0.42,4.68
874,8.7,0.1,0.17,64.0,381.0,0.28,2.76,0.6,4.76
875,8.8,0.09,0.22,49.0,296.0,0.32,2.46,0.62,4.88
876,8.5,0.13,0.13,38.0,254.0,0.38,3.46,0.58,4.64
877,8.7,0.09,0.19,31.0,437.0,0.4,3.88,0.56,4.98
878,8.8,0.11,0.22,44.0,452.0,0.38,3.96,0.52,5.1
879,8.8,0.13,0.18,36.0,480.0,0.26,3.64,0.56,5.64
880,8.8,0.24,0.16,64.0,367.0,0.28,3.46,0.54,5.54
881,8.6,0.12,0.13,23.0,310.0,0.32,3.88,0.5,5.88
882,8.7,0.07,0.27,28.0,395.0,0.36,3.76,0.48,5.64
883,8.9,0.13,0.15,31.0,353.0,0.34,3.64,0.48,5.64
884,8.8,0.08,0.19,44.0,409.0,0.38,3.46,0.58,5.76
885,9.0,0.14,0.21,33.0,310.0,0.46,3.64,0.56,5.64
886,8.7,0.16,0.29,28.0,282.0,0.4,3.88,0.54,5.88
887,8.7,0.15,0.18,38.0,423.0,0.38,3.46,0.58,5.64
888,8.9,0.08,0.13,31.0,268.0,0.34,3.44,0.52,5.8
889,9.0,0.13,0.2,23.0,437.0,0.32,3.76,0.56,5.76
890,9.2,0.15,0.11,28.0,254.0,0.38,3.64,0.54,5.64
891,9.1,0.14,0.18,26.0,240.0,0.28,3.88,0.56,5.3
892,9.0,0.09,0.27,56.0,409.0,0.26,3.98,0.54,4.38
893,8.6,0.11,0.2,31.0,452.0,0.34,3.64,0.56,4.98
894,8.7,0.08,0.18,28.0,466.0,0.38,3.88,0.52,4.96
895,8.8,0.17,0.11,46.0,508.0,0.36,3.76,0.5,4.68
896,8.9,0.14,0.13,54.0,352.0,0.28,3.46,0.52,4.66
897,8.6,0.09,0.21,69.0,254.0,0.26,3.76,0.58,4.56
898,8.7,0.18,0.17,28.0,452.0,0.34,3.64,0.48,4.88
899,8.7,0.13,0.14,33.0,282.0,0.4,3.6,0.46,4.76
900,8.9,0.11,0.19,23.0,296.0,0.38,3.1,0.6,5.1
901,9.1,0.17,0.22,26.0,536.0,0.36,3.14,0.52,5.18
902,9.0,0.1,0.18,36.0,395.0,0.34,3.18,0.48,5.76
903,8.6,0.08,0.1,23.0,310.0,0.28,2.98,0.4,4.76
904,8.7,0.17,0.14,38.0,409.0,0.26,2.64,0.48,4.68
905,8.7,0.17,0.21,49.0,353.0,0.36,2.88,0.46,4.98
906,8.9,0.14,0.1,41.0,268.0,0.38,2.68,0.58,4.96
907,9.1,0.13,0.19,28.0,268.0,0.34,3.44,0.56,4.68
908,9.0,0.19,0.24,23.0,353.0,0.36,3.64,0.54,5.64
909,8.4,0.21,0.21,41.0,452.0,0.4,3.6,0.5,5.6
910,8.5,0.23,0.18,51.0,480.0,0.38,3.88,0.56,5.44
911,8.7,0.18,0.21,44.0,395.0,0.36,3.64,0.54,5.64
912,8.7,0.27,0.17,26.0,325.0,0.38,3.76,0.64,5.88
913,8.9,0.21,0.14,31.0,437.0,0.32,3.64,0.6,5.6
914,9.0,0.15,0.16,44.0,339.0,0.36,3.88,0.54,5.64
915,8.4,0.13,0.29,33.0,296.0,0.34,3.98,0.52,5.76
916,8.6,0.2,0.16,56.0,466.0,0.3,3.64,0.4,5.6
917,8.7,0.18,0.12,67.0,494.0,0.36,3.88,0.42,5.88
918,8.3,0.29,0.14,49.0,381.0,0.34,3.98,0.48,5.64
919,8.2,0.16,0.19,31.0,296.0,0.36,3.8,0.46,5.76
920,8.8,0.21,0.22,28.0,508.0,0.34,3.48,0.44,5.64
921,8.6,0.17,0.16,23.0,310.0,0.38,3.64,0.52,5.6
922,8.7,0.21,0.29,36.0,452.0,0.36,3.68,0.58,5.68
923,8.2,0.11,0.24,36.0,339.0,0.28,3.48,0.48,4.98
924,8.4,0.13,0.14,51.0,296.0,0.26,3.76,0.46,4.68
925,8.6,0.19,0.11,59.0,282.0,0.32,3.64,0.44,5.1
926,8.1,0.11,0.19,41.0,395.0,0.36,3.86,0.46,5.34
927,8.7,0.1,0.21,54.0,437.0,0.4,3.64,0.52,5.38
928,8.8,0.13,0.13,33.0,339.0,0.28,3.76,0.5,5.36
929,8.6,0.18,0.18,38.0,409.0,0.3,3.64,0.56,5.46
930,8.5,0.13,0.14,49.0,296.0,0.42,3.88,0.54,5.68
931,8.3,0.17,0.11,28.0,381.0,0.36,3.84,0.6,5.66
932,8.4,0.24,0.21,20.0,339.0,0.34,3.64,0.64,5.76
933,8.4,0.15,0.26,26.0,409.0,0.24,3.6,0.6,5.68
934,8.9,0.11,0.21,23.0,480.0,0.28,3.76,0.58,5.68
935,8.8,0.19,0.13,41.0,325.0,0.38,3.64,0.52,5.96
936,8.7,0.21,0.24,36.0,296.0,0.36,3.44,0.5,5.9
937,8.7,0.26,0.21,23.0,437.0,0.34,3.76,0.48,5.68
938,8.5,0.18,0.14,46.0,480.0,0.32,3.88,0.46,5.1
939,8.6,0.14,0.11,56.0,494.0,0.28,3.4,0.5,5.18
940,8.8,0.16,0.19,23.0,310.0,0.26,3.64,0.56,5.14
941,8.7,0.21,0.18,18.0,353.0,0.38,3.66,0.54,5.16
942,8.9,0.39,0.21,51.0,367.0,0.36,3.76,0.5,5.98
943,9.1,0.24,0.24,36.0,381.0,0.34,3.88,0.6,5.68
944,9.0,0.15,0.13,31.0,310.0,0.36,3.46,0.62,5.76
945,8.6,0.18,0.27,23.0,409.0,0.34,3.64,0.58,5.64
946,8.7,0.21,0.11,44.0,296.0,0.38,3.88,0.54,5.88
947,8.9,0.18,0.14,23.0,437.0,0.3,3.68,0.5,5.6
948,8.8,0.12,0.19,15.0,466.0,0.34,3.46,0.48,5.98
949,8.8,0.16,0.21,31.0,310.0,0.36,3.18,0.46,5.9
950,8.4,0.11,0.13,46.0,240.0,0.34,3.14,0.5,5.8
951,8.3,0.16,0.21,33.0,268.0,0.38,3.12,0.56,5.88
952,8.8,0.19,0.18,18.0,353.0,0.4,3.18,0.54,5.44
953,8.1,0.11,0.13,44.0,240.0,0.28,2.98,0.48,4.76
954,8.7,0.22,0.15,23.0,409.0,0.26,3.46,0.4,4.64
955,8.5,0.16,0.14,36.0,452.0,0.36,3.88,0.5,4.88
956,8.6,0.19,0.18,41.0,381.0,0.38,3.64,0.56,4.44
957,8.3,0.24,0.21,46.0,466.0,0.34,3.398,0.52,5.64
958,8.2,0.21,0.18,59.0,508.0,0.36,3.46,0.4,5.46
959,8.5,0.16,0.21,51.0,353.0,0.34,3.68,0.4,5.64
960,8.7,0.13,0.13,69.0,437.0,0.28,3.88,0.42,5.12
961,8.6,0.21,0.11,61.0,381.0,0.26,3.64,0.36,5.18
962,8.4,0.17,0.18,54.0,296.0,0.28,3.44,0.4,5.76
963,8.9,0.28,0.14,44.0,452.0,0.26,3.64,0.6,5.64
964,9.0,0.21,0.21,61.0,494.0,0.24,3.6,0.62,4.98
965,8.6,0.14,0.15,56.0,310.0,0.38,3.98,0.48,4.96
966,8.7,0.17,0.26,41.0,423.0,0.36,4.1,0.42,4.1
967,8.8,0.29,0.12,59.0,466.0,0.34,4.12,0.5,4.12
968,8.8,0.21,0.18,46.0,367.0,0.36,3.44,0.52,4.64
969,8.7,0.41,0.11,41.0,367.0,0.364,3.1,0.56,4.6
970,8.6,0.29,0.18,61.0,466.0,0.38,3.18,0.44,4.6
971,8.7,0.21,0.21,54.0,494.0,0.4,3.16,0.46,5.1
972,8.4,0.31,0.13,33.0,325.0,0.36,3.12,0.48,5.18
973,8.2,0.15,0.174,38.0,296.0,0.26,2.76,0.4,4.76
974,8.4,0.13,0.21,61.0,254.0,0.28,2.88,0.42,4.64
975,8.6,0.14,0.16,33.0,339.0,0.38,2.46,0.52,4.88
976,8.4,0.13,0.12,49.0,310.0,0.36,3.64,0.58,4.64
977,8.3,0.11,0.11,67.0,240.0,0.38,3.88,0.6,4.76
978,8.6,0.13,0.14,31.0,282.0,0.26,3.6,0.5,4.64
979,8.3,0.15,0.18,28.0,409.0,0.3,3.6,0.48,4.6
980,8.7,0.24,0.11,23.0,212.0,0.38,3.76,0.46,4.98
981,8.5,0.13,0.21,56.0,198.0,0.4,3.64,0.4,6.9
982,8.6,0.19,0.27,15.0,183.0,0.36,3.88,0.48,6.92
983,8.8,0.27,0.13,23.0,381.0,0.38,3.64,0.46,6.9
984,8.6,0.18,0.21,41.0,296.0,0.26,3.88,0.4,6.68
985,8.3,0.21,0.16,31.0,325.0,0.38,3.4,0.6,6.44
986,8.2,0.12,0.11,36.0,254.0,0.36,3.1,0.6,6.4
987,8.7,0.17,0.17,26.0,396.0,0.3,3.12,0.68,5.98
988,8.4,0.31,0.21,18.0,339.0,0.26,3.18,0.42,5.5
989,8.6,0.29,0.29,49.0,296.0,0.28,3.16,0.46,5.64
990,8.7,0.15,0.13,33.0,254.0,0.28,3.76,0.4,5.68
991,8.8,0.11,0.2,23.0,325.0,0.4,3.64,0.52,5.44
992,8.8,0.17,0.11,46.0,395.0,0.4,3.46,0.5,5.6
993,8.1,0.27,0.14,28.0,381.0,0.28,3.68,0.54,5.44
994,8.9,0.2,0.19,51.0,282.0,0.3,3.76,0.58,5.64
995,8.8,0.16,0.21,18.0,381.0,0.36,3.7,0.54,5.88
996,8.6,0.29,0.18,23.0,423.0,0.34,3.72,0.56,5.8
997,8.7,0.13,0.24,51.0,268.0,0.38,3.4,0.54,5.86
998,8.4,0.21,0.13,44.0,409.0,0.36,3.42,0.52,5.76
999,8.4,0.21,0.11,28.0,325.0,0.32,3.64,0.52,5.64
1000,8.1,0.41,0.16,49.0,339.0,0.4,3.6,0.56,5.46
1001,8.7,0.11,0.21,31.0,268.0,0.42,4.1,0.5,5.76
1002,8.6,0.18,0.18,18.0,254.0,0.36,3.6,0.58,5.66
1003,8.8,0.19,0.15,18.0,409.0,0.28,2.98,0.46,4.76
1004,8.6,0.28,0.11,28.0,466.0,0.36,2.76,0.48,4.88
1005,8.7,0.2,0.19,23.0,480.0,0.34,3.44,0.5,4.68
1006,8.6,0.17,0.31,44.0,353.0,0.36,3.64,0.56,5.52
1007,8.7,0.21,0.26,31.0,282.0,0.38,3.88,0.54,5.56
1008,8.7,0.34,0.14,26.0,254.0,0.36,3.64,0.56,5.68
1009,8.8,0.13,0.11,23.0,310.0,0.4,3.68,0.58,5.64
1010,8.9,0.11,0.26,36.0,409.0,0.42,3.1,0.6,5.6
1011,8.7,0.24,0.16,44.0,339.0,0.26,3.12,0.62,5.62
1012,8.7,0.21,0.21,31.0,423.0,0.36,3.18,0.66,5.44
1013,8.5,0.11,0.27,38.0,466.0,0.38,3.2,0.58,5.6
1014,8.6,0.17,0.13,23.0,282.0,0.34,3.98,0.56,5.1
1015,8.8,0.29,0.11,46.0,339.0,0.36,3.9,0.54,5.12
1016,8.6,0.26,0.14,26.0,310.0,0.34,3.76,0.5,5.18
1017,8.7,0.18,0.16,33.0,282.0,0.38,3.88,0.56,5.18
1018,8.8,0.14,0.11,49.0,254.0,0.36,3.64,0.5,5.64
1019,8.9,0.17,0.17,26.0,395.0,0.3,3.6,0.52,5.6
1020,8.4,0.29,0.13,18.0,296.0,,3.68,0.5,5.44
1021,8.8,0.21,0.21,36.0,437.0,0.28,3.6,0.48,5.62
1022,8.6,0.18,0.14,26.0,296.0,0.26,3.6,0.46,5.76
1023,8.6,0.1,0.18,31.0,310.0,0.26,2.76,0.4,4.76
1024,8.5,0.1,0.13,26.0,423.0,0.28,2.46,0.52,4.64
1025,8.7,0.11,0.21,38.0,395.0,0.3,2.88,0.56,4.96
1026,8.7,0.07,0.17,51.0,339.0,0.24,3.46,0.58,5.1
1027,8.6,0.08,0.23,44.0,296.0,0.32,3.88,0.54,5.12
1028,8.4,0.09,0.21,23.0,409.0,0.36,3.72,0.52,4.76
1029,8.7,0.11,0.18,67.0,437.0,0.26,3.64,0.62,4.68
1030,8.5,0.1,0.18,44.0,282.0,0.28,3.76,0.6,5.18
1031,8.4,0.16,0.23,33.0,466.0,0.38,3.64,0.42,5.1
1032,8.6,0.18,0.21,61.0,395.0,0.4,3.88,0.46,5.14
1033,8.7,0.12,0.17,46.0,339.0,0.42,3.963,0.52,5.76
1034,8.5,0.1,0.23,36.0,282.0,0.38,3.9,0.56,5.64
1035,8.4,0.019,0.21,38.0,452.0,0.36,3.76,0.42,5.84
1036,8.8,0.1,0.16,69.0,480.0,0.32,3.46,0.44,5.88
1037,8.3,0.13,0.21,41.0,381.0,0.26,3.64,0.48,6.1
1038,8.7,0.14,0.28,33.0,339.0,0.24,3.88,0.4,6.12
1039,8.8,0.11,0.2,59.0,310.0,0.28,3.42,0.52,5.76
1040,8.4,0.09,0.17,31.0,437.0,0.3,3.66,0.56,5.64
1041,8.5,0.13,0.13,28.0,325.0,0.38,3.96,0.58,5.76
1042,8.6,0.15,0.22,36.0,296.0,0.36,3.76,0.56,5.44
1043,8.7,0.09,0.18,51.0,282.0,0.34,3.64,0.54,5.18
1044,8.4,0.1,0.15,61.0,268.0,0.32,3.76,0.64,5.76
1045,8.5,0.13,0.22,33.0,466.0,0.36,3.82,0.66,5.64
1046,8.6,0.12,0.19,26.0,254.0,0.34,3.84,0.68,5.88
1047,8.5,0.15,0.23,49.0,452.0,0.38,3.64,0.62,5.82
1048,8.4,0.09,0.18,38.0,423.0,0.26,3.46,0.52,5.6
1049,8.7,0.08,0.25,51.0,339.0,0.28,3.96,0.54,5.62
1050,8.4,0.11,0.21,33.0,325.0,0.3,2.98,0.5,5.64
1051,8.5,0.13,0.17,23.0,268.0,0.32,2.94,0.58,4.96
1052,8.6,0.15,0.14,18.0,409.0,0.38,3.44,0.56,4.88
1053,8.4,0.14,0.17,36.0,282.0,0.26,3.46,0.48,4.76
1054,8.5,0.15,0.13,20.0,381.0,0.34,3.88,0.46,4.88
1055,8.7,0.13,0.21,18.0,409.0,0.38,3.76,0.52,5.1
1056,8.6,0.11,0.18,38.0,310.0,0.36,3.64,0.62,5.12
1057,8.7,0.1,0.23,46.0,437.0,0.26,3.76,0.6,5.16
1058,8.8,0.09,0.2,31.0,466.0,0.24,3.98,0.52,5.38
1059,8.9,0.08,0.16,26.0,282.0,0.38,3.88,0.54,4.66
1060,8.8,0.08,0.19,51.0,452.0,0.36,3.44,0.58,4.6
1061,8.9,0.11,0.21,54.0,339.0,0.34,3.9,0.56,4.76
1062,8.8,0.15,0.23,26.0,282.0,0.32,3.46,0.54,4.66
1063,8.7,0.12,0.2,23.0,437.0,0.38,3.64,0.6,4.76
1064,8.8,0.13,0.17,38.0,381.0,0.3,3.76,0.62,5.1
1065,8.9,0.11,0.21,20.0,296.0,0.34,3.18,0.58,5.12
1066,8.7,0.09,0.26,31.0,452.0,0.36,3.1,0.52,5.18
1067,8.6,0.09,0.21,46.0,381.0,0.34,3.76,0.6,5.12
1068,8.5,0.14,0.18,38.0,494.0,0.38,3.64,0.62,5.14
1069,8.4,0.15,0.22,26.0,325.0,0.3,3.76,0.46,5.76
1070,8.5,0.17,0.16,41.0,395.0,0.4,,0.46,5.64
1071,8.6,0.13,0.27,23.0,310.0,0.42,3.54,0.48,5.88
1072,8.4,0.11,0.21,44.0,452.0,0.36,3.88,0.54,5.6
1073,8.5,0.09,0.27,23.0,310.0,0.28,3.76,0.42,4.76
1074,8.6,0.08,0.18,31.0,226.0,0.26,3.64,0.46,4.88
1075,8.6,0.07,0.21,26.0,339.0,0.34,3.88,0.48,4.64
1076,8.5,0.1,0.23,20.0,381.0,0.38,3.98,0.4,5.52
1077,8.6,0.07,0.18,18.0,296.0,0.4,3.94,0.52,5.1
1078,8.5,0.09,0.13,44.0,437.0,0.32,3.4,0.58,5.14
1079,8.7,0.08,0.22,49.0,466.0,0.36,3.64,0.52,5.64
1080,8.7,0.09,0.16,31.0,325.0,0.34,4.0,0.6,5.66
1081,8.8,0.07,0.21,44.0,381.0,0.38,3.76,0.52,5.98
1082,8.6,0.09,0.23,51.0,240.0,0.28,3.18,0.58,4.9
1083,8.3,0.09,0.21,41.0,310.0,0.28,3.1,0.48,4.76
1084,8.1,0.3,0.018,23.0,381.0,0.26,3.64,0.46,4.68
1085,8.3,0.15,0.23,36.0,254.0,0.34,3.88,0.4,4.96
1086,8.4,0.1,0.14,28.0,325.0,0.38,3.96,0.52,4.64
1087,8.6,0.1,0.19,54.0,423.0,0.52,3.76,0.6,4.88
1088,8.0,0.18,0.21,31.0,282.0,0.58,3.64,0.58,4.76
1089,8.1,0.17,0.16,56.0,254.0,0.56,3.6,0.52,4.6
1090,8.6,0.1,0.11,23.0,310.0,0.38,3.64,0.6,4.76
1091,8.6,0.12,0.17,20.0,353.0,0.26,3.88,0.46,4.7
1092,8.4,0.19,0.14,26.0,409.0,0.38,3.64,0.48,4.98
1093,8.5,0.11,0.19,41.0,396.0,0.34,3.98,0.42,4.88
1094,8.5,0.09,0.23,20.0,409.0,0.3,3.9,0.48,4.76
1095,8.7,0.09,0.2,46.0,452.0,0.36,3.88,0.146,5.1
1096,8.7,0.09,0.14,28.0,353.0,0.34,3.44,0.56,5.14
1097,8.6,0.1,0.17,23.0,296.0,0.38,3.68,0.5,5.18
1098,8.6,0.08,0.23,36.0,381.0,0.3,3.46,0.6,5.76
1099,8.5,0.13,0.19,26.0,296.0,0.28,2.76,0.4,4.76
1100,8.6,0.12,0.27,33.0,409.0,0.26,2.64,0.66,4.64
1101,8.3,0.13,0.2,31.0,423.0,0.34,2.86,0.52,4.88
1102,8.6,0.15,0.18,23.0,310.0,0.38,3.64,0.5,4.98
1103,8.6,0.11,0.14,46.0,437.0,0.36,3.76,0.54,5.1
1104,8.6,0.13,0.13,38.0,480.0,0.46,3.68,0.6,5.12
1105,8.8,0.15,0.21,51.0,296.0,0.4,3.9,0.58,5.64
1106,8.6,0.18,0.24,26.0,466.0,0.36,3.98,0.52,5.88
1107,8.5,0.12,0.19,28.0,395.0,0.4,3.68,0.6,5.86
1108,8.0,0.13,0.21,36.0,282.0,0.4,2.76,0.48,4.98
1109,8.3,0.08,0.16,41.0,325.0,0.28,2.68,0.46,4.96
1110,8.4,0.11,0.14,31.0,381.0,0.26,2.64,0.52,4.64
1111,8.4,0.15,0.19,44.0,296.0,0.36,2.88,0.56,4.46
1112,8.6,0.07,0.23,28.0,339.0,0.34,2.46,0.54,4.64
1113,8.5,0.1,0.21,26.0,395.0,0.38,2.96,0.58,5.1
1114,8.31,0.2,0.18,23.0,310.0,0.3,3.46,0.5,5.14
1115,8.3,0.13,0.22,41.0,254.0,0.4,3.88,0.6,5.64
1116,8.7,0.24,0.29,69.0,288.0,0.4,3.64,0.62,5.86
1117,8.8,0.11,0.19,59.0,325.0,0.38,3.6,0.52,5.82
1118,8.4,0.18,0.14,41.0,395.0,0.36,3.44,0.58,5.8
1119,8.6,0.27,0.23,38.0,310.0,0.32,3.76,0.54,5.76
1120,8.7,0.18,0.21,23.0,240.0,0.34,3.6,0.56,5.76
1121,8.7,0.14,0.15,44.0,452.0,0.36,3.64,0.54,5.1
1122,8.5,0.19,0.14,59.0,282.0,0.34,3.88,0.6,5.66
1123,8.6,0.27,0.17,41.0,240.0,0.38,3.98,0.62,5.64
1124,8.4,0.12,0.17,31.0,240.0,0.26,3.46,0.48,4.76
1125,8.1,0.18,0.21,56.0,2986.0,0.28,3.88,0.46,4.68
1126,8.6,0.15,0.29,28.0,268.0,0.24,3.86,0.44,4.76
1127,8.7,0.22,0.18,38.0,381.0,0.36,3.46,0.4,4.64
1128,8.4,0.21,0.13,51.0,409.0,0.38,3.64,0.6,5.1
1129,8.1,0.14,0.17,33.0,437.0,0.36,3.94,0.62,5.14
1130,8.3,0.19,0.21,26.0,339.0,0.38,3.9,0.52,5.64
1131,8.5,0.27,0.24,49.0,452.0,0.26,3.88,0.58,5.88
1132,8.6,0.16,0.18,44.0,325.0,0.28,3.66,0.56,5.86
1133,8.7,0.21,0.16,23.0,282.0,0.26,3.64,0.54,5.76
1134,7.9,0.15,0.198,41.0,325.0,0.26,3.46,0.46,5.76
1135,8.3,0.3,0.21,36.0,423.0,0.34,3.64,0.48,5.64
1136,8.0,0.16,0.23,54.0,282.0,0.36,3.86,0.4,5.6
1137,7.9,0.11,0.17,36.0,452.0,0.638,3.94,0.52,5.64
1138,7.8,0.25,0.14,28.0,508.0,0.3,3.96,0.56,5.96
1139,8.4,0.31,0.19,23.0,296.0,0.26,3.46,0.54,5.9
1140,8.0,0.19,0.21,41.0,381.0,0.24,3.64,0.58,5.88
1141,8.7,0.11,0.24,59.0,310.0,0.36,3.46,0.6,5.8
1142,8.8,0.1,0.18,49.0,508.0,0.38,3.64,0.52,5.86
1143,8.3,0.14,0.16,44.0,325.0,0.36,3.88,0.54,5.88
1144,8.6,0.12,0.25,33.0,268.0,0.34,4.0,0.5,5.76
1145,8.5,0.15,0.13,61.0,310.0,0.36,2.96,0.48,5.7
1146,8.8,0.13,0.2,46.0,240.0,0.3,2.94,0.46,4.96
1147,8.5,0.11,0.16,31.0,339.0,0.4,2.64,0.44,4.68
1148,8.0,0.15,0.21,49.0,282.0,0.46,3.46,0.48,4.64
1149,8.0,0.17,0.25,33.0,296.0,0.38,3.88,0.46,490.0
1150,7.9,0.14,0.18,46.0,282.0,0.26,2.76,0.48,4.76
1151,8.3,0.1,0.21,69.0,240.0,0.28,3.44,0.46,4.88
1152,8.0,0.16,0.24,41.0,353.0,0.34,3.68,0.52,4.64
1153,8.4,0.11,0.29,33.0,381.0,0.36,3.76,0.54,4.98
1154,8.6,0.16,0.18,38.0,310.0,0.34,3.46,0.5,4.64
1155,8.1,0.12,0.14,54.0,437.0,0.38,3.88,0.6,4.6
1156,8.8,0.11,0.21,33.0,409.0,0.36,3.76,0.61,4.76
1157,8.4,0.28,0.23,26.0,296.0,0.32,3.64,0.54,4.44
1158,8.7,0.15,0.14,23.0,240.0,0.4,3.88,0.58,4.6
1159,8.3,1.38,0.21,36.0,480.0,0.28,2.44,0.48,4.76
1160,8.3,2.25,0.14,41.0,226.0,0.36,3.46,0.46,4.88
1161,8.5,1.02,0.12,28.0,310.0,0.38,3.98,0.46,4.64
1162,8.4,1.67,0.19,23.0,325.0,0.34,3.44,0.52,4.98
1163,8.4,1.23,0.21,46.0,268.0,0.36,3.76,0.56,4.68
1164,8.5,0.22,0.14,36.0,226.0,0.3,3.68,0.54,4.76
1165,8.6,0.5,0.29,54.0,212.0,0.34,3.44,0.5,4.68
1166,8.4,0.65,0.23,28.0,339.0,0.36,3.98,0.54,4.44
1167,8.4,0.67,0.16,56.0,452.0,0.4,3.46,0.56,4.76
1168,8.6,0.64,0.19,31.0,296.0,0.44,3.68,0.58,4.88
1169,8.5,0.52,0.21,23.0,452.0,0.42,3.46,0.5,4.86
1170,8.4,0.59,0.25,36.0,296.0,0.36,3.68,0.38,4.64
1171,8.4,0.64,0.14,49.0,353.0,0.34,3.9,0.36,4.76
1172,8.4,0.78,0.14,33.0,310.0,0.24,3.64,0.46,4.76
1173,8.6,0.64,0.14,41.0,282.0,0.26,3.376,0.44,4.86
1174,8.6,0.5,0.18,28.0,254.0,0.34,3.46,0.48,4.64
1175,8.4,0.56,0.21,23.0,339.0,0.38,3.96,0.5,4.96
1176,8.4,1.35,0.19,44.0,381.0,0.36,3.94,0.52,4.64
1177,8.4,1.07,0.23,36.0,437.0,0.34,3.46,0.6,5.98
1178,8.6,0.18,0.21,26.0,466.0,0.36,3.88,0.62,5.88
1179,8.5,0.67,0.16,44.0,367.0,0.4,3.6,0.38,5.76
1180,8.2,0.67,0.13,41.0,381.0,0.42,3.88,0.46,5.64
1181,8.5,0.62,0.22,33.0,339.0,0.36,3.76,0.44,5.64
1182,8.4,0.58,0.18,26.0,437.0,0.38,3.14,0.46,5.6
1183,8.2,1.56,0.17,23.0,310.0,0.34,3.88,0.54,5.9
1184,8.4,1.03,0.14,31.0,452.0,0.36,3.14,0.56,5.64
1185,8.6,0.92,0.21,49.0,353.0,0.4,3.46,0.58,5.88
1186,8.35,0.87,0.31,26.0,296.0,0.46,3.64,0.5,5.64
1187,8.5,0.95,0.26,18.0,480.0,0.4,3.76,0.54,5.76
1188,8.3,0.85,0.19,54.0,395.0,0.38,3.74,0.52,5.64
1189,8.6,0.51,0.21,38.0,480.0,0.36,3.68,0.54,5.88
1190,8.4,0.52,0.24,56.0,494.0,0.34,3.46,0.48,5.8
1191,8.3,0.6,0.18,33.0,409.0,0.36,3.64,0.36,5.86
1192,8.5,0.52,0.14,26.0,367.0,0.34,3.6,0.48,5.84
1193,8.3,0.99,0.27,59.0,381.0,0.36,3.76,0.56,5.44
1194,8.3,1.15,0.14,38.0,452.0,0.34,3.64,0.6,5.98
1195,8.4,1.78,0.11,20.0,339.0,0.38,3.94,0.62,5.64
1196,8.6,1.61,0.13,51.0,367.0,0.36,3.9,0.46,5.76
1197,8.6,1.68,0.2,38.0,325.0,0.3,3.96,0.52,5.66
1198,8.8,1.48,0.17,44.0,480.0,0.4,3.88,0.58,5.18
1199,8.6,0.93,0.28,59.0,339.0,0.42,3.46,0.58,5.14
1200,8.7,0.57,0.21,33.0,381.0,0.36,3.64,0.56,5.18
1201,8.5,0.72,0.29,38.0,310.0,0.364,3.96,0.46,5.12
1202,8.6,0.57,0.18,38.0,282.0,0.36,2.46,0.48,4.76
1203,8.5,0.5,0.27,41.0,310.0,0.38,3.48,0.46,4.64
1204,8.6,0.5,0.21,46.0,254.0,0.34,3.76,0.52,4.48
1205,8.4,0.69,0.17,23.0,226.0,0.46,3.88,0.54,4.8
1206,8.6,0.57,0.14,38.0,325.0,0.32,3.98,0.5,5.26
1207,8.6,0.52,0.11,51.0,339.0,0.34,3.44,0.5,5.64
1208,8.5,0.51,0.16,23.0,296.0,0.32,3.64,0.42,5.44
1209,8.1,0.19,0.13,51.0,423.0,0.38,2.88,0.5,4.98
1210,8.0,0.18,0.18,44.0,339.0,0.34,3.64,0.54,4.76
1211,8.5,0.12,0.21,36.0,310.0,0.36,3.44,0.58,4.64
1212,8.7,0.1,0.16,31.0,395.0,0.38,3.96,0.56,4.76
1213,8.4,0.19,0.19,46.0,494.0,0.34,2.96,0.38,5.44
1214,8.3,0.2,0.27,33.0,325.0,0.4,2.46,0.42,5.64
1215,8.0,0.14,0.2,26.0,423.0,0.4,3.64,0.44,5.76
1216,8.6,0.11,0.14,36.0,480.0,0.36,3.88,0.46,5.36
1217,8.1,0.23,0.18,41.0,296.0,0.38,3.86,0.48,5.48
1218,8.3,0.15,0.21,49.0,381.0,0.34,3.96,0.44,5.346
1219,8.6,0.21,0.23,54.0,282.0,0.36,3.4,0.4,5.64
1220,8.7,0.16,0.16,36.0,240.0,0.34,3.46,0.52,5.96
1221,8.4,0.11,0.19,31.0,409.0,0.38,3.7,0.58,5.6
1222,8.8,0.18,0.21,26.0,423.0,0.36,3.76,0.56,5.64
1223,8.9,0.22,0.28,41.0,282.0,0.34,3.8,0.5,5.46
1224,8.8,0.17,0.21,28.0,452.0,0.38,3.84,0.6,5.4
1225,8.4,0.14,0.17,46.0,423.0,0.36,3.64,0.62,5.44
1226,8.5,0.17,0.23,33.0,466.0,0.38,3.64,0.64,5.46
1227,8.7,0.21,0.28,23.0,494.0,0.38,3.46,0.6,5.76
1228,8.3,0.19,0.17,44.0,339.0,0.28,3.98,0.4,4.76
1229,8.5,0.23,0.24,23.0,325.0,0.3,3.64,0.46,4.68
1230,8.1,0.14,0.21,36.0,282.0,0.34,3.76,0.52,4.76
1231,8.4,0.11,0.19,33.0,339.0,0.38,3.4,0.58,5.44
1232,8.6,0.26,0.22,56.0,254.0,0.34,3.88,0.54,5.64
1233,8.7,0.18,0.14,31.0,353.0,0.36,3.64,0.56,5.76
1234,8.2,0.18,0.15,44.0,339.0,0.26,3.98,0.5,4.76
1235,8.3,0.12,0.21,38.0,282.0,0.28,3.4,0.56,4.68
1236,8.2,0.14,0.23,31.0,325.0,0.36,3.46,0.54,4.98
1237,8.1,0.15,0.29,56.0,254.0,0.34,3.76,0.52,4.64
1238,8.3,0.11,0.18,41.0,353.0,0.38,3.76,0.58,4.76
1239,8.1,0.15,0.24,59.0,395.0,0.3,3.98,0.52,5.54
1240,8.2,0.13,0.19,33.0,296.0,0.36,3.44,0.54,5.68
1241,8.3,0.1,0.21,49.0,268.0,0.34,3.7,0.6,5.46
1242,8.4,0.1,0.13,26.0,310.0,0.38,3.88,0.64,5.64
1243,8.6,0.11,0.25,33.0,282.0,0.34,3.82,0.52,5.76
1244,8.1,0.13,0.21,20.0,381.0,0.36,3.76,0.54,5.44
1245,8.5,0.17,0.18,26.0,409.0,0.3,3.64,0.58,5.46
1246,8.6,0.15,0.13,18.0,381.0,0.32,3.44,0.56,5.76
1247,8.4,0.13,0.27,46.0,409.0,0.34,3.6,0.48,5.14
1248,8.1,0.19,0.24,36.0,367.0,0.38,3.7,0.46,5.18
1249,8.7,0.13,0.19,28.0,466.0,0.28,2.98,0.4,4.76
1250,8.6,0.16,0.27,41.0,367.0,0.34,2.76,0.46,4.64
1251,8.8,0.11,0.14,23.0,282.0,0.36,2.46,0.48,5.1
1252,8.2,0.13,0.11,26.0,381.0,0.34,2.76,0.42,4.76
1253,8.6,0.13,0.18,41.0,240.0,0.3,3.44,0.5,5.76
1254,8.4,0.13,0.26,44.0,325.0,0.28,3.76,0.56,5.64
1255,8.3,0.15,0.3,59.0,409.0,0.26,3.64,0.54,5.68
1256,8.4,0.14,0.26,61.0,466.0,0.24,3.88,0.5,5.76
1257,8.6,0.1,0.29,46.0,325.0,0.36,3.46,0.56,5.64
1258,8.1,0.1,0.16,51.0,480.0,0.38,3.9,0.58,5.4
1259,8.6,0.13,0.15,56.0,353.0,0.28,2.76,0.38,4.76
1260,8.4,0.23,0.21,41.0,423.0,0.26,3.46,0.4,4.68
1261,8.2,0.27,0.19,38.0,381.0,0.3,3.64,0.46,4.98
1262,8.9,0.18,0.28,36.0,480.0,0.34,3.6,0.38,4.6
1263,8.9,0.17,0.16,31.0,325.0,0.36,3.76,0.32,4.76
1264,8.4,0.29,0.27,38.0,339.0,0.32,3.98,0.36,4.6
1265,8.4,0.48,0.31,59.0,240.0,0.36,3.44,0.34,4.76
1266,8.5,0.15,0.23,41.0,494.0,0.3,3.76,0.36,4.7
1267,8.3,0.11,0.2,28.0,508.0,0.36,3.64,0.5,4.66
1268,8.4,0.19,0.17,23.0,310.0,0.3,3.6,0.52,4.76
1269,8.3,0.16,0.21,59.0,480.0,0.4,3.68,0.36,4.6
1270,8.5,0.24,0.28,61.0,452.0,0.36,3.76,0.46,5.1
1271,8.4,0.29,0.33,44.0,367.0,0.38,3.6,0.48,5.44
1272,8.3,0.79,0.13,38.0,240.0,0.26,2.98,0.4,4.76
1273,8.1,0.41,0.21,26.0,296.0,0.38,3.44,0.48,4.78
1274,8.2,0.7,0.16,23.0,367.0,0.36,4.1,0.52,5.64
1275,8.2,0.52,0.18,18.0,310.0,0.34,3.46,0.56,5.68
1276,8.4,0.3,0.12,36.0,212.0,0.3,3.76,0.5,5.98
1277,9.1,0.18,0.23,31.0,268.0,0.34,3.86,0.5,5.1
1278,8.4,0.15,0.14,33.0,226.0,0.36,3.46,0.6,5.14
1279,8.9,0.3,0.19,26.0,310.0,0.28,3.76,0.62,5.18
1280,8.2,0.16,0.15,41.0,339.0,0.28,3.64,0.6,5.18
1281,8.4,0.18,0.11,26.0,381.0,0.34,3.98,0.64,5.64
1282,8.6,0.24,0.18,38.0,226.0,0.32,3.46,0.48,5.86
1283,8.4,0.21,0.23,44.0,381.0,0.36,3.64,0.4,5.1
1284,8.1,8.1,0.11,0.22,31.0,24.0,0.38,3.46,5.48
1285,8.7,0.14,0.41,26.0,310.0,0.36,3.76,0.52,4.76
1286,8.0,0.26,0.23,28.0,296.0,0.34,3.88,0.58,4.88
1287,8.1,0.26,0.18,41.0,339.0,0.38,3.48,0.56,4.46
1288,8.6,0.18,0.25,33.0,282.0,0.34,4.76,0.64,4.64
1289,8.1,0.22,0.21,26.0,353.0,0.32,4.88,0.58,4.76
1290,8.2,0.27,0.19,44.0,268.0,0.36,4.1,0.6,4.64
1291,7.9,0.27,0.23,23.0,381.0,0.34,4.1,0.62,4.6
1292,7.9,0.35,0.27,51.0,409.0,0.38,4.0,0.58,4.76
1293,8.4,0.15,0.18,28.0,282.0,0.34,3.98,0.56,4.68
1294,8.1,0.24,0.17,28.0,325.0,0.26,3.46,0.4,4.98
1295,8.5,0.15,0.24,36.0,395.0,0.28,3.64,0.46,4.64
1296,8.6,0.13,0.19,41.0,452.0,0.38,3.86,0.44,4.88
1297,8.0,0.24,0.13,23.0,353.0,0.36,3.9,0.52,4.76
1298,8.3,0.26,0.21,36.0,282.0,0.34,3.98,0.5,4.16
1299,8.3,0.18,0.27,28.0,254.0,0.3,4.0,0.56,4.18
1300,8.4,0.18,0.16,44.0,466.0,0.34,3.46,0.58,4.76
1301,8.6,0.13,0.18,20.0,296.0,0.38,3.64,0.52,4.98
1302,8.5,0.11,0.14,38.0,381.0,0.36,3.76,0.56,4.64
1303,8.5,0.11,0.19,46.0,452.0,0.34,3.66,0.54,4.88
1304,8.6,0.14,0.21,59.0,381.0,0.38,3.44,0.58,4.68
1305,8.7,0.12,0.29,41.0,296.0,0.36,3.76,0.56,4.76
1306,8.6,0.17,0.41,36.0,409.0,0.34,3.64,0.54,4.68
1307,8.6,0.19,0.18,29.0,339.0,0.38,3.48,0.56,4.6
1308,8.7,0.24,0.13,51.0,466.0,0.3,3.4,0.54,5.1
1309,8.5,0.16,0.21,47.0,367.0,0.34,3.64,0.58,5.12
1310,7.8,0.16,0.13,33.0,423.0,0.34,3.76,0.4,4.64
1311,8.0,0.11,0.16,26.0,296.0,0.38,3.64,0.48,4.76
1312,8.1,0.14,0.18,38.0,310.0,0.38,3.8,0.52,4.64
1313,8.1,0.12,0.22,41.0,409.0,0.26,3.44,0.56,4.76
1314,8.2,0.13,0.31,23.0,437.0,0.28,3.64,0.58,4.68
1315,8.4,0.18,0.24,20.0,296.0,0.4,3.76,0.5,4.98
1316,8.7,0.14,0.19,26.0,240.0,0.28,2.98,0.48,4.98
1317,8.6,0.11,0.23,38.0,310.0,0.36,3.44,0.46,4.68
1318,8.0,0.17,0.29,31.0,367.0,0.34,2.64,0.52,4.76
1319,8.1,0.21,0.15,26.0,325.0,0.38,3.46,0.546,5.1
1320,8.4,0.13,0.18,28.0,296.0,0.4,3.64,0.54,5.64
1321,8.9,0.22,0.27,44.0,325.0,0.36,4.0,0.56,5.84
1322,8.5,0.18,0.19,36.0,240.0,0.34,0.398,0.6,5.8
1323,8.3,0.14,0.22,44.0,381.0,0.38,3.4,0.66,5.84
1324,8.1,0.19,0.14,56.0,409.0,0.4,3.64,0.46,5.14
1325,8.5,0.21,0.18,28.0,282.0,0.36,3.88,0.4,5.18
1326,8.4,0.24,0.23,23.0,353.0,0.34,3.6,0.56,5.16
1327,8.6,0.15,0.27,18.0,437.0,0.34,3.64,0.52,5.76
1328,8.6,0.14,0.14,28.0,310.0,0.38,3.76,0.56,5.76
1329,8.3,0.11,0.19,36.0,339.0,0.4,3.6,0.48,4.76
1330,8.2,0.19,0.13,49.0,423.0,0.4,3.44,0.46,4.18
1331,8.5,0.24,0.24,67.0,466.0,0.38,3.64,0.52,4.14
1332,8.7,0.2,0.21,23.0,296.0,0.36,3.76,0.54,4.18
1333,8.1,0.16,0.18,31.0,254.0,0.34,3.6,0.56,4.76
1334,8.4,0.23,0.34,28.0,395.0,0.38,3.62,0.54,4.68
1335,8.7,0.1,0.23,41.0,423.0,0.36,3.64,0.58,4.64
1336,8.3,0.27,0.21,46.0,466.0,0.26,3.94,0.56,4.84
1337,8.5,0.21,0.18,20.0,494.0,0.28,3.76,0.56,4.86
1338,8.2,0.15,0.29,23.0,381.0,0.3,3.6,0.6,4.98
1339,7.9,0.13,0.38,44.0,339.0,0.32,3.68,0.62,5.64
1340,8.7,0.21,0.17,20.0,409.0,0.34,3.76,0.48,5.68
1341,8.6,0.24,0.11,26.0,367.0,0.38,3.6,0.4,5.44
1342,8.8,0.31,0.18,18.0,395.0,0.4,3.64,0.52,5.76
1343,8.3,0.2,0.21,23.0,310.0,0.34,3.76,0.58,5.64
1344,8.5,0.14,0.24,33.0,466.0,0.36,3.98,0.56,5.6
1345,8.6,0.11,0.18,31.0,325.0,0.34,3.66,0.48,5.64
1346,8.4,0.18,0.14,41.0,296.0,0.36,3.44,0.46,5.76
1347,8.1,0.24,0.11,20.0,353.0,0.3,3.1,0.48,5.64
1348,8.4,0.1,0.23,38.0,282.0,0.38,2.98,0.48,4.98
1349,8.5,0.13,0.19,44.0,381.0,0.36,3.4,0.46,4.76
1350,8.7,0.18,0.26,31.0,310.0,0.4,3.1,0.4,4.88
1351,8.9,0.2,0.31,23.0,395.0,0.32,3.18,0.48,5.1
1352,8.8,0.11,0.26,41.0,296.0,0.28,3.76,0.46,5.18
1353,8.5,0.1,0.18,28.0,282.0,0.26,3.64,0.52,5.76
1354,8.3,0.18,0.13,23.0,381.0,0.34,3.6,0.58,5.64
1355,8.6,0.23,0.25,67.0,409.0,0.34,3.7,0.5,5.88
1356,8.2,0.21,0.19,41.0,339.0,0.38,3.66,0.56,5.6
1357,8.7,0.16,0.23,23.0,296.0,0.36,3.76,0.6,4.98
1358,8.1,0.17,0.15,31.0,423.0,0.38,3.46,0.62,4.96
1359,8.6,0.21,0.13,18.0,409.0,0.4,3.48,0.58,5.76
1360,8.0,0.27,0.11,56.0,437.0,0.46,3.98,0.52,5.64
1361,9.1,0.15,0.18,38.0,268.0,0.38,3.46,0.58,5.88
1362,8.5,0.13,0.21,61.0,240.0,0.36,3.44,0.56,5.68
1363,8.7,0.21,0.27,41.0,423.0,0.46,3.64,0.54,5.6
1364,8.4,0.29,0.31,36.0,395.0,0.28,3.6,0.56,4.98
1365,8.3,0.18,0.26,33.0,480.0,0.36,3.76,0.58,4.64
1366,8.5,0.31,0.21,23.0,296.0,0.34,3.64,0.56,4.88
1367,8.7,0.27,0.18,31.0,409.0,0.38,3.88,0.52,4.8
1368,8.4,0.16,0.27,26.0,339.0,0.36,3.7,0.58,5.1
1369,8.6,0.13,0.17,20.0,240.0,0.34,3.88,0.56,5.18
1370,8.9,0.19,0.13,28.0,437.0,0.38,3.4,0.58,4.9
1371,8.4,0.21,0.21,41.0,480.0,0.4,3.44,0.56,4.64
1372,8.1,0.27,0.13,33.0,325.0,0.38,3.1,0.58,4.88
1373,8.5,0.15,0.18,51.0,296.0,0.36,3.18,0.56,4.64
1374,8.9,0.14,0.23,31.0,437.0,0.32,3.14,0.6,4.96
1375,8.8,0.18,0.21,26.0,381.0,0.34,3.18,0.58,4.98
1376,8.3,0.11,0.16,23.0,296.0,0.36,3.98,0.52,5.18
1377,8.4,0.17,0.28,18.0,240.0,0.34,3.9,0.58,5.12
1378,8.8,0.41,0.13,51.0,282.0,0.28,3.7,0.48,4.96
1379,8.3,0.27,0.18,36.0,353.0,0.32,3.66,0.46,5.1
1380,8.5,0.21,0.12,23.0,437.0,0.36,3.46,0.4,4.9
1381,8.2,0.31,0.21,67.0,359.0,0.4,3.88,0.52,5.18
1382,8.6,0.25,0.23,54.0,466.0,0.26,3.96,0.56,5.12
1383,8.3,0.21,0.18,49.0,240.0,0.28,3.94,0.54,5.38
1384,8.8,0.27,0.2,38.0,339.0,0.28,3.76,0.5,5.34
1385,9.0,0.24,0.14,36.0,423.0,0.4,3.6,0.6,5.36
1386,8.4,0.12,0.19,41.0,310.0,0.28,2.98,0.44,4.9
1387,8.6,0.09,0.23,28.0,353.0,0.36,3.1,0.46,4.76
1388,8.8,0.18,0.14,31.0,423.0,0.4,3.14,0.48,5.64
1389,8.4,0.13,0.19,49.0,310.0,0.38,3.18,0.52,5.68
1390,8.3,0.16,0.26,28.0,353.0,0.28,3.76,0.58,5.7
1391,8.4,0.15,0.21,23.0,409.0,0.24,3.46,0.56,5.72
1392,8.2,0.17,0.18,44.0,310.0,0.4,3.4,0.6,5.64
1393,8.6,0.15,0.31,56.0,353.0,0.38,3.14,0.65,5.68
1394,8.4,0.14,0.29,41.0,409.0,0.36,3.18,0.48,5.9
1395,8.6,0.21,0.21,31.0,310.0,0.38,3.1,0.52,5.66
1396,8.3,0.29,0.19,46.0,268.0,0.36,3.76,0.64,5.6
1397,8.1,0.18,0.12,33.0,296.0,0.3,3.44,0.56,5.76
1398,8.9,0.14,0.18,18.0,240.0,0.32,3.64,0.54,5.48
1399,8.6,0.21,0.11,59.0,353.0,0.343,3.6,0.52,5.4
1400,8.7,0.19,0.17,44.0,381.0,0.28,3.76,0.5,5.76
1401,8.3,0.27,0.18,33.0,310.0,0.28,2.98,0.42,4.98
1402,8.7,0.13,0.23,23.0,325.0,0.36,2.64,0.48,4.76
1403,8.4,0.24,0.15,41.0,437.0,0.34,3.2,0.46,4.64
1404,8.5,0.2,0.17,28.0,452.0,0.4,3.64,0.52,4.88
1405,8.9,0.14,0.23,49.0,480.0,0.38,3.88,0.56,4.8
1406,8.3,0.1,0.21,41.0,339.0,0.36,3.96,0.6,4.76
1407,8.8,0.18,0.19,31.0,310.0,0.28,3.76,0.62,4.64
1408,8.0,0.32,0.14,28.0,437.0,0.26,3.64,0.54,5.1
1409,8.1,0.27,0.24,38.0,494.0,0.34,3.88,0.58,5.14
1410,8.3,0.41,0.18,51.0,268.0,0.32,3.76,0.56,5.18
1411,8.5,0.18,0.13,36.0,480.0,0.36,3.88,0.54,5.16
1412,8.4,0.23,0.27,31.0,339.0,0.38,4.0,0.58,5.18
1413,8.9,0.14,0.21,28.0,437.0,0.4,3.96,0.48,5.1
1414,9.0,0.11,0.18,46.0,508.0,0.36,3.64,0.4,5.64
1415,8.4,0.29,0.13,59.0,466.0,0.26,3.96,0.46,5.6
1416,8.5,0.35,0.27,31.0,310.0,0.28,3.76,0.44,5.18
1417,8.3,0.17,0.21,26.0,480.0,0.26,3.88,0.6,5.14
1418,8.2,0.14,0.16,23.0,310.0,0.36,3.64,0.62,5.18
1419,8.4,0.26,0.19,38.0,296.0,0.38,3.46,0.48,5.64
1420,8.6,0.38,0.21,41.0,282.0,0.34,3.76,0.4,5.76
1421,8.8,0.25,0.15,61.0,452.0,0.4,3.64,0.44,5.1
1422,8.5,0.32,0.13,33.0,480.0,0.36,3.18,0.6,5.44
1423,8.6,0.6,0.18,33.0,254.0,0.28,2.42,0.48,4.76
1424,8.7,0.19,0.27,49.0,282.0,0.26,2.76,0.46,4.68
1425,8.5,0.11,0.21,51.0,325.0,0.38,3.38,0.6,5.1
1426,8.4,0.11,0.15,38.0,240.0,0.34,3.76,0.54,5.12
1427,8.5,0.1,0.13,36.0,480.0,0.4,3.44,0.5,5.14
1428,8.5,0.17,0.26,28.0,452.0,0.4,3.4,0.6,5.76
1429,8.5,0.09,0.21,41.0,409.0,0.36,4.0,0.62,5.18
1430,8.4,0.13,0.18,36.0,296.0,0.26,3.76,0.52,5.68
1431,8.3,0.21,0.14,18.0,452.0,0.28,3.64,0.58,5.88
1432,8.1,0.18,0.29,23.0,508.0,0.24,3.1,0.56,4.98
1433,8.0,0.14,0.21,54.0,296.0,0.26,3.4,0.6,4.64
1434,8.1,0.17,0.35,38.0,325.0,0.38,3.64,0.52,4.76
1435,8.2,0.21,0.27,31.0,437.0,0.34,3.22,0.5,4.12
1436,8.5,0.27,0.41,26.0,339.0,0.32,3.84,0.62,4.18
1437,8.6,0.21,0.16,18.0,452.0,0.3,3.62,0.6,4.44
1438,8.5,0.15,0.19,20.0,240.0,0.36,3.46,0.48,4.64
1439,8.3,0.11,0.31,46.0,494.0,0.28,3.44,0.46,4.88
1440,8.6,0.17,0.26,38.0,508.0,0.4,3.76,0.52,4.1
1441,8.7,0.31,0.29,41.0,254.0,0.4,3.1,0.5,4.18
1442,8.3,0.29,0.31,31.0,296.0,0.36,3.12,0.6,4.12
1443,8.5,0.38,0.28,56.0,325.0,0.34,3.18,0.62,4.64
1444,83.0,0.14,0.37,31.0,409.0,0.32,3.14,0.54,4.66
1445,8.6,0.15,0.21,28.0,466.0,0.3,3.9,0.56,4.18
1446,8.4,0.19,0.18,23.0,339.0,0.28,3.64,0.5,4.1
1447,8.7,0.21,0.14,20.0,423.0,0.26,3.42,0.48,4.2
1448,8.2,0.28,0.22,37.0,327.0,0.28,2.76,0.4,4.76
1449,8.3,0.23,0.16,42.0,361.0,0.3,2.88,0.46,4.64
1450,8.1,1.12,0.18,45.0,378.0,0.32,3.1,0.5,4.88
1451,8.6,0.44,0.16,28.0,281.0,0.36,3.64,0.48,4.76
1452,7.9,0.85,0.18,27.0,302.0,0.4,3.88,0.54,4.64
1453,8.9,0.96,0.22,38.0,317.0,0.26,3.46,0.52,4.46
1454,8.7,0.43,0.24,31.0,360.0,0.28,3.64,0.64,4.64
1455,8.9,0.27,0.22,29.0,321.0,0.24,3.88,0.62,4.88
1456,9.0,0.51,0.18,49.0,340.0,0.32,3.64,0.58,4.35
1457,8.7,0.31,0.18,38.0,308.0,0.36,3.88,0.4,4.38
1458,8.5,0.36,0.22,37.0,302.0,0.34,3.46,0.46,5.22
1459,8.4,0.71,0.26,28.0,369.0,0.3,3.64,0.52,5.26
1460,8.5,1.16,0.24,38.0,361.0,0.4,3.46,0.54,4.96
1461,8.9,0.74,0.22,24.0,287.0,0.38,3.64,0.6,4.88
1462,8.6,0.3,0.24,31.0,349.0,0.36,3.12,0.58,4.76
1463,8.3,0.52,0.26,42.0,360.0,0.24,3.46,0.54,4.64
1464,8.3,0.66,0.3,41.0,321.0,0.26,3.76,0.56,4.88
1465,8.2,3.18,0.18,39.0,294.0,0.32,3.66,0.48,4.98
1466,8.0,2.49,0.16,43.0,340.0,0.34,3.76,0.46,4.76
1467,8.9,0.87,0.2,38.0,317.0,0.36,3.18,0.44,4.64
1468,8.8,0.79,0.24,39.0,312.0,0.4,3.46,0.5,4.88
1469,8.7,0.57,0.22,37.0,327.0,0.32,3.64,0.56,4.44
1470,9.1,0.67,0.24,48.0,281.0,0.36,3.94,0.52,4.64
1471,8.4,0.85,0.22,42.0,361.0,0.34,3.66,0.54,4.62
1472,8.3,0.75,0.18,47.0,287.0,0.32,3.76,0.6,4.74
1473,8.9,0.66,0.16,37.0,349.0,0.28,3.1,0.62,4.88
1474,8.9,0.62,0.18,28.0,342.0,0.26,3.4,0.48,4.7
1475,8.7,0.3,0.16,41.0,313.0,0.24,3.64,0.46,4.82
1476,8.7,0.12,0.14,39.0,287.0,0.36,3.12,0.58,4.84
1477,9.2,0.12,0.12,41.0,311.0,0.4,3.64,0.52,4.88
1478,8.9,0.16,0.18,41.0,318.0,0.28,2.46,0.4,4.76
1479,8.6,0.53,0.14,49.0,329.0,0.32,2.96,0.38,4.64
1480,8.6,0.59,0.16,35.0,308.0,0.34,3.44,0.52,4.98
1481,8.7,0.51,0.18,31.0,360.0,0.26,3.46,0.48,4.9
1482,8.9,0.24,0.2,0.42,296.0,0.32,3.64,0.46,5.76
1483,8.3,0.17,0.24,34.0,339.0,0.4,3.42,0.6,5.64
1484,8.6,0.29,0.22,31.0,321.0,0.28,3.74,0.62,6.1
1485,8.7,0.15,0.18,41.0,329.0,0.28,3.46,0.46,4.98
1486,8.5,0.18,0.14,38.0,401.0,0.34,3.64,0.48,4.64
1487,8.7,0.14,0.16,31.0,360.0,0.36,3.88,0.44,4.86
1488,8.5,0.17,0.18,38.0,311.0,0.38,3.42,0.38,4.88
1489,8.5,0.17,0.16,28.0,312.0,0.4,3.4,0.36,4.34
1490,8.7,0.18,0.14,30.0,339.0,0.42,3.96,0.42,4.36
1491,8.4,0.2,0.2,36.0,327.0,0.46,3.64,0.44,4.76
1492,8.3,0.11,0.24,31.0,321.0,0.4,3.22,0.46,4.64
1493,8.6,0.27,0.22,28.0,307.0,0.36,3.46,0.52,4.88
1494,8.1,0.21,0.26,35.0,311.0,0.28,3.44,0.54,4.44
1495,8.6,0.17,0.24,31.0,329.0,0.34,3.48,0.48,4.8
1496,8.5,0.15,0.22,36.0,314.0,0.36,3.76,0.5,4.98
1497,8.7,0.28,0.18,30.0,347.0,0.34,3.62,0.54,5.1
1498,8.4,0.14,0.16,28.0,269.0,0.4,3.763,0.44,5.14
1499,8.9,0.13,0.16,38.0,347.0,0.28,2.98,0.46,4.64
1500,8.8,0.1,0.14,29.0,311.0,0.36,3.44,0.44,4.88
1501,8.9,0.1,0.16,49.0,269.0,0.38,3.64,0.38,4.78
1502,8.7,0.12,0.18,34.0,339.0,0.34,3.86,0.46,5.64
1503,8.3,0.14,0.16,35.0,349.0,0.38,3.92,0.4,5.44
1504,8.8,0.15,0.24,30.0,307.0,0.36,3.92,0.42,5.68
1505,8.5,0.18,0.22,28.0,329.0,0.34,3.64,0.52,5.98
1506,8.6,0.21,0.26,31.0,347.0,0.32,3.88,0.56,5.62
1507,8.6,0.16,0.24,36.0,329.0,0.34,3.48,0.5,5.42
1508,8.5,0.31,0.26,49.0,314.0,0.36,3.46,0.38,5.6
1509,8.3,0.14,0.22,35.0,307.0,0.28,3.22,0.46,5.44
1510,8.8,0.29,0.18,30.0,349.0,0.26,3.64,0.4,5.1
1511,9.0,0.21,0.2,31.0,339.0,0.24,3.88,0.3,5.12
1512,8.7,0.17,0.16,41.0,269.0,0.26,3.48,0.42,5.18
1513,8.5,0.25,0.14,39.0,2.87,0.34,3.42,0.44,5.44
1514,8.9,0.24,0.2,35.0,311.0,0.38,3.48,0.46,5.4
1515,9.1,0.11,0.16,38.0,243.0,0.32,3.76,0.42,5.1
1516,9.0,0.17,0.18,41.0,349.0,0.4,3.64,0.66,5.12
1517,8.7,0.23,0.2,49.0,329.0,0.36,3.94,0.6,5.62
1518,8.3,0.14,0.16,38.0,347.0,0.34,3.32,0.58,5.88
1519,8.7,0.14,0.18,41.0,329.0,0.36,2.96,0.48,4.76
1520,8.7,0.12,0.2,38.0,401.0,0.34,3.88,0.46,4.64
1521,8.8,0.11,0.18,39.0,308.0,0.4,3.64,0.44,4.88
1522,8.7,0.15,0.24,35.0,327.0,0.38,3.46,0.42,4.98
1523,8.3,0.12,0.26,42.0,311.0,0.32,3.76,0.48,4.62
1524,8.8,0.14,0.22,49.0,243.0,0.28,3.46,0.52,4.44
1525,8.8,0.17,0.24,31.0,269.0,0.32,3.88,0.38,4.76
1526,8.6,0.11,0.22,28.0,339.0,0.36,3.62,0.42,4.64
1527,8.8,0.11,0.14,49.0,401.0,0.28,3.46,0.48,4.98
1528,8.7,0.14,0.16,31.0,308.0,0.3,3.44,0.6,4.76
1529,8.3,0.27,0.18,49.0,360.0,0.38,3.76,0.62,5.1
1530,8.8,0.34,0.16,34.0,311.0,0.4,3.48,0.58,5.44
1531,8.9,0.37,0.22,24.0,243.0,0.26,3.98,0.56,5.64
1532,9.3,0.17,0.24,28.0,312.0,0.24,2.9,0.58,5.86
1533,8.8,0.12,0.24,35.0,327.0,0.4,2.96,0.54,5.76
1534,8.4,0.45,0.16,28.0,321.0,0.38,3.4,0.58,5.64
1535,8.9,0.18,0.2,31.0,320.0,0.32,3.46,0.56,5.6
1536,8.2,0.36,0.16,35.0,347.0,0.36,3.88,0.54,5.94
1537,8.7,0.17,0.14,28.0,311.0,0.34,3.64,0.5,5.96
1538,8.3,0.17,0.24,31.0,349.0,0.38,3.9,0.54,5.44
1539,8.8,0.3,0.22,36.0,312.0,0.4,3.96,0.5,5.1
1540,8.6,0.26,0.24,28.0,321.0,0.3,3.76,0.6,5.14
1541,9.0,0.88,0.16,35.0,314.0,0.32,3.86,0.48,5.18
1542,9.1,0.3,0.2,30.0,347.0,0.28,3.84,0.46,5.14
1543,8.8,0.63,0.16,24.0,307.0,0.26,3.44,0.44,5.44
1544,8.8,0.79,0.24,38.0,339.0,0.28,3.42,0.76,5.18
1545,9.1,0.39,0.22,35.0,311.0,0.36,3.46,0.78,4.98
1546,9.1,0.14,0.24,36.0,401.0,0.34,3.64,0.64,4.1
1547,8.5,0.7,0.2,28.0,318.0,0.38,3.76,0.6,4.18
1548,9.0,0.3,0.16,35.0,329.0,0.4,3.94,0.54,4.44
1549,8.5,0.64,0.18,49.0,314.0,0.36,3.68,0.52,4.76
1550,8.5,0.67,0.18,42.0,347.0,0.34,3.46,0.54,4.88
1551,8.6,0.82,0.16,36.0,360.0,0.38,3.74,0.5,4.8
1552,8.6,0.51,0.14,31.0,343.0,0.26,3.64,0.48,4.82
1553,8.3,0.27,0.2,29.0,308.0,0.24,3.6,0.46,4.86
1554,8.4,0.28,0.22,31.0,243.0,0.28,3.46,0.4,4.76
1555,8.7,0.15,0.26,39.0,327.0,0.3,3.68,0.48,4.64
1556,8.5,0.13,0.24,35.0,349.0,0.36,3.76,0.46,4.88
1557,9.4,0.18,0.16,41.0,327.0,0.26,3.76,0.4,4.76
1558,9.7,0.26,0.2,35.0,308.0,0.28,3.8,0.46,4.4
1559,8.8,0.19,0.16,28.0,360.0,0.36,3.86,0.44,4.88
1560,9.2,0.17,0.24,36.0,287.0,0.32,3.44,0.48,4.86
1561,8.6,0.83,0.26,38.0,269.0,0.34,3.76,0.5,4.76
1562,9.7,0.52,0.22,42.0,327.0,0.36,3.66,0.52,4.64
1563,8.8,0.27,0.24,35.0,312.0,0.28,3.7,0.54,4.6
1564,8.6,0.19,0.18,29.0,307.0,0.26,3.76,0.6,4.7
1565,8.7,0.13,0.2,42.0,321.0,0.28,3.64,0.62,4.72
1566,8.5,0.98,0.14,34.0,347.0,0.36,3.88,0.54,4.64
1567,8.8,0.21,0.2,31.0,329.0,0.34,3.4,0.56,4.6
1568,8.7,0.18,0.18,30.0,312.0,0.38,3.46,0.5,4.76
1569,9.1,0.27,0.12,35.0,360.0,0.36,3.64,0.48,4.18
1570,9.0,0.21,0.14,38.0,401.0,0.4,3.76,0.42,4.64
1571,8.7,0.15,0.18,36.0,329.0,0.42,3.68,0.58,4.6
1572,8.3,0.23,0.14,49.0,327.0,0.38,3.76,0.56,4.76
1573,8.8,0.11,0.18,31.0,314.0,0.36,3.64,0.54,4.18
1574,8.8,0.17,0.14,28.0,347.0,0.38,3.86,0.56,4.14
1575,8.7,0.28,0.14,49.0,327.0,0.34,3.8,0.6,4.18
1576,8.5,0.32,0.18,38.0,269.0,0.26,3.44,0.62,4.76
1577,8.6,0.27,0.14,41.0,347.0,0.28,3.4,0.58,4.94
1578,8.7,0.2,0.16,42.0,314.0,0.24,3.64,0.54,4.92
1579,8.6,0.16,0.24,31.0,349.0,0.36,3.76,0.56,4.9
1580,8.7,0.19,0.22,34.0,269.0,0.38,3.62,0.54,4.92
1581,8.9,0.21,0.16,24.0,287.0,0.34,3.64,0.58,4.82
1582,9.1,0.27,0.18,36.0,311.0,0.38,3.6,0.52,4.84
1583,9.0,0.21,0.22,28.0,314.0,0.36,3.44,0.54,4.64
1584,8.8,0.18,0.18,35.0,360.0,0.34,3.46,0.56,4.44
1585,8.7,0.29,0.16,49.0,329.0,0.36,3.1,0.54,4.86
1586,8.7,0.41,0.14,29.0,327.0,0.32,3.12,0.54,4.76
1587,8.2,0.12,0.17,23.0,212.0,0.3,3.24,0.48,4.26
1588,8.3,0.1,0.14,31.0,282.0,0.26,3.62,0.4,3.42
1589,8.4,0.17,0.21,38.0,198.0,0.22,3.1,0.32,3.92
1590,8.1,0.15,0.3,20.0,296.0,0.32,2.98,0.28,3.14
1591,8.3,0.18,0.18,33.0,254.0,0.28,2.7,0.44,3.18
1592,8.5,0.13,0.12,20.0,395.0,0.34,3.54,0.32,4.4
1593,8.6,0.11,0.11,38.0,437.0,0.3,3.1,0.38,3.62
1594,8.7,0.17,0.16,41.0,353.0,0.28,2.98,0.26,3.1
1595,8.5,0.21,0.19,23.0,367.0,0.44,2.6,0.48,3.78
1596,8.2,0.19,0.14,31.0,282.0,0.4,3.54,0.32,4.42
1597,8.6,0.27,0.21,41.0,409.0,0.26,3.78,0.26,3.78
1598,8.7,0.19,0.24,23.0,423.0,0.34,4.1,0.38,4.54
1599,8.8,0.28,0.18,20.0,494.0,0.26,2.78,0.44,3.9
1600,8.6,0.13,0.15,36.0,381.0,0.38,2.94,0.4,3.64
1601,8.4,0.21,0.21,41.0,339.0,0.42,3.24,0.28,3.78
1602,8.3,0.15,0.31,28.0,480.0,0.38,3.8,0.36,4.42
1603,8.1,0.29,0.16,20.0,296.0,0.26,2.84,0.46,510.0
1604,8.0,0.19,0.13,31.0,395.0,0.36,3.24,0.52,4.42
1605,8.7,0.18,0.21,41.0,494.0,0.44,3.64,0.38,3.72
1606,8.6,0.27,0.32,23.0,381.0,0.28,3.78,0.26,3.42
1607,8.6,0.21,0.21,46.0,480.0,0.32,3.46,0.38,4.18
1608,8.5,0.18,0.16,20.0,522.0,0.3,3.64,0.36,4.7
1609,8.2,0.11,0.19,46.0,423.0,0.26,3.88,0.5,3.76
1610,8.7,0.17,0.14,15.0,353.0,0.32,4.1,0.38,4.12
1611,8.5,0.21,0.19,13.0,396.0,0.28,2.78,0.44,3.8
1612,8.5,0.17,0.19,23.0,310.0,0.34,3.54,0.36,3.78
1613,8.8,0.27,0.12,15.0,296.0,0.8,3.64,0.54,4.42
1614,8.1,0.21,0.18,41.0,381.0,0.24,3.88,0.42,4.1
1615,8.4,0.42,0.16,28.0,296.0,0.28,4.1,0.48,4.18
1616,8.9,0.28,0.14,20.0,409.0,0.34,3.78,0.38,3.82
1617,8.1,0.19,0.14,31.0,268.0,0.32,3.64,0.42,3.78
1618,8.7,0.21,0.18,38.0,396.0,0.28,3.42,0.36,4.52
1619,8.3,0.37,0.21,23.0,437.0,0.42,3.82,0.24,4.1
1620,8.5,0.21,0.16,18.0,480.0,0.3,4.2,0.38,3.42
1621,8.1,0.18,0.19,41.0,508.0,0.26,3.78,0.3,3.1
1622,8.2,0.14,0.27,26.0,395.0,0.38,3.24,0.28,2.98
1623,8.4,0.11,0.21,44.0,339.0,0.3,3.64,0.44,3.54
1624,8.5,0.17,0.14,28.0,494.0,0.26,3.1,0.3,3.82
1625,8.4,0.21,0.19,23.0,536.0,0.34,3.8,0.24,4.42
1626,8.7,0.31,0.25,31.0,564.0,0.3,2.92,0.38,4.9
1627,8.3,0.27,0.21,41.0,381.0,0.26,2.46,0.28,5.12
1628,8.6,0.21,0.19,33.0,409.0,0.38,3.28,0.38,4.94
1629,8.7,0.25,0.16,26.0,353.0,0.42,3.1,0.42,4.12
1630,8.7,0.2,0.27,46.0,367.0,0.32,2.98,0.3,5.42
1631,8.4,0.18,0.21,20.0,437.0,0.48,2.72,0.28,4.18
1632,8.3,0.27,0.18,36.0,508.0,0.24,3.54,0.48,4.7
1633,8.7,0.21,0.14,44.0,466.0,0.38,3.7,0.4,4.1
1634,8.8,0.18,0.19,20.0,423.0,0.26,3.18,0.22,4.78
1635,8.1,4.24,0.19,26.0,254.0,0.28,3.12,0.36,4.7
1636,8.4,2.63,0.22,31.0,339.0,0.36,3.78,0.42,3.64
1637,8.6,1.37,0.18,20.0,381.0,0.42,4.2,0.3,4.98
1638,8.3,1.23,0.16,44.0,310.0,0.34,3.16,0.24,5.26
1639,8.4,2.01,0.11,20.0,296.0,0.32,3.7,0.32,3.78
1640,8.5,1.48,0.17,38.0,409.0,0.48,3.26,0.28,4.2
1641,8.4,1.27,0.21,41.0,452.0,0.3,2.98,0.36,4.1
1642,8.0,2.55,0.27,23.0,494.0,0.28,2.8,0.38,3.42
1643,8.3,1.46,0.16,18.0,395.0,0.38,3.26,0.42,3.1
1644,8.2,1.27,0.19,33.0,409.0,0.3,3.1,0.4,2.46
1645,8.2,1.66,0.22,44.0,564.0,0.26,3.94,0.34,3.78
1646,8.3,1.69,0.29,26.0,367.0,0.32,3.1,0.46,4.54
1647,8.2,1.3,0.18,41.0,339.0,0.28,2.88,0.28,3.94
1648,8.1,1.48,0.23,23.0,381.0,0.32,3.14,0.32,3.1
1649,8.3,1.61,0.21,33.0,423.0,0.4,3.78,0.26,4.78
1650,8.4,1.16,0.14,18.0,508.0,0.26,3.42,0.32,4.1
1651,8.4,1.12,0.19,41.0,466.0,0.32,2.46,0.28,4.9
1652,8.2,1.2,0.23,20.0,395.0,0.3,2.78,0.44,5.42
1653,8.3,1.43,0.16,46.0,480.0,0.24,3.24,0.48,3.78
1654,8.0,1.39,0.14,31.0,367.0,0.38,3.1,0.4,4.64
1655,8.2,1.43,0.15,20.0,339.0,0.42,2.42,0.26,3.72
1656,8.3,0.94,0.18,51.0,325.0,0.28,3.26,0.32,3.1
1657,8.5,2.56,0.27,49.0,381.0,0.36,3.48,0.28,4.54
1658,8.4,3.13,0.21,49.0,409.0,0.3,3.1,0.3,3.78
1659,8.1,1.62,0.16,20.0,325.0,0.28,3.78,0.44,4.9
1660,8.0,4.12,0.3,23.0,310.0,0.34,3.8,0.32,3.46
1661,8.0,5.51,0.41,20.0,296.0,0.26,2.92,0.44,4.78
1662,8.3,1.93,0.36,36.0,254.0,0.28,3.56,0.38,5.32
1663,8.3,1.08,0.23,41.0,339.0,0.38,3.78,0.56,4.9
1664,8.3,0.88,0.44,26.0,381.0,0.24,3.42,0.48,4.1
1665,8.6,0.91,0.36,49.0,282.0,0.32,3.4,0.32,2.48
1666,8.7,0.99,0.24,28.0,310.0,0.26,4.16,0.28,3.24
1667,8.5,0.88,0.14,38.0,381.0,0.38,4.78,0.38,3.18
1668,8.2,4.55,0.27,49.0,409.0,0.42,3.54,0.44,4.42
1669,8.1,0.72,0.2,41.0,423.0,0.28,3.78,0.4,4.98
1670,8.9,0.82,0.33,35.0,312.0,0.26,3.2,0.26,3.48
1671,8.7,0.78,0.44,29.0,307.0,0.38,3.78,0.38,4.14
1672,8.5,0.83,0.28,42.0,321.0,0.3,4.36,0.3,4.28
1673,8.4,0.81,0.46,34.0,347.0,0.26,4.1,0.42,3.8
1674,8.4,0.83,0.51,31.0,329.0,0.34,2.98,0.38,3.74
1675,8.3,0.86,0.31,30.0,312.0,0.26,2.42,0.26,3.12
1676,8.5,0.79,0.26,35.0,360.0,0.34,3.14,0.44,4.1
1677,8.4,0.76,0.54,38.0,401.0,0.3,3.36,0.4,4.98
1678,8.3,0.78,0.33,36.0,329.0,0.38,4.18,0.36,3.54
1679,8.4,0.77,0.23,49.0,327.0,0.24,3.54,0.38,3.28
1680,8.3,0.79,0.56,31.0,314.0,0.38,3.78,0.34,3.78
1681,8.1,0.24,0.61,28.0,347.0,0.4,4.1,0.38,4.78
1682,8.5,0.35,0.44,49.0,327.0,0.28,3.42,0.48,5.4
1683,8.6,0.28,0.33,38.0,269.0,0.36,3.1,0.4,3.78
1684,8.6,0.3,0.19,41.0,347.0,0.32,3.42,0.32,3.56
1685,8.1,0.42,0.21,23.0,325.0,0.28,3.88,0.48,4.24
1686,8.7,0.26,0.16,28.0,296.0,0.24,2.92,0.4,3.92
1687,8.5,0.21,0.14,41.0,381.0,0.4,3.1,0.32,4.18
1688,8.6,0.27,0.13,20.0,339.0,0.32,3.78,0.36,3.5
1689,8.7,0.38,0.21,33.0,310.0,0.26,3.54,0.54,3.18
1690,8.4,0.23,0.18,38.0,381.0,0.32,3.1,0.28,4.26
1691,8.0,0.21,0.12,26.0,296.0,0.28,2.96,0.34,4.7
1692,8.4,0.29,0.19,41.0,396.0,0.4,3.54,0.5,3.52
1693,8.5,0.21,0.14,20.0,282.0,0.28,3.18,0.28,3.78
1694,8.5,0.27,0.19,33.0,254.0,0.36,4.42,0.36,3.24
1695,8.4,0.32,0.11,46.0,409.0,0.3,3.94,0.42,3.92
1696,8.6,0.3,0.21,51.0,437.0,0.28,3.48,0.36,4.1
1697,8.7,0.29,0.17,36.0,480.0,0.44,3.94,0.38,3.4
1698,8.7,0.38,0.23,20.0,395.0,0.38,4.54,0.3,2.88
1699,8.3,0.27,0.2,38.0,494.0,0.3,4.1,0.24,3.84
1700,8.2,0.21,0.18,54.0,367.0,0.26,3.42,0.32,4.7
1701,8.5,0.41,0.16,44.0,339.0,0.34,3.1,0.28,4.1
1702,8.4,0.27,0.25,28.0,423.0,0.42,2.98,0.34,2.98
1703,8.4,0.29,0.2,23.0,409.0,0.38,2.56,0.28,2.52
1704,8.6,0.32,0.19,56.0,339.0,0.28,2.74,0.44,3.56
1705,8.7,0.27,0.17,41.0,437.0,0.36,2.48,0.36,3.74
1706,8.8,0.28,0.21,26.0,381.0,0.44,3.2,0.38,4.7
1707,8.8,0.2,0.24,20.0,508.0,0.4,3.08,0.44,4.32
1708,8.4,0.17,0.18,26.0,353.0,0.28,2.88,0.32,2.9
1709,8.3,0.14,0.14,18.0,395.0,0.32,2.64,0.26,2.58
1710,8.5,0.11,0.11,20.0,494.0,0.26,3.54,0.34,4.14
1711,8.4,0.17,0.19,49.0,381.0,0.32,3.1,0.46,3.78
1712,8.7,0.21,0.21,36.0,508.0,0.28,2.4,0.38,3.5
1713,8.8,0.38,0.18,28.0,480.0,0.36,3.78,0.54,4.78
1714,8.1,0.72,0.17,41.0,212.0,0.38,3.34,0.26,3.48
1715,8.7,0.78,0.21,26.0,409.0,0.24,2.98,0.38,4.7
1716,8.5,0.84,0.27,20.0,395.0,0.34,2.8,0.3,4.98
1717,8.6,0.71,0.16,28.0,437.0,0.42,3.24,0.38,3.28
1718,8.4,0.83,0.11,23.0,339.0,0.36,3.78,0.42,3.64
1719,8.37,0.67,0.19,41.0,35.0,0.3,3.44,0.3,3.52
1720,8.6,0.83,0.27,31.0,437.0,0.28,3.18,0.26,5.1
1721,8.7,0.87,0.21,26.0,367.0,0.24,2.98,0.38,2.84
1722,8.7,0.81,0.18,41.0,409.0,0.38,2.54,0.54,3.56
1723,8.9,0.74,0.14,44.0,480.0,0.3,3.7,0.32,4.84
1724,8.5,0.31,0.19,20.0,310.0,0.26,4.36,0.26,3.56
1725,8.4,0.23,0.21,23.0,254.0,0.38,4.1,0.38,4.38
1726,8.6,0.21,0.16,44.0,339.0,0.28,3.26,0.3,5.4
1727,8.3,0.14,0.14,31.0,381.0,0.42,3.18,0.22,2.98
1728,8.31,0.18,0.19,20.0,282.0,0.38,4.1,0.36,3.4
1729,8.0,0.21,0.21,18.0,325.0,0.32,3.48,0.44,3.18
1730,8.5,0.27,0.16,23.0,240.0,0.24,3.56,0.48,3.36
1731,8.6,0.21,0.19,36.0,395.0,0.38,3.14,0.32,4.78
1732,8.4,0.18,0.27,23.0,437.0,0.42,4.7,0.38,5.32
1733,8.8,0.26,0.21,18.0,466.0,0.34,3.62,0.42,2.74
1734,8.4,0.32,0.18,38.0,395.0,0.3,3.78,0.48,3.58
1735,8.3,0.23,0.29,31.0,536.0,0.26,4.1,0.32,3.9
1736,8.5,0.21,0.21,33.0,508.0,0.4,4.72,0.48,4.74
1737,8.8,0.14,0.27,46.0,466.0,0.24,3.92,0.4,4.1
1738,8.6,0.18,0.18,31.0,381.0,0.34,3.18,0.38,2.9
1739,8.7,0.11,0.29,23.0,480.0,0.3,2.42,0.34,3.42
1740,8.8,0.18,0.37,20.0,437.0,0.28,3.58,0.42,3.78
1741,8.8,0.31,0.26,44.0,353.0,0.36,4.42,0.38,4.46
1742,8.5,0.14,0.21,59.0,296.0,0.42,4.1,0.24,4.7
1743,8.4,0.28,0.18,67.0,339.0,0.38,3.78,0.38,3.78
1744,8.7,0.79,0.18,38.0,381.0,0.38,3.82,0.26,2.58
1745,8.5,0.8,0.31,67.0,452.0,0.26,2.94,0.38,3.22
1746,8.5,0.11,0.27,23.0,325.0,0.3,2.82,0.32,2.78
1747,8.4,0.17,0.41,31.0,437.0,0.24,3.64,0.28,4.3
1748,8.7,0.38,0.26,38.0,452.0,0.32,3.42,0.44,2.64
1749,8.8,0.27,0.19,20.0,310.0,0.42,4.1,0.4,3.58
1750,8.9,0.2,0.24,18.0,296.0,0.28,3.64,0.38,3.82
1751,8.9,0.18,0.21,44.0,437.0,0.38,3.98,0.28,4.26
1752,8.7,0.14,0.17,51.0,480.0,0.3,4.1,0.44,4.1
1753,8.7,0.19,0.23,33.0,367.0,0.22,3.22,0.4,2.94
1754,8.6,0.31,0.3,23.0,325.0,0.36,4.14,0.34,3.42
1755,8.7,0.23,0.24,49.0,437.0,0.34,3.62,0.28,2.78
1756,8.8,0.28,0.14,26.0,480.0,0.24,3.88,0.52,4.3
1757,8.8,0.29,0.19,18.0,367.0,0.38,3.12,0.38,5.48
1758,8.7,0.41,0.21,44.0,395.0,0.44,4.1,0.26,2.82
1759,8.5,0.26,0.23,54.0,310.0,0.32,3.16,0.36,3.64
1760,8.4,0.44,0.18,49.0,437.0,0.36,2.88,0.48,4.74
1761,8.7,0.31,0.11,23.0,480.0,0.28,3.26,0.34,3.98
1762,8.4,0.21,0.16,28.0,339.0,0.34,3.1,0.3,2.82
1763,8.4,0.19,0.23,18.0,310.0,0.4,2.64,0.28,4.14
1764,8.14,0.47,0.23,69.0,395.0,0.28,3.18,0.38,4.9
1765,8.7,0.91,0.17,61.0,296.0,0.38,3.24,0.46,5.18
1766,8.6,0.82,0.14,56.0,480.0,0.26,3.48,0.32,4.7
1767,8.8,0.73,0.19,46.0,409.0,0.38,3.76,0.38,4.12
1768,8.7,0.64,0.14,51.0,508.0,0.34,3.24,0.34,3.8
1769,8.5,0.59,0.18,41.0,381.0,0.28,4.1,0.38,4.74
1770,8.3,0.42,0.22,33.0,466.0,0.34,4.28,0.44,2.82
1771,8.6,0.77,0.15,69.0,409.0,0.3,3.4,0.38,3.7
1772,8.8,0.85,0.11,54.0,310.0,0.26,3.18,0.3,4.16
1773,8.2,0.39,0.17,41.0,395.0,0.3,2.46,0.28,4.94
1774,8.7,0.58,0.14,33.0,339.0,0.26,2.7,0.56,2.9
1775,8.6,0.74,0.18,64.0,494.0,0.38,3.26,0.5,4.18
1776,9.0,0.31,0.18,28.0,409.0,0.34,3.42,0.36,3.76
1777,8.7,0.98,0.27,31.0,325.0,0.28,3.78,0.28,4.78
1778,8.4,0.81,0.2,69.0,381.0,0.22,4.1,0.46,3.64
1779,8.3,1.06,0.16,23.0,254.0,0.36,3.46,0.4,4.1
1780,8.2,1.07,0.19,28.0,339.0,0.3,2.94,0.38,4.78
1781,8.0,1.1,0.11,46.0,423.0,0.24,2.76,0.3,2.86
1782,8.4,0.82,0.16,20.0,466.0,0.22,2.62,0.24,4.12
1783,8.2,0.47,0.14,41.0,367.0,0.44,2.9,0.32,4.76
1784,8.5,0.91,0.21,59.0,296.0,0.26,3.26,0.26,4.94
1785,8.4,0.78,0.13,20.0,339.0,0.34,3.78,0.28,2.78
1786,8.1,0.49,0.32,18.0,268.0,0.3,3.4,0.44,5.1
1787,8.6,0.41,0.23,31.0,282.0,0.26,2.92,0.48,3.88
1788,8.4,0.78,0.14,36.0,409.0,0.38,3.54,0.32,3.7
1789,8.5,0.92,0.18,26.0,367.0,0.24,3.1,0.28,2.98
1790,8.4,0.41,0.13,26.0,310.0,0.26,3.28,0.4,3.54
1791,8.7,0.92,0.19,49.0,395.0,0.34,3.42,0.32,3.9
1792,8.2,0.89,0.22,33.0,494.0,0.28,2.94,0.26,4.26
1793,8.5,1.11,0.16,67.0,212.0,0.34,2.76,0.48,4.8
1794,8.6,1.07,0.18,41.0,268.0,0.42,2.54,0.32,3.62
1795,8.3,1.16,0.21,31.0,310.0,0.26,3.46,0.26,4.28
1796,8.4,1.08,0.16,28.0,254.0,0.38,3.1,0.34,4.7
1797,8.5,0.91,0.31,23.0,282.0,0.3,3.9,0.38,3.54
1798,8.5,0.87,0.27,18.0,381.0,0.22,3.24,0.42,3.96
1799,8.4,0.94,0.21,20.0,226.0,0.26,4.1,0.36,4.2
1800,8.4,0.74,0.39,46.0,325.0,0.34,2.88,0.42,4.1
1801,8.2,0.81,0.28,31.0,437.0,0.3,2.42,0.28,2.98
1802,8.7,0.95,0.41,28.0,395.0,0.28,2.98,0.34,2.56
1803,8.1,1.11,0.16,46.0,480.0,0.36,3.24,0.46,3.24
1804,8.7,0.9,0.19,33.0,381.0,0.26,3.1,0.28,3.82
1805,8.3,0.71,0.32,28.0,296.0,0.34,2.88,0.44,3.4
1806,8.2,0.89,0.27,51.0,310.0,0.3,2.7,0.4,4.12
1807,8.1,0.41,0.14,61.0,240.0,0.24,2.56,0.38,4.9
1808,8.4,1.11,0.41,28.0,381.0,0.4,3.96,0.48,4.82
1809,8.6,1.07,0.29,46.0,339.0,0.46,4.1,0.38,5.46
1810,8.4,1.17,0.37,31.0,437.0,0.38,3.46,0.56,4.48
1811,8.8,1.08,0.48,23.0,310.0,0.46,3.78,0.148,4.76
1812,8.5,0.91,0.28,33.0,268.0,0.48,4.1,0.32,4.1
1813,8.7,0.16,0.16,31.0,367.0,0.32,3.26,0.36,3.78
1814,8.5,0.24,0.19,38.0,452.0,0.26,3.1,0.48,4.26
1815,8.6,0.21,0.31,23.0,466.0,0.28,2.46,0.4,3.4
1816,8.3,0.13,0.29,20.0,240.0,0.22,2.78,0.26,2.94
1817,8.8,0.16,0.32,33.0,452.0,0.34,3.54,0.32,3.56
1818,8.8,0.14,0.18,26.0,494.0,0.38,3.1,0.28,3.28
1819,8.6,0.11,0.14,38.0,339.0,0.32,2.98,0.46,4.1
1820,8.5,0.22,0.27,23.0,452.0,0.26,3.56,0.4,2.96
1821,8.9,0.29,0.31,31.0,466.0,0.38,3.1,0.32,4.1
1822,8.4,0.13,0.28,38.0,240.0,0.24,2.48,0.28,4.72
1823,8.7,0.2,0.27,41.0,212.0,0.2,2.62,0.32,3.64
1824,8.5,0.11,0.41,69.0,296.0,0.28,3.42,0.28,3.94
1825,8.8,0.19,0.17,20.0,310.0,0.36,3.1,0.36,4.12
1826,8.3,0.26,0.18,15.0,409.0,0.3,2.98,0.44,4.9
1827,8.1,0.37,0.18,18.0,325.0,0.26,3.54,0.4,4.1
1828,8.9,0.3,0.11,69.0,437.0,0.38,3.4,0.38,4.82
1829,8.8,0.14,0.27,56.0,381.0,0.28,2.98,0.26,4.9
1830,8.6,0.19,0.21,51.0,325.0,0.34,2.54,0.5,2.98
1831,8.5,0.11,0.14,72.0,367.0,0.3,3.78,0.44,5.36
1832,8.4,0.21,0.19,49.0,423.0,0.26,4.12,0.52,4.72
1833,8.1,0.16,0.22,51.0,494.0,0.38,3.96,0.48,3.64
1834,8.3,0.13,0.31,46.0,310.0,0.3,4.5,0.44,3.1
1835,8.6,0.18,0.29,41.0,353.0,0.26,3.1,0.56,2.82
1836,8.4,0.26,0.21,36.0,452.0,0.28,2.48,0.42,4.1
1837,8.9,0.35,0.16,67.0,437.0,0.44,2.74,0.38,4.94
1838,8.2,0.21,0.19,56.0,254.0,0.4,3.26,0.32,3.58
1839,8.8,0.19,0.31,31.0,268.0,0.28,3.48,0.28,4.12
1840,8.7,0.14,0.27,38.0,310.0,0.32,2.46,0.36,4.78
1841,8.4,0.17,0.14,46.0,226.0,0.26,2.9,0.44,4.1
1842,8.9,0.11,0.11,41.0,508.0,0.38,3.1,0.3,4.98
1843,8.7,0.18,0.17,49.0,268.0,0.34,3.42,0.42,3.58
1844,8.4,0.26,0.21,36.0,395.0,0.28,3.64,0.38,4.1
1845,8.6,0.21,0.29,23.0,282.0,0.36,3.1,0.26,4.72
1846,8.5,0.14,0.14,20.0,409.0,0.44,2.98,0.3,5.64
1847,8.2,0.11,0.18,18.0,24.0,0.28,2.72,0.48,5.3
1848,8.8,0.29,0.11,31.0,423.0,0.32,3.54,0.44,2.98
1849,8.5,0.17,0.17,69.0,409.0,0.26,3.69,0.28,3.24
1850,8.9,0.14,0.21,38.0,466.0,0.34,4.12,0.34,3.1
1851,9.0,0.11,0.27,51.0,494.0,0.3,2.82,0.3,4.26
1852,8.6,0.16,0.18,36.0,367.0,0.26,2.64,0.56,4.7
1853,8.4,0.31,0.16,33.0,296.0,0.34,3.54,0.42,4.1
1854,8.2,0.13,0.2,56.0,254.0,0.3,3.7,0.48,3.54
1855,8.5,0.21,0.31,41.0,339.0,0.24,3.54,0.38,3.12
1856,8.7,0.28,0.15,26.0,240.0,0.22,4.1,0.26,3.68
1857,8.3,0.37,0.12,26.0,310.0,0.36,2.82,0.32,4.32
1858,8.9,0.18,0.28,28.0,353.0,0.3,2.5,0.28,2.98
1859,9.0,0.26,0.21,41.0,437.0,0.28,2.94,0.34,3.42
1860,8.6,0.21,0.18,59.0,296.0,0.32,2.42,0.54,4.18
1861,8.1,0.18,0.26,49.0,367.0,0.28,2.4,0.4,4.9
1862,8.3,0.13,0.19,44.0,268.0,0.44,3.1,0.28,3.24
1863,8.5,0.19,0.14,67.0,452.0,0.4,0.264,0.4,3.82
1864,8.4,0.24,0.11,51.0,310.0,0.32,2.82,0.28,3.7
1865,8.8,0.21,0.2,33.0,254.0,0.22,3.54,0.44,4.18
1866,8.9,0.17,0.27,23.0,212.0,0.26,3.1,0.26,4.1
1867,8.6,0.29,0.21,18.0,339.0,0.32,2.98,0.32,2.48
1868,8.4,0.25,0.15,28.0,310.0,0.28,2.54,0.26,3.24
1869,8.7,0.13,0.19,26.0,268.0,0.32,3.1,0.38,3.1
1870,8.3,0.21,0.21,56.0,437.0,0.28,2.82,0.42,2.98
1871,8.1,0.16,0.26,31.0,381.0,0.34,3.78,0.38,4.24
1872,8.4,0.11,0.31,49.0,310.0,0.26,2.42,0.44,3.78
1873,8.7,0.17,0.11,31.0,282.0,0.38,3.1,0.46,4.1
1874,8.6,0.23,0.13,23.0,325.0,0.42,2.98,0.6,2.98
1875,8.4,0.21,0.27,20.0,381.0,0.38,2.54,0.42,4.18
1876,8.1,0.14,0.16,28.0,409.0,0.26,3.42,0.34,4.7
1877,8.7,0.16,0.11,36.0,339.0,0.34,2.98,0.28,4.98
1878,8.4,0.37,0.12,36.0,254.0,0.36,3.12,0.52,3.132
1879,8.1,0.21,0.18,28.0,296.0,0.42,2.21,0.36,3.98
1880,8.7,0.14,0.13,23.0,240.0,0.38,3.54,0.42,4.2
1881,8.3,0.19,0.17,20.0,339.0,0.42,3.9,0.26,4.18
1882,8.5,0.27,0.21,36.0,395.0,0.26,3.12,0.5,3.9
1883,8.7,0.21,0.29,33.0,310.0,0.22,2.9,0.24,3.54
1884,8.4,0.13,0.15,38.0,423.0,0.36,3.54,0.28,3.12
1885,8.7,0.18,0.19,41.0,452.0,0.42,3.1,0.36,3.9
1886,8.6,0.21,0.31,44.0,310.0,0.3,2.48,0.42,4.82
1887,8.0,0.26,0.26,26.0,254.0,0.28,2.7,0.38,4.42
1888,8.6,0.13,0.3,20.0,240.0,0.24,3.54,0.4,3.8
1889,8.9,0.19,0.14,31.0,339.0,0.28,3.1,0.54,3.7
1890,8.7,0.24,0.317,41.0,282.0,0.32,2.46,0.28,4.58
1891,8.3,0.15,0.2,36.0,254.0,0.24,2.4,0.36,4.1
1892,8.1,0.1,0.18,44.0,310.0,0.28,3.58,0.4,3.26
1893,8.7,0.16,0.17,36.0,339.0,0.32,3.1,0.32,3.78
1894,8.3,0.19,0.15,54.0,254.0,0.28,2.48,0.28,4.1
1895,8.6,0.23,0.3,28.0,226.0,0.36,2.7,0.38,2.98
1896,8.4,0.2,0.27,22.0,343.0,0.42,3.56,0.4,3.54
1897,8.9,0.14,0.21,20.0,282.0,0.4,3.1,0.34,3.1
1898,8.9,0.12,0.16,31.0,268.0,0.32,3.42,0.32,3.46
1899,8.3,0.174,0.13,20.0,310.0,0.26,3.1,0.42,3.2
1900,8.0,0.27,0.18,33.0,409.0,0.22,4.16,0.28,4.54
1901,8.5,0.24,0.12,26.0,339.0,0.38,2.98,0.34,3.8
1902,8.6,0.31,0.18,38.0,437.0,0.24,4.2,0.44,3.54
1903,8.6,0.26,0.22,23.0,325.0,0.32,3.12,0.46,3.64
1904,8.4,0.21,0.11,18.0,282.0,0.26,3.64,0.28,4.78
1905,8.7,0.16,0.15,33.0,353.0,0.32,3.1,0.32,4.7
1906,8.3,0.11,0.21,49.0,437.0,0.24,2.42,0.26,3.46
1907,8.5,0.19,0.13,61.0,282.0,0.38,3.82,0.32,3.58
1908,8.7,0.29,0.19,33.0,381.0,0.23,3.18,0.3,4.78
1909,8.7,0.31,0.24,20.0,240.0,0.34,2.98,0.44,4.1
1910,8.8,0.39,0.2,18.0,339.0,0.28,2.5,0.26,4.94
1911,8.4,0.22,0.26,36.0,480.0,0.26,3.26,0.38,4.46
1912,8.6,0.28,0.11,31.0,381.0,0.3,3.1,0.24,3.64
1913,8.1,0.19,0.17,64.0,339.0,0.26,2.94,0.32,3.78
1914,8.7,0.14,0.14,41.0,395.0,0.38,3.54,0.26,4.26
1915,8.4,0.11,0.21,26.0,254.0,0.24,3.1,0.28,4.7
1916,8.6,0.17,0.16,33.0,296.0,0.36,2.48,0.37,5.1
1917,8.3,0.21,0.23,41.0,367.0,0.44,2.7,0.44,2.98
1918,8.9,0.29,0.31,28.0,310.0,0.38,2.48,0.44,4.54
1919,8.5,0.16,0.18,20.0,353.0,0.26,2.92,0.36,3.96
1920,8.3,0.13,0.14,36.0,395.0,0.32,3.26,0.28,4.1
1921,8.9,0.2,0.19,46.0,452.0,0.26,3.1,0.54,4.7
1922,8.8,0.11,0.26,20.0,296.0,0.38,2.42,0.48,3.46
1923,8.6,0.16,0.21,36.0,437.0,0.24,2.64,0.32,3.78
1924,8.4,0.29,0.16,23.0,367.0,0.24,3.78,0.24,4.26
1925,8.7,0.18,0.11,18.0,325.0,0.38,3.1,0.48,4.18
1926,8.5,0.1,0.11,36.0,423.0,0.42,2.98,0.44,4.9
1927,8.1,0.16,0.12,31.0,480.0,0.26,2.44,0.38,3.7
1928,8.6,0.26,0.19,31.0,339.0,0.32,3.18,0.42,4.1
1929,8.2,0.31,0.21,28.0,381.0,0.28,4.24,0.56,2.98
1930,8.7,0.42,0.27,15.0,325.0,0.3,3.48,0.48,4.7
1931,8.9,0.26,0.24,24.0,282.0,0.24,3.198,0.34,5.4
1932,8.8,0.21,0.18,21.0,240.0,0.36,2.98,0.48,4.1
1933,8.5,0.18,0.15,13.0,296.0,0.48,3.28,0.32,2.46
1934,8.2,0.11,0.11,18.0,310.0,0.4,3.94,0.54,4.78
1935,8.2,0.11,0.11,18.0,310.0,0.4,,0.54,4.78
1936,8.1,0.41,0.15,21.0,381.0,0.32,3.54,0.28,3.64
1937,8.2,0.41,0.27,15.0,198.0,0.28,3.1,0.36,3.72
1938,8.6,0.35,0.15,41.0,226.0,0.36,2.72,0.42,4.1
1939,8.9,0.23,0.11,28.0,423.0,0.4,2.6,0.38,4.62
1940,8.8,0.2,0.18,20.0,381.0,0.28,3.1,0.26,3.82
1941,8.4,0.16,0.23,31.0,325.0,0.32,3.18,0.36,3.1
1942,8.2,0.19,0.2,41.0,310.0,0.26,2.44,0.44,2.98
1943,8.5,0.27,0.13,46.0,452.0,0.34,3.52,0.38,3.56
1944,8.88,0.21,0.18,49.0,466.0,0.24,3.18,0.3,3.1
1945,8.0,0.15,0.16,15.0,395.0,0.28,3.1,0.22,2.98
1946,8.7,0.27,0.11,20.0,310.0,0.32,2.62,0.28,2.54
1947,8.1,0.16,0.19,28.0,381.0,0.22,2.82,0.34,3.54
1948,8.5,0.21,0.21,41.0,452.0,0.28,3.28,0.48,3.1
1949,8.4,0.21,0.16,33.0,381.0,0.34,3.1,0.32,3.76
1950,8.2,0.18,0.11,23.0,339.0,0.3,2.54,0.44,4.16
1951,8.9,0.44,0.31,28.0,310.0,0.28,2.9,0.56,4.38
1952,9.0,0.16,0.29,26.0,282.0,0.34,2.58,0.38,2.86
1953,8.5,0.39,0.13,33.0,381.0,0.24,3.15,0.42,3.44
1954,8.3,0.52,0.21,23.0,296.0,0.36,2.9,0.32,4.12
1955,8.1,0.41,0.18,20.0,240.0,0.2,3.54,0.26,4.7
1956,8.8,0.18,0.16,31.0,282.0,0.26,3.1,0.4,3.64
1957,9.1,0.23,0.16,18.0,395.0,0.38,2.98,0.28,3.58
1958,8.2,0.2,0.19,38.0,409.0,0.3,2.54,0.44,4.26
1959,8.5,0.11,0.23,41.0,339.0,0.22,3.22,0.28,4.1
1960,8.3,0.19,0.27,23.0,310.0,0.26,3.1,0.36,4.94
1961,8.1,0.18,0.18,46.0,381.0,0.34,2.64,0.38,3.58
1962,8.5,0.26,0.19,51.0,409.0,0.3,2.82,0.42,4.52
1963,8.7,0.21,0.24,28.0,310.0,0.28,3.5,0.3,3.98
1964,8.0,0.14,0.12,54.0,367.0,0.32,2.42,0.26,4.18
1965,8.6,0.19,0.18,20.0,437.0,0.22,3.44,0.32,4.72
1966,8.4,0.27,0.21,18.0,423.0,0.36,3.28,0.28,3.8
1967,8.2,0.34,0.23,31.0,325.0,0.3,3.1,0.32,5.12
1968,8.7,0.49,0.18,36.0,409.0,0.24,2.82,0.28,3.58
1969,8.1,0.18,0.14,20.0,310.0,0.32,2.42,0.34,3.7
1970,8.3,0.14,0.21,26.0,296.0,0.28,3.18,0.42,4.28
1971,8.0,0.24,0.18,33.0,409.0,0.32,3.54,0.28,4.1
1972,8.9,0.29,0.32,51.0,466.0,0.26,3.2,0.32,4.18
1973,9.1,0.18,0.29,41.0,310.0,0.32,2.98,0.26,2.98
1974,8.2,0.47,0.18,36.0,437.0,0.28,2.5,0.36,3.28
1975,8.6,0.11,0.24,28.0,494.0,0.32,3.42,0.42,4.18
1976,8.5,0.16,0.16,20.0,325.0,0.28,3.1,0.38,4.7
1977,8.4,0.21,0.12,31.0,296.0,0.26,3.58,0.42,3.58
1978,8.3,0.31,0.11,36.0,396.0,0.32,3.16,0.4,4.1
1979,8.6,0.29,0.19,33.0,452.0,0.24,2.82,0.38,2.98
1980,8.9,0.11,0.23,23.0,494.0,0.38,2.42,0.328,3.58
1981,8.5,0.19,0.21,18.0,310.0,0.3,3.58,0.36,3.1
1982,8.6,0.21,0.18,20.0,254.0,0.26,3.1,44.0,4.4
1983,8.6,0.44,0.12,31.0,254.0,0.26,3.26,0.26,3.78
1984,9.0,0.15,0.18,20.0,310.0,0.32,2.94,0.32,4.54
1985,8.4,0.22,0.13,18.0,339.0,0.24,3.56,0.24,4.92
1986,8.4,0.16,0.16,26.0,395.0,0.4,3.1,0.4,3.72
1987,8.6,0.11,0.21,31.0,310.0,0.28,2.42,0.26,3.1
1988,8.1,0.29,0.39,36.0,381.0,0.32,3.78,0.46,2.82
1989,8.9,0.31,0.24,20.0,339.0,0.26,3.1,0.32,3.1
1990,8.7,0.22,0.16,41.0,296.0,0.44,2.96,0.28,2.82
1991,8.3,0.18,0.18,36.0,254.0,0.38,3.58,0.34,3.54
1992,8.5,0.14,0.24,18.0,325.0,0.24,3.1,0.46,3.7
1993,8.8,0.16,0.21,33.0,381.0,0.22,2.82,0.4,3.94
1994,8.6,0.21,0.18,41.0,437.0,0.38,3.7,0.38,4.54
1995,8.9,0.14,0.13,26.0,296.0,0.3,3.18,0.26,3.18
1996,9.1,0.19,0.21,44.0,268.0,0.24,4.1,0.38,3.7
1997,9.0,0.28,0.18,56.0,310.0,0.36,2.98,0.24,4.78
1998,8.4,0.1,0.21,36.0,310.0,0.22,3.12,0.46,3.42
1999,8.2,0.16,0.18,54.0,339.0,0.38,3.78,0.28,4.18
2000,8.3,0.12,0.29,41.0,381.0,0.26,2.42,0.32,3.92
2001,8.1,0.19,0.21,33.0,452.0,0.32,3.18,0.48,3.1
2002,8.4,0.14,0.16,28.0,325.0,0.4,3.78,0.54,2.42
2003,8.5,0.1,0.11,41.0,310.0,0.28,3.24,0.32,4.98
2004,8.6,0.1,0.19,31.0,282.0,0.36,3.94,0.28,4.26
2005,8.1,0.17,0.21,28.0,409.0,0.4,2.82,0.32,4.1
2006,8.3,0.21,0.27,51.0,423.0,0.28,3.52,0.26,2.98
2007,8.6,0.27,0.18,44.0,367.0,0.34,3.1,0.44,4.1
2008,8.4,0.17,0.12,26.0,240.0,0.42,3.56,0.42,4.18
2009,8.9,0.23,0.19,18.0,282.0,0.26,3.24,0.26,4.9
2010,8.5,0.2,0.21,33.0,381.0,0.32,2.82,0.38,3.58
2011,8.7,0.16,0.25,41.0,339.0,0.28,3.58,0.3,3.4
2012,8.6,0.21,0.15,36.0,296.0,0.34,3.4,0.22,2.82
2013,8.8,0.13,0.18,51.0,310.0,0.4,2.82,0.38,3.54
2014,8.4,0.28,0.21,23.0,381.0,0.28,2.42,0.42,3.4
2015,8.2,0.24,0.17,31.0,296.0,0.36,3.18,0.26,2.96
2016,8.8,0.16,0.13,38.0,310.0,0.38,2.98,0.32,4.18
2017,8.8,0.16,0.13,38.0,310.0,0.38,2.98,0.32,4.18
2018,8.7,0.19,0.18,26.0,395.0,0.3,2.54,0.26,4.32
2019,8.5,0.28,0.27,46.0,423.0,0.28,2.36,0.38,2.92
2020,8.9,0.21,0.21,23.0,367.0,0.36,2.58,0.26,3.58
2021,8.4,0.39,0.18,20.0,353.0,0.24,3.24,0.32,4.12
2022,8.7,0.27,0.13,31.0,310.0,0.32,3.76,0.38,2.88
2023,8.6,0.21,0.21,20.0,268.0,0.26,3.1,0.42,3.5
2024,8.8,0.18,0.19,38.0,452.0,0.24,2.88,0.24,3.14
2025,8.4,0.13,0.23,26.0,381.0,0.32,3.5,0.32,4.36
2026,8.3,0.21,0.2,20.0,310.0,0.3,3.62,0.28,3.92
2027,8.2,0.28,0.19,38.0,240.0,0.26,3.94,0.32,3.48
2028,8.4,0.16,0.27,41.0,268.0,0.38,4.2,0.26,5.1
2029,8.0,0.2,0.18,33.0,381.0,0.24,3.1,0.22,4.12
2030,9.0,0.19,0.13,26.0,310.0,0.38,2.42,0.34,3.82
2031,8.7,0.11,0.19,46.0,282.0,0.3,2.9,0.38,3.48
2032,8.6,0.1,0.21,36.0,240.0,0.28,3.58,0.42,4.2
2033,8.6,0.15,0.27,28.0,310.0,0.36,3.92,0.32,4.78
2034,9.0,0.18,0.14,23.0,226.0,0.44,2.4,0.28,4.3
2035,8.7,0.14,0.13,18.0,296.0,0.28,2.78,0.36,3.78
2036,8.4,0.21,0.27,41.0,353.0,0.38,3.26,0.4,3.26
2037,8.1,0.19,0.21,36.0,395.0,0.3,3.18,0.28,4.1
2038,8.6,0.23,0.13,28.0,268.0,0.28,3.18,0.42,3.12
2039,8.9,0.39,0.19,31.0,325.0,0.32,2.9,0.28,2.98
2040,9.1,0.21,0.28,26.0,254.0,0.26,3.26,0.32,4.52
2041,9.0,0.19,0.17,23.0,409.0,0.3,4.1,0.42,4.1
2042,8.6,0.29,0.26,20.0,240.0,0.42,3.82,0.38,3.62
2043,8.7,0.31,0.31,31.0,226.0,0.38,3.7,0.44,3.1
2044,8.4,0.24,0.29,28.0,310.0,0.26,2.98,0.4,2.82
2045,8.6,0.21,0.21,49.0,339.0,0.32,4.1,0.36,3.12
2046,8.9,0.15,0.14,26.0,395.0,0.28,2.98,0.28,3.94
2047,8.7,0.19,0.19,38.0,282.0,0.42,3.24,0.32,4.12
2048,8.8,0.27,0.21,67.0,381.0,0.24,3.78,0.26,4.78
2049,8.8,0.21,37.0,41.0,268.0,0.38,4.1,0.42,4.9
2050,8.7,0.16,0.18,28.0,395.0,0.36,2.98,0.38,3.28
2051,8.6,0.29,0.14,23.0,423.0,0.28,4.26,0.4,4.28
2052,8.6,0.31,0.17,20.0,452.0,0.32,4.1,0.54,4.7
2053,8.7,0.16,0.27,26.0,339.0,0.36,3.24,0.38,4.78
2054,8.1,0.19,0.14,28.0,395.0,0.42,3.1,0.3,3.26
2055,8.1,0.19,0.14,28.0,395.0,0.42,3.1,0.3,3.26
2056,8.9,0.21,0.19,38.0,296.0,0.38,2.98,0.28,3.9
2057,8.6,0.27,0.27,59.0,423.0,0.42,4.2,0.28,4.28
2058,9.0,0.1,0.18,31.0,325.0,0.28,3.54,0.42,3.78
2059,8.8,0.11,0.23,26.0,381.0,0.34,2.88,0.34,4.1
2060,8.8,0.19,0.29,49.0,353.0,0.3,2.56,0.3,2.48
2061,8.7,0.14,0.18,67.0,282.0,0.26,2.7,0.28,2.78
2062,8.7,0.18,0.27,41.0,339.0,0.4,3.18,0.4,4.2
2063,8.8,0.11,0.32,31.0,296.0,0.24,3.54,0.34,3.56
2064,8.8,0.19,0.29,28.0,325.0,0.3,3.1,0.32,3.78
2065,8.6,0.16,0.28,44.0,409.0,0.28,2.98,0.28,4.24
2066,8.9,0.22,0.32,23.0,381.0,0.36,2.54,0.42,4.9
2067,8.5,0.29,0.2,18.0,437.0,0.3,2.96,0.4,3.26
2068,8.8,0.14,0.15,44.0,452.0,0.24,3.5,0.26,3.78
2069,8.5,0.17,0.12,49.0,480.0,0.36,3.94,0.38,3.5
2070,8.3,0.21,0.19,26.0,381.0,0.44,3.1,0.28,2.82
2071,8.8,0.1,0.23,31.0,353.0,0.38,2.56,0.3,3.94
2072,8.6,0.18,0.18,44.0,437.0,0.26,2.34,0.28,3.26
2073,8.9,0.23,0.27,51.0,310.0,0.34,2.82,0.32,3.48
2074,8.5,0.3,0.21,49.0,268.0,0.32,3.54,0.42,3.1
2075,8.4,0.21,0.34,31.0,395.0,0.26,3.92,0.38,2.82
2076,8.7,0.16,0.27,36.0,282.0,0.34,3.1,0.3,3.54
2077,8.8,0.18,0.21,41.0,381.0,0.24,2.88,0.26,3.76
2078,8.8,0.31,0.39,59.0,423.0,0.32,3.64,0.24,3.1
2079,8.6,0.29,0.31,44.0,480.0,0.28,3.82,0.34,2.82
2080,8.3,0.18,0.23,26.0,310.0,0.34,3.6,0.42,3.78
2081,8.5,0.11,0.26,31.0,3254.0,0.26,3.18,0.38,3.42
2082,8.9,0.29,0.321,23.0,339.0,0.34,2.92,0.26,3.78
2083,8.7,0.15,0.27,33.0,437.0,0.28,3.54,0.36,3.1
2084,8.6,0.13,0.21,46.0,254.0,0.32,3.98,0.42,2.88
2085,8.6,0.27,0.18,20.0,409.0,0.24,3.4,0.38,4.54
2086,8.8,0.21,0.23,31.0,367.0,0.38,2.42,0.24,3.78
2087,8.4,0.14,0.31,36.0,381.0,0.24,3.7,0.38,4.24
2088,8.7,0.11,0.27,,437.0,0.25,2.64,0.44,3.96
2089,8.6,0.19,0.24,41.0,452.0,0.32,3.26,0.26,4.1
2090,8.5,0.27,0.39,59.0,339.0,0.44,3.54,0.38,2.82
2091,8.8,0.18,0.23,38.0,254.0,0.4,3.68,0.44,3.7
2092,8.8,0.25,0.28,26.0,381.0,0.32,3.1,0.4,4.1
2093,8.7,0.14,0.29,23.0,212.0,0.26,3.28,0.42,3.64
2094,8.3,0.27,0.22,18.0,381.0,0.3,3.58,0.38,3.26
2095,8.6,0.2,0.31,20.0,395.0,0.22,4.1,0.3,4.78
2096,8.4,0.16,0.24,33.0,268.0,0.38,2.42,0.26,3.18
2097,8.6,0.29,0.19,46.0,409.0,0.28,3.76,0.38,3.64
2098,8.3,0.21,0.15,31.0,423.0,0.3,3.48,0.42,3.26
2099,8.5,0.18,0.18,38.0,282.0,0.28,3.1,0.36,3.78
2100,8.9,0.26,0.24,46.0,381.0,0.34,2.9,0.3,4.36
2101,8.6,0.21,0.21,26.0,437.0,0.3,2.56,0.28,4.9
2102,8.5,0.17,0.27,23.0,254.0,0.22,2.48,0.38,2.93
2103,8.9,0.13,0.31,33.0,310.0,0.38,2.78,0.42,2.58
2104,8.8,0.29,0.29,46.0,381.0,0.3,3.28,0.26,3.46
2105,8.8,0.37,0.21,41.0,423.0,0.28,3.1,0.3,3.48
2106,8.4,0.3,0.37,23.0,240.0,0.32,2.98,0.24,4.82
2107,8.9,0.16,0.21,36.0,339.0,0.24,3.24,0.32,4.46
2108,8.5,0.29,0.18,51.0,395.0,0.32,3.56,0.26,3.7
2109,8.6,0.31,0.11,33.0,268.0,0.26,3.7,0.38,3.48
2110,8.7,0.16,0.19,26.0,254.0,0.38,4.2,0.44,4.72
2111,8.8,0.19,0.21,31.0,339.0,0.3,3.1,0.4,4.18
2112,8.4,0.11,0.23,20.0,268.0,0.22,3.28,0.26,4.5
2113,8.5,0.18,0.18,44.0,381.0,0.28,3.42,0.32,3.96
2114,8.6,0.27,0.16,41.0,282.0,0.34,3.4,0.46,3.48
2115,8.7,0.21,0.11,28.0,353.0,0.3,3.1,0.4,3.54
2116,8.7,0.14,0.27,23.0,282.0,0.24,2.98,0.38,4.1
2117,8.5,0.19,0.21,31.0,339.0,0.33,2.62,0.3,4.94
2118,8.7,0.13,0.21,31.0,339.0,0.32,3.24,0.24,3.24
2119,8.6,0.19,0.18,28.0,437.0,0.26,3.78,0.38,4.7
2120,8.5,0.11,0.31,23.0,310.0,0.3,2.92,0.26,4.18
2121,8.6,0.18,0.27,41.0,395.0,0.24,3.26,0.42,3.94
2122,8.5,0.13,0.23,36.0,339.0,0.32,3.8,0.38,3.28
2123,8.6,0.1,0.19,51.0,310.0,0.26,2.64,0.42,4.3
2124,8.5,0.19,0.24,20.0,409.0,0.38,2.82,0.36,4.94
2125,8.7,0.14,0.18,36.0,452.0,0.42,3.28,0.54,4.1
2126,8.8,0.23,0.11,54.0,310.0,0.38,2.88,0.42,2.88
2127,8.8,0.18,0.29,46.0,282.0,0.3,3.42,0.38,3.24
2128,8.6,0.21,0.16,31.0,466.0,0.24,3.1,0.56,3.64
2129,8.5,0.13,0.31,49.0,480.0,0.26,2.64,0.28,3.9
2130,8.6,0.19,0.27,61.0,282.0,0.44,2.78,0.34,4.78
2131,8.7,0.27,0.25,41.0,296.0,0.4,3.56,0.28,4.1
2132,8.7,0.21,0.21,56.0,423.0,0.38,3.4,0.24,2.98
2133,8.5,0.11,0.16,61.0,353.0,0.42,3.78,0.32,3.54
2134,8.8,0.19,0.19,36.0,282.0,0.49,4.24,0.258,3.78
2135,8.9,0.25,0.27,26.0,437.0,0.44,4.1,0.44,4.94
2136,8.4,0.21,0.21,23.0,466.0,0.4,3.46,0.4,3.88
2137,8.3,0.29,0.18,49.0,494.0,0.28,3.8,0.28,4.64
2138,8.4,0.18,0.24,61.0,310.0,0.3,2.98,0.32,3.26
2139,8.9,0.22,0.11,23.0,409.0,0.24,4.1,0.26,4.14
2140,8.8,0.15,0.17,46.0,494.0,0.36,2.46,0.4,4.78
2141,8.7,0.13,0.21,33.0,480.0,0.4,2.78,0.32,4.36
2142,8.6,0.1,0.27,38.0,423.0,0.28,3.24,0.26,4.78
2143,8.6,0.19,0.31,59.0,310.0,0.32,3.1,0.38,4.3
2144,8.1,0.21,0.29,31.0,282.0,0.26,3.48,0.42,4.7
2145,8.8,0.29,0.31,61.0,466.0,0.42,3.18,0.38,3.24
2146,8.5,0.37,0.2,41.0,437.0,0.3,2.48,0.44,3.1
2147,8.6,0.21,0.18,28.0,310.0,0.44,3.54,0.38,4.18
2148,8.4,0.13,0.23,33.0,409.0,0.3,3.78,0.44,4.7
2149,8.6,0.2,0.2,26.0,325.0,0.26,3.4,0.36,4.1
2150,8.8,0.27,0.31,20.0,296.0,0.38,63.28,0.54,3.14
2151,8.7,0.11,0.18,36.0,367.0,0.22,2.82,0.28,3.82
2152,8.3,0.25,0.13,41.0,208.0,0.32,3.26,0.32,2.98
2153,8.5,0.31,0.21,44.0,254.0,0.24,3.48,0.28,4.36
2154,8.4,0.26,0.29,33.0,353.0,0.4,3.1,0.58,4.9
2155,8.4,0.21,0.18,26.0,423.0,0.26,2.48,0.28,4.1
2156,8.8,0.18,0.11,20.0,480.0,0.24,2.7,0.32,2.82
2157,8.3,0.27,0.18,33.0,367.0,0.32,3.1,0.26,3.78
2158,8.3,0.13,0.2,46.0,296.0,0.36,3.44,0.4,3.64
2159,8.6,0.27,0.21,56.0,268.0,0.28,2.86,0.48,3.54
2160,8.5,0.2,0.18,41.0,381.0,0.32,2.78,0.32,4.2
2161,8.8,0.16,0.11,23.0,409.0,0.28,2.5,0.38,4.78
2162,8.7,0.31,0.19,56.0,480.0,0.4,3.78,0.44,4.1
2163,8.6,0.27,0.23,38.0,423.0,0.22,4.1,0.26,3.86
2164,8.3,0.21,0.29,26.0,282.0,0.28,2.98,0.38,3.78
2165,8.5,0.16,0.21,41.0,254.0,0.32,2.54,0.54,5.4
2166,8.8,0.11,0.18,49.0,437.0,0.38,3.26,0.4,4.1
2167,8.6,0.19,0.14,20.0,353.0,0.44,3.1,0.38,4.94
2168,8.2,0.2,0.13,31.0,268.0,0.28,3.14,0.42,4.12
2169,8.0,0.31,0.27,26.0,310.0,0.32,3.1,0.32,3.9
2170,8.4,0.2,0.21,49.0,254.0,0.26,2.94,0.38,4.26
2171,8.5,0.17,0.18,54.0,339.0,0.38,2.88,0.32,4.78
2172,8.4,0.18,0.17,61.0,395.0,0.24,4.24,0.28,3.54
2173,8.4,0.19,0.14,31.0,381.0,0.26,3.12,0.36,3.72
2174,8.5,0.18,0.19,26.0,367.0,0.32,3.19,0.3,3.18
2175,8.3,0.16,0.21,23.0,423.0,0.26,2.62,0.28,4.36
2176,8.1,0.14,0.29,20.0,296.0,0.38,3.7,0.32,4.7
2177,8.4,0.12,0.34,33.0,409.0,0.26,2.42,0.26,4.18
2178,8.5,0.15,0.21,41.0,466.0,0.38,2.18,0.32,3.24
2179,8.4,0.18,0.16,20.0,254.0,0.24,3.24,0.26,3.18
2180,8.5,0.17,0.13,44.0,423.0,0.28,3.1,0.32,3.78
2181,8.5,0.19,0.27,51.0,254.0,0.3,3.18,0.28,4.26
2182,8.4,0.17,0.21,67.0,437.0,0.24,2.82,0.34,4.78
2183,8.7,0.15,0.13,56.0,494.0,0.26,2.7,0.46,4.6
2184,8.5,0.16,0.29,31.0,254.0,0.38,3.54,0.32,3.98
2185,8.0,0.18,0.21,23.0,437.0,0.42,0.3,0.28,4.2
2186,8.1,0.19,0.14,28.0,310.0,0.38,2.98,0.32,4.78
2187,8.3,0.22,0.19,44.0,254.0,0.26,3.2,0.24,4.18
2188,8.5,0.19,0.31,56.0,437.0,0.32,3.78,0.38,4.28
2189,8.4,0.214,0.21,31.0,423.0,0.26,4.26,0.24,4.9
2190,8.3,0.2,0.29,28.0,254.0,0.38,4.1,0.32,4.36
2191,8.2,0.21,0.18,46.0,240.0,0.24,2.82,0.26,4.18
2192,8.5,0.19,0.21,51.0,381.0,0.2,3.1,0.38,4.12
2193,8.3,0.17,0.27,59.0,254.0,0.32,3.9,0.3,4.24
2194,8.4,0.16,0.14,67.0,423.0,0.28,2.88,0.42,4.22
2195,8.5,0.17,0.19,33.0,494.0,0.36,3.24,0.38,4.2
2196,8.2,0.2,0.21,28.0,240.0,0.4,3.1,0.42,4.34
2197,8.1,0.16,0.31,20.0,310.0,0.28,2.88,0.38,5.36
2198,8.3,0.24,0.21,26.0,381.0,0.28,3.26,0.44,3.54
2199,8.4,0.2,0.16,20.0,96.0,0.32,3.7,0.32,4.78
2200,8.4,0.13,0.19,31.0,254.0,0.24,2.98,0.38,4.1
2201,8.2,0.17,0.14,23.0,395.0,0.28,3.54,0.54,3.64
2202,8.4,0.18,0.19,38.0,296.0,0.34,3.1,0.38,2.82
2203,8.6,0.19,0.31,20.0,240.0,0.22,2.88,0.26,4.12
2204,8.4,0.17,0.18,46.0,381.0,0.34,2.7,0.46,3.84
2205,8.1,0.19,0.14,61.0,339.0,0.63,3.56,0.32,3.16
2206,8.4,0.15,0.33,67.0,240.0,0.26,3.1,0.24,2.92
2207,8.5,0.19,0.27,49.0,409.0,0.32,2.42,0.52,3.54
2208,8.5,0.16,0.21,28.0,381.0,0.28,3.78,0.36,3.8
2209,8.5,0.16,0.16,18.0,339.0,0.3,3.1,0.3,2.54
2210,8.6,0.18,0.31,15.0,296.0,0.22,2.82,0.28,3.26
2211,8.5,0.17,0.219,23.0,381.0,0.34,2.42,0.34,3.7
2212,8.2,0.12,0.21,28.0,268.0,0.38,3.24,0.26,2.82
2213,8.6,0.18,0.18,26.0,409.0,0.26,3.78,0.24,3.78
2214,8.5,0.16,0.27,20.0,296.0,0.24,4.1,0.46,2.54
2215,8.3,0.17,0.21,33.0,254.0,0.36,3.7,0.4,3.5
2216,8.0,0.14,0.16,28.0,367.0,0.3,2.82,0.28,2.48
2217,8.4,0.13,0.19,46.0,310.0,0.26,3.56,0.36,2.7
2218,8.6,0.18,0.27,41.0,395.0,0.38,3.1,0.42,3.26
2219,8.2,0.13,0.23,20.0,423.0,0.24,2.82,0.34,3.78
2220,8.1,0.19,0.21,18.0,282.0,0.22,3.58,0.42,4.32
2221,8.3,0.2,0.23,26.0,240.0,0.38,4.1,0.36,4.7
2222,8.5,0.19,0.21,31.0,310.0,0.26,2.82,0.24,3.58
2223,8.3,0.17,0.19,26.0,325.0,0.32,3.14,0.38,2.84
2224,8.6,0.13,0.13,38.0,38.0,0.28,3.56,0.32,2.56
2225,8.5,0.15,0.21,41.0,409.0,0.38,2.72,0.28,3.26
2226,8.4,0.17,0.18,23.0,339.0,0.24,3.58,0.34,3.1
2227,8.3,0.19,0.26,20.0,254.0,0.38,3.1,0.28,3.58
2228,8.1,0.25,0.18,26.0,381.0,0.24,3.92,0.44,4.78
2229,8.1,0.2,0.23,33.0,409.0,0.32,3.24,0.32,3.42
2230,8.2,0.19,0.15,67.0,339.0,0.36,2.82,0.3,3.98
2231,8.3,0.24,0.2,51.0,296.0,0.28,2.56,0.38,4.4
2232,8.1,0.18,0.316,44.0,423.0,0.3,2.78,0.26,2.82
2233,8.3,0.17,0.29,31.0,325.0,0.24,3.24,0.32,2.48
2234,8.3,0.19,0.21,26.0,353.0,0.32,3.1,0.26,3.26
2235,8.3,0.27,0.16,20.0,282.0,0.24,2.78,0.38,3.78
2236,8.1,0.2,0.13,33.0,339.0,0.38,2.5,0.52,4.6
2237,8.3,0.169,0.23,23.0,395.0,0.26,3.24,0.44,4.1
2238,8.2,0.23,0.2,38.0,423.0,0.4,3.96,0.4,2.82
2239,8.5,0.29,0.16,46.0,381.0,0.22,3.1,0.38,2.56
2240,8.3,0.28,0.18,23.0,466.0,0.38,2.82,0.52,3.54
2241,8.2,0.26,0.29,0.31,409.0,0.32,3.76,0.38,3.44
2242,8.0,0.2,0.21,46.0,480.0,0.28,3.1,0.28,3.56
2243,8.5,0.23,0.16,38.0,437.0,0.32,3.94,0.32,4.1
2244,8.1,0.24,0.23,44.0,367.0,0.4,3.1,0.4,2.88
2245,8.2,0.2,0.28,28.0,339.0,0.26,2.42,0.28,3.24
2246,8.4,0.19,0.24,33.0,296.0,0.28,2.88,0.32,3.58
2247,8.0,0.18,0.16,49.0,381.0,0.3,2.46,0.26,4.24
2248,8.4,0.2,0.23,26.0,254.0,0.24,2.78,0.38,2.96
2249,8.5,0.24,0.29,31.0,367.0,0.28,3.24,0.24,3.28
2250,8.3,0.25,0.16,54.0,437.0,0.32,3.1,0.3,3.78
2251,8.2,0.2,0.19,36.0,381.0,0.26,2.48,0.26,4.18
2252,8.4,0.21,0.27,23.0,480.0,0.38,3.78,0.38,3.24
2253,9.3,0.18,0.13,26.0,268.0,0.38,3.42,0.32,3.14
2254,9.0,0.07,0.18,18.0,353.0,0.24,3.28,0.28,3.78
2255,8.8,0.06,0.22,36.0,437.0,0.36,3.1,0.34,2.94
2256,8.9,0.1,0.11,23.0,381.0,0.42,2.98,0.3,3.28
2257,9.0,0.08,0.16,31.0,480.0,0.4,3.54,0.26,4.5
2258,8.7,0.07,0.29,38.0,339.0,0.28,3.1,0.3,3.2
2259,8.8,0.06,0.15,46.0,310.0,0.24,2.88,0.28,2.84
2260,9.3,0.09,0.19,59.0,423.0,0.3,2.54,0.44,3.64
2261,8.9,0.07,0.14,23.0,466.0,0.28,3.1,0.4,3.7
2262,8.8,0.06,0.12,18.0,409.0,0.24,2.76,0.28,2.98
2263,9.0,0.1,0.17,20.0,310.0,0.32,2.48,0.36,3.24
2264,8.9,0.09,0.13,36.0,282.0,0.22,3.24,0.54,3.94
2265,8.8,0.08,0.21,26.0,395.0,0.3,2.5,0.44,3.48
2266,8.8,0.07,0.16,38.0,480.0,0.26,3.28,0.4,4.28
2267,9.1,0.08,0.14,67.0,437.0,0.24,3.1,0.38,3.56
2268,8.7,0.09,0.23,28.0,339.0,0.32,2.92,0.5,4.78
2269,8.8,0.07,0.21,20.0,466.0,0.28,2.48,0.28,4.1
2270,8.9,0.08,0.16,41.0,381.0,0.2,2.94,0.34,3.84
2271,9.0,0.06,0.19,38.0,310.0,0.32,3.2,0.3,3.5
2272,9.1,0.07,0.24,51.0,282.0,0.26,3.1,0.28,4.28
2273,9.3,0.09,0.21,26.0,395.0,0.38,2.46,0.26,4.78
2274,9.2,0.06,0.19,23.0,310.0,0.3,3.24,0.3,3.56
2275,9.0,0.07,0.11,20.0,409.0,0.24,3.1,0.38,3.78
2276,8.9,0.08,0.15,44.0,325.0,0.32,2.88,0.26,4.7
2277,8.8,0.07,0.23,49.0,395.0,0.28,3.16,0.32,4.7
2278,8.9,0.06,0.21,31.0,296.0,0.24,3.7,0.28,3.56
2279,9.0,0.08,0.18,20.0,437.0,0.3,2.54,0.38,3.1
2280,9.2,0.09,0.21,18.0,409.0,0.24,3.28,0.44,3.78
2281,9.0,0.08,0.13,26.0,310.0,0.38,3.1,0.38,4.38
2282,8.9,0.07,0.21,23.0,282.0,0.3,2.82,0.34,4.78
2283,9.0,0.09,0.19,23.0,296.0,0.6,3.74,0.34,3.48
2284,8.9,0.1,0.21,36.0,339.0,0.38,2.9,0.28,4.64
2285,9.2,0.08,0.24,51.0,395.0,0.3,2.64,0.46,3.94
2286,9.3,0.09,0.16,20.0,282.0,0.24,2.32,0.32,3.24
2287,9.0,0.07,0.14,18.0,409.0,0.32,3.28,0.28,4.1
2288,8.9,0.08,0.19,28.0,452.0,0.28,3.78,0.38,2.82
2289,9.0,0.09,0.21,33.0,325.0,0.3,3.42,0.4,3.64
2290,8.9,0.12,0.27,49.0,282.0,0.26,2.86,0.36,3.4
2291,8.8,0.08,0.21,23.0,310.0,0.38,2.7,0.44,4.78
2292,9.0,0.07,0.18,20.0,423.0,0.3,3.54,0.28,4.1
2293,9.1,0.09,0.15,28.0,466.0,0.26,3.78,0.32,4.82
2294,9.2,0.08,0.11,31.0,282.0,0.24,3.5,0.26,4.4
2295,9.3,0.07,0.17,36.0,353.0,0.38,2.96,0.54,2.94
2296,8.8,0.08,0.21,41.0,310.0,0.3,3.1,0.36,2.82
2297,8.7,0.09,0.27,49.0,254.0,0.24,3.1,0.3,3.54
2298,8.6,0.09,0.16,56.0,339.0,0.28,2.88,0.22,3.78
2299,8.9,0.1,0.11,31.0,381.0,0.32,2.36,0.34,4.78
2300,8.8,0.13,0.15,23.0,254.0,0.28,2.7,0.44,3.54
2301,8.9,0.09,0.18,59.0,310.0,0.3,2.56,0.38,3.18
2302,8.8,0.11,0.21,28.0,409.0,0.26,3.2,0.42,3.54
2303,8.9,0.1,0.27,23.0,268.0,0.3,3.1,0.26,3.4
2304,9.0,0.1,0.21,56.0,367.0,0.28,2.88,0.38,4.7
2305,9.3,0.09,0.18,44.0,325.0,0.34,3.14,0.3,4.18
2306,9.2,0.08,0.21,23.0,310.0,0.3,2.94,0.24,3.24
2307,9.0,0.09,0.18,20.0,395.0,0.24,2.32,0.38,3.78
2308,9.2,0.08,0.14,51.0,339.0,0.3,2.82,0.42,4.54
2309,9.1,0.07,0.13,41.0,296.0,0.22,3.18,0.38,3.18
2310,8.9,0.08,0.21,28.0,423.0,0.28,3.1,0.42,3.54
2311,8.8,0.07,0.29,20.0,240.0,0.26,2.9,0.38,3.18
2312,9.1,0.09,0.17,31.0,226.0,0.38,2.64,0.4,4.78
2313,8.8,0.08,0.19,46.0,240.0,0.38,3.42,0.44,3.54
2314,8.9,0.09,0.27,31.0,367.0,0.24,3.18,0.56,4.78
2315,8.8,0.07,0.32,26.0,325.0,0.32,2.98,0.38,3.6
2316,9.0,0.05,0.18,23.0,282.0,0.26,2.64,0.48,4.94
2317,9.1,0.1,0.15,69.0,310.0,0.3,3.26,0.38,2.82
2318,9.2,0.12,0.21,20.0,381.0,0.28,3.78,0.3,2.7
2319,9.3,0.1,0.29,31.0,254.0,0.32,2.9,0.28,3.28
2320,9.2,0.09,0.14,56.0,353.0,0.24,3.54,0.36,4.1
2321,9.2,0.13,0.19,31.0,409.0,0.36,3.1,0.42,2.98
2322,8.9,0.12,0.11,20.0,395.0,0.3,2.94,0.4,3.1
2323,8.8,0.1,0.26,26.0,310.0,0.28,2.6,0.38,3.82
2324,8.8,0.11,0.31,18.0,423.0,0.24,3.12,0.28,3.7
2325,8.9,0.12,0.23,44.0,296.0,0.32,2.88,0.38,4.78
2326,9.0,0.09,0.18,69.0,367.0,0.24,2.72,0.54,4.28
2327,9.1,0.08,0.27,41.0,268.0,0.38,3.54,0.32,4.3
2328,8.6,0.09,0.18,49.0,254.0,0.32,3.78,0.36,3.48
2329,8.5,0.09,0.28,41.0,339.0,0.26,3.1,0.24,4.94
2330,8.5,0.1,0.21,28.0,395.0,0.28,2.48,0.32,4.36
2331,8.4,0.11,0.33,23.0,437.0,0.34,2.54,0.28,4.78
2332,8.5,0.1,0.11,18.0,466.0,0.3,3.1,0.32,3.58
2333,8.6,0.08,0.17,33.0,310.0,0.28,2.56,0.26,2.9
2334,8.5,0.09,0.21,31.0,282.0,0.4,3.1,0.3,3.26
2335,8.6,0.12,0.16,41.0,423.0,0.22,2.48,0.28,3.42
2336,8.5,0.1,0.23,36.0,354.0,0.24,2.54,0.34,3.98
2337,8.5,0.13,0.2,49.0,437.0,0.32,3.26,0.3,4.26
2338,8.7,0.1,0.17,20.0,296.0,0.26,2.82,0.26,4.1
2339,8.4,0.08,0.14,31.0,254.0,0.34,3.4,0.42,4.78
2340,8.5,0.1,0.22,18.0,395.0,0.3,3.18,0.38,3.54
2341,8.3,0.15,0.29,36.0,437.0,0.28,2.42,0.46,3.98
2342,8.6,0.08,0.16,41.0,381.0,0.36,3.28,0.22,4.36
2343,8.4,0.1,0.23,26.0,452.0,0.3,3.7,0.36,4.7
2344,8.6,0.11,0.27,18.0,268.0,0.28,2.98,0.3,3.2
2345,8.5,0.13,0.18,51.0,437.0,0.32,2.56,0.52,3.98
2346,8.7,0.15,0.11,23.0,310.0,0.28,3.42,0.38,4.52
2347,8.4,0.14,0.15,20.0,466.0,0.36,3.1,0.42,3.88
2348,8.6,0.12,0.19,26.0,226.0,0.28,2.9,0.28,4.3
2349,8.3,0.13,0.21,31.0,409.0,0.24,3.54,0.32,4.98
2350,8.2,0.11,0.18,18.0,268.0,0.36,3.1,0.26,3.64
2351,8.2,0.09,0.32,26.0,395.0,0.3,2.98,0.44,3.1
2352,8.6,0.1,0.17,31.0,480.0,0.28,3.54,0.4,2.98
2353,8.8,0.12,0.19,44.0,296.0,0.34,3.7,0.38,4.52
2354,8.7,0.13,0.17,20.0,353.0,0.3,2.84,0.26,3.84
2355,8.5,0.1,0.21,41.0,254.0,0.26,2.4,0.38,3.4
2356,8.3,0.13,0.16,23.0,325.0,0.44,2.96,0.24,4.78
2357,8.4,0.14,0.11,38.0,240.0,0.328,3.22,0.36,4.1
2358,8.5,0.09,0.24,23.0,254.0,0.32,3.1,0.42,4.7
2359,8.3,0.1,0.13,18.0,395.0,0.28,2.44,0.26,4.26
2360,8.5,0.11,0.16,36.0,339.0,0.34,2.78,0.38,5.28
2361,8.6,0.08,0.19,49.0,310.0,0.22,3.26,0.24,3.5
2362,8.4,0.09,0.21,69.0,0.24,0.28,3.78,0.3,3.94
2363,8.7,0.12,0.15,59.0,353.0,0.34,3.12,0.28,4.12
2364,8.6,0.1,0.22,51.0,437.0,0.26,3.7,0.34,4.78
2365,8.5,0.13,0.29,33.0,395.0,0.32,2.98,0.26,3.54
2366,8.4,0.12,0.23,26.0,466.0,0.28,2.54,0.38,3.9
2367,8.5,0.1,0.18,0.2,339.0,0.34,2.7,0.26,4.54
2368,8.6,0.11,0.16,31.0,268.0,0.32,3.26,0.32,4.9
2369,8.2,0.13,0.19,28.0,437.0,0.28,3.1,0.28,3.56
2370,8.4,0.15,0.21,41.0,339.0,0.3,3.56,0.3,3.78
2371,8.5,0.17,0.23,18.0,268.0,0.24,3.2,0.28,4.42
2372,8.6,0.15,0.18,49.0,381.0,0.36,2.98,0.36,3.46
2373,8.7,0.14,0.24,20.0,353.0,0.38,3.24,0.48,3.1
2374,8.8,0.13,0.21,18.0,423.0,0.24,3.1,0.32,4.5
2375,8.4,0.18,0.16,51.0,395.0,0.28,2.48,0.28,4.78
2376,8.6,0.13,0.27,31.0,466.0,0.32,2.82,0.32,3.54
2377,8.7,0.18,0.29,38.0,310.0,0.28,2.7,0.26,3.94
2378,8.8,0.17,0.31,49.0,437.0,0.34,3.28,0.34,3.48
2379,8.8,0.09,0.27,54.0,452.0,0.28,2.54,0.3,4.6
2380,8.8,0.08,0.21,26.0,282.0,0.34,3.5,0.28,4.78
2381,8.7,0.15,0.18,18.0,437.0,0.3,3.14,0.32,3.64
2382,8.4,0.16,0.29,41.0,240.0,0.28,2.46,0.28,3.94
2383,8.5,0.18,0.31,33.0,466.0,0.34,2.82,0.36,3.26
2384,8.5,0.19,0.24,51.0,282.0,0.3,3.24,0.44,4.1
2385,8.7,0.08,0.21,23.0,466.0,0.22,3.1,0.28,4.78
2386,8.8,0.09,0.18,18.0,437.0,0.38,3.78,0.36,3.54
2387,8.5,0.08,0.13,41.0,310.0,0.3,2.88,0.44,3.1
2388,8.4,0.13,0.17,49.0,452.0,0.36,3.46,0.42,3.46
2389,8.6,0.14,0.21,23.0,381.0,0.3,3.1,0.36,4.7
2390,8.3,0.16,0.14,18.0,466.0,0.24,2.98,0.3,3.98
2391,8.5,0.11,0.16,15.0,423.0,0.26,2.88,0.28,4.32
2392,8.6,0.12,0.15,51.0,325.0,0.32,3.28,0.44,4.7
2393,8.3,0.15,0.19,67.0,310.0,0.34,3.08,0.32,5.12
2394,8.4,0.16,0.21,36.0,268.0,0.26,3.74,0.28,3.42
2395,8.5,0.17,0.27,20.0,395.0,0.22,2.86,0.36,3.94
2396,8.3,0.09,0.21,33.0,254.0,0.28,2.94,0.42,4.36
2397,8.2,0.08,0.16,26.0,437.0,0.34,3.56,0.54,4.78
2398,8.6,0.13,0.11,0.15,466.0,0.3,3.72,0.38,3.82
2399,8.5,0.15,0.17,31.0,310.0,0.22,3.46,0.32,3.7
2400,8.4,0.14,0.21,15.0,381.0,0.28,3.2,0.28,4.54
2401,8.6,0.13,0.14,36.0,452.0,0.36,4.1,0.36,3.86
2402,8.3,0.14,0.19,56.0,325.0,0.3,3.18,0.44,3.42
2403,8.3,0.19,0.2,33.0,360.0,0.4,3.8,0.32,3.42
2404,8.7,0.17,0.16,26.0,321.0,0.28,2.98,0.28,3.64
2405,8.7,0.18,0.18,38.0,340.0,0.32,3.42,0.3,4.32
2406,8.8,0.39,0.29,23.0,308.0,0.24,3.1,0.42,4.82
2407,8.8,0.13,0.21,31.0,302.0,0.32,2.92,0.28,3.4
2408,8.8,0.14,0.16,38.0,369.0,0.26,2.42,0.32,4.26
2409,8.9,0.27,0.23,41.0,361.0,0.38,3.28,0.26,4.78
2410,8.9,0.18,0.28,69.0,287.0,0.42,4.2,0.32,4.1
2411,8.8,0.16,0.24,20.0,349.0,0.28,3.78,0.28,2.88
2412,8.7,0.13,0.16,15.0,360.0,0.32,3.24,0.32,3.28
2413,8.7,0.12,0.23,18.0,321.0,0.28,3.78,0.26,3.4
2414,8.8,0.1,0.16,69.0,294.0,0.32,3.4,0.32,2.8
2415,8.9,0.24,0.28,56.0,340.0,0.42,3.42,0.423,3.78
2416,8.3,0.19,0.21,49.0,310.0,0.34,2.76,0.48,4.8
2417,8.7,0.17,0.14,67.0,240.0,0.42,2.54,0.32,3.62
2418,8.7,0.18,0.13,31.0,282.0,0.26,3.46,0.26,4.28
2419,8.8,0.1,0.27,28.0,409.0,0.38,3.1,0.34,4.7
2420,8.7,0.09,0.21,23.0,212.0,0.3,3.9,0.38,3.54
2421,8.4,0.12,0.18,56.0,198.0,0.22,3.24,0.42,3.96
2422,8.8,0.12,0.14,15.0,183.0,0.26,4.1,0.36,4.2
2423,8.7,0.1,0.13,23.0,381.0,0.28,2.48,0.28,4.1
2424,8.8,0.09,0.18,41.0,296.0,0.36,2.7,0.38,2.98
2425,8.8,0.09,0.18,31.0,325.0,0.42,3.56,0.4,3.54
2426,8.7,0.09,0.11,36.0,254.0,0.4,3.1,0.34,3.1
2427,8.7,0.09,0.19,26.0,396.0,0.32,3.42,0.32,3.46
2428,8.8,0.09,0.21,18.0,339.0,0.26,3.1,0.42,3.2
2429,8.6,0.1,0.18,49.0,296.0,0.22,4.16,0.28,4.54
2430,8.7,0.08,0.14,33.0,254.0,0.38,2.98,0.34,3.8
2431,8.6,0.12,0.16,23.0,325.0,0.24,4.2,0.44,3.54
2432,8.6,0.12,0.11,46.0,395.0,0.32,3.12,0.46,3.64
2433,8.8,0.1,0.16,28.0,381.0,0.26,3.64,0.28,4.78
2434,8.7,0.12,0.14,51.0,282.0,0.32,3.1,0.32,4.7
2435,8.6,0.11,0.18,49.0,339.0,0.24,2.42,0.26,3.46
2436,8.5,0.14,0.21,33.0,381.0,0.38,3.82,0.32,3.58
2437,8.6,0.11,0.14,46.0,395.0,0.23,3.18,0.3,4.78
2438,8.6,0.1,0.13,36.0,282.0,0.34,2.98,0.44,4.1
2439,8.7,0.09,0.27,31.0,396.0,0.28,2.5,0.26,4.94
2440,8.9,0.08,0.21,28.0,240.0,0.26,3.26,0.38,4.46
2441,8.9,0.09,0.18,18.0,282.0,0.3,3.1,0.24,3.64
2442,8.7,0.08,0.14,26.0,254.0,0.26,2.94,0.32,3.78
2443,8.0,0.12,0.13,49.0,381.0,0.38,3.54,0.26,4.26
2444,8.5,0.12,0.18,51.0,254.0,0.24,3.1,0.28,4.7
2445,8.7,0.3,0.18,49.0,325.0,0.36,2.48,0.37,5.1
2446,7.8,0.12,0.31,31.0,212.0,0.36,3.42,0.32,3.8
2447,8.1,0.13,0.27,28.0,381.0,0.3,3.4,0.28,3.46
2448,8.0,0.11,0.2,18.0,339.0,0.28,4.1,0.32,3.78
2449,8.0,0.14,0.15,56.0,310.0,0.3,2.48,0.26,2.98
2450,8.1,0.12,0.23,31.0,409.0,0.24,3.54,0.44,3.26
2451,8.2,0.1,0.21,59.0,296.0,0.22,3.1,0.3,3.42
2452,8.1,0.12,0.18,33.0,339.0,0.32,2.56,0.28,3.7
2453,8.2,0.11,0.25,23.0,353.0,0.22,3.78,0.3,3.54
2454,8.1,0.11,0.21,18.0,381.0,0.38,3.24,0.24,3.24
2455,8.1,0.1,0.158,36.0,325.0,0.3,3.1,0.32,3.18
2456,8.2,0.1,0.23,51.0,212.0,0.28,3.98,0.28,3.54
2457,8.3,0.13,0.27,20.0,254.0,0.24,3.56,0.22,3.1
2458,8.2,0.17,0.21,18.0,296.0,0.32,3.1,0.38,2.98
2459,8.3,0.11,0.17,23.0,325.0,0.26,2.46,0.44,3.54
2460,8.1,0.11,0.27,49.0,381.0,0.3,3.28,0.4,3.1
2461,8.1,0.09,0.17,36.0,423.0,0.32,3.64,0.3,3.42
2462,8.2,0.11,0.21,51.0,452.0,0.28,3.1,0.26,4.7
2463,8.3,0.1,0.3,20.0,310.0,0.38,2.9,0.38,4.1
2464,8.2,0.1,0.19,18.0,296.0,0.3,3.24,0.42,2.98
2465,8.2,0.13,0.21,33.0,325.0,0.22,3.56,0.38,3.56
2466,8.1,0.13,0.14,46.0,254.0,0.28,3.12,0.3,3.1
2467,8.2,0.11,0.18,59.0,339.0,0.32,3.42,0.28,4.7
2468,8.2,0.09,0.25,23.0,437.0,0.28,3.82,0.32,3.28
2469,8.4,0.13,0.31,18.0,508.0,0.3,4.1,0.44,4.36
2470,8.6,0.13,0.31,20.0,254.0,0.24,3.42,0.26,3.42
2471,8.6,0.1,0.28,31.0,423.0,0.32,3.96,0.38,3.4
2472,8.5,0.1,0.21,49.0,282.0,0.26,4.1,0.3,2.98
2473,8.7,0.11,0.19,33.0,381.0,0.38,2.88,0.24,2.54
2474,8.5,0.12,0.23,23.0,423.0,0.3,2.72,0.36,3.78
2475,8.5,0.13,0.27,18.0,480.0,0.26,2.6,0.3,3.26
2476,8.6,0.125,0.21,20.0,339.0,0.32,3.54,0.26,3.82
2477,8.4,0.16,0.19,49.0,254.0,0.28,3.1,0.38,3.9
2478,8.7,0.11,0.15,23.0,367.0,0.3,3.26,0.42,4.3
2479,8.6,0.09,0.31,54.0,296.0,0.28,3.42,0.38,4.78
2480,8.5,0.12,0.27,23.0,437.0,0.32,3.86,0.36,3.36
2481,8.7,0.11,0.21,18.0,310.0,0.26,3.7,0.38,3.8
2482,8.6,0.11,0.13,26.0,494.0,0.32,3.1,0.24,3.74
2483,8.6,0.1,0.17,16.0,466.0,0.28,2.98,0.38,3.1
2484,8.6,0.11,0.14,20.0,310.0,0.38,3.26,0.3,4.28
2485,8.5,0.13,0.18,26.0,254.0,0.32,3.7,0.44,3.26
2486,8.3,0.11,0.21,41.0,395.0,0.26,3.6,0.32,4.7
2487,8.7,0.12,0.23,20.0,353.0,0.38,2.98,0.28,3.58
2488,8.8,0.11,0.16,18.0,296.0,0.3,3.54,0.36,3.74
2489,8.6,0.11,0.13,31.0,466.0,0.24,3.7,0.28,3.1
2490,8.6,0.1,0.21,38.0,480.0,0.22,3.48,0.3,2.98
2491,8.7,0.13,0.32,51.0,409.0,0.38,3.1,0.24,4.3
2492,8.7,0.11,0.38,20.0,310.0,0.3,2.46,0.28,4.78
2493,8.6,0.1,0.15,28.0,494.0,0.24,3.24,0.36,3.24
2494,8.8,0.11,0.11,20.0,552.0,0.38,3.78,0.32,3.94
2495,8.7,0.312,0.18,15.0,409.0,0.3,3.88,0.28,3.82
2496,8.6,0.14,0.21,46.0,339.0,0.26,4.24,0.42,3.42
2497,8.8,0.09,0.2,18.0,282.0,0.32,4.1,0.38,3.4
2498,8.5,0.13,0.31,61.0,254.0,0.26,2.82,0.3,4.26
2499,8.8,0.1,0.21,41.0,452.0,0.44,3.56,0.26,4.8
2500,8.7,0.11,0.24,26.0,494.0,0.4,3.78,0.44,3.58
2501,8.6,0.12,0.18,28.0,536.0,0.24,3.1,0.4,3.12
2502,8.7,0.12,0.31,41.0,296.0,0.32,2.42,0.28,3.78
2503,8.6,0.14,0.29,23.0,480.0,0.28,3.18,0.24,3.42
2504,8.7,0.1,0.18,18.0,508.0,0.3,3.74,0.38,3.1
2505,8.5,0.15,0.13,20.0,423.0,0.24,2.62,0.3,2.98
2506,8.7,0.14,0.24,28.0,310.0,0.38,3.6,0.26,4.36
2507,8.7,0.12,0.21,36.0,339.0,0.4,2.48,0.38,4.94
2508,8.5,0.13,0.18,23.0,395.0,0.38,3.28,0.44,3.28
2509,8.6,0.14,0.26,18.0,522.0,0.26,3.1,0.4,3.1
2510,8.7,0.13,0.19,20.0,480.0,0.3,3.46,0.38,3.74
2511,8.6,0.14,0.21,33.0,310.0,0.28,4.1,0.28,3.9
2512,8.7,0.11,0.32,38.0,353.0,0.32,2.92,0.24,2.82
2513,8.7,0.09,0.37,41.0,466.0,0.24,3.2,0.32,3.26
2514,8.6,0.1,0.31,59.0,508.0,0.26,3.1,0.38,3.4
2515,8.7,0.12,0.28,20.0,395.0,0.32,2.58,0.3,3.78
2516,8.6,0.1,0.21,23.0,310.0,0.28,3.42,0.24,4.3
2517,8.8,0.09,0.14,67.0,282.0,0.3,3.6,0.38,3.42
2518,8.7,0.11,0.19,51.0,409.0,0.24,3.18,0.3,3.64
2519,8.8,0.12,0.31,28.0,296.0,0.38,3.24,0.28,3.1
2520,8.8,0.1,0.27,20.0,466.0,0.3,3.78,0.32,2.98
2521,8.7,0.09,0.18,18.0,546.0,0.22,3.56,0.28,3.54
2522,8.7,0.08,0.13,23.0,522.0,0.24,3.9,0.38,3.9
2523,8.6,0.08,0.21,381.0,0.32,0.32,2.94,0.3,2.82
2524,8.5,0.11,0.32,20.0,325.0,0.3,2.42,0.28,3.54
2525,8.8,0.1,0.16,18.0,437.0,0.28,3.78,0.3,3.1
2526,8.7,0.09,0.11,51.0,480.0,0.32,3.28,0.28,2.98
2527,8.8,0.1,0.19,36.0,310.0,0.24,3.5,0.2,3.5
2528,8.6,0.08,0.14,41.0,254.0,0.38,2.46,0.32,2.98
2529,8.8,0.11,0.21,23.0,452.0,0.3,2.36,0.28,3.2
2530,8.8,0.11,0.31,18.0,268.0,0.24,2.9,0.44,3.18
2531,8.7,0.14,0.24,41.0,480.0,0.38,3.28,0.36,2.98
2532,8.6,0.12,0.23,26.0,536.0,0.24,3.78,0.26,3.24
2533,8.8,0.15,0.18,20.0,268.0,0.28,3.1,0.44,3.1
2534,8.8,0.1,0.14,18.0,240.0,0.32,2.46,0.38,2.43
2535,8.7,0.13,0.11,44.0,310.0,0.28,2.7,0.3,2.64
2536,8.7,0.11,0.17,36.0,409.0,0.34,3.28,0.24,3.2
2537,8.8,0.12,0.21,20.0,339.0,0.3,3.7,0.38,3.7
2538,8.7,0.11,0.18,26.0,268.0,0.28,3.42,0.24,2.98
2539,8.4,0.14,0.21,51.0,226.0,0.44,2.48,0.38,3.42
2540,8.0,0.14,0.27,20.0,310.0,0.3,3.14,0.42,3.24
2541,7.9,0.13,0.21,26.0,381.0,0.28,3.7,0.38,3.1
2542,8.2,0.13,0.18,15.0,409.0,0.3,2.9,0.26,2.82
2543,8.4,0.12,0.23,28.0,325.0,0.26,3.26,0.38,4.1
2544,8.4,0.12,0.18,46.0,282.0,0.3,3.78,0.42,4.76
2545,8.2,0.48,0.31,38.0,155.0,0.24,2.56,0.36,3.78
2546,8.4,0.45,0.24,23.0,198.0,0.38,3.28,0.38,2.82
2547,8.3,0.19,0.21,18.0,296.0,0.26,3.7,0.42,3.26
2548,8.1,0.41,0.16,20.0,169.0,0.32,2.92,0.38,3.42
2549,8.2,0.87,0.21,36.0,212.0,0.28,3.54,0.24,3.1
2550,8.2,0.61,0.29,28.0,240.0,0.3,3.2,0.28,2.94
2551,8.4,0.39,0.2,49.0,183.0,0.26,3.76,0.32,3.1
2552,7.9,3.27,0.17,44.0,226.0,0.38,3.1,0.26,2.46
2553,8.3,1.12,0.14,20.0,296.0,0.3,4.26,0.32,3.26
2554,7.9,2.24,0.21,18.0,268.0,0.26,3.78,0.38,3.8
2555,8.0,1.98,0.29,26.0,310.0,0.38,3.54,0.24,2.94
2556,8.4,0.68,0.18,23.0,212.0,0.3,3.1,0.36,3.24
2557,7.9,0.86,0.13,18.0,183.0,0.24,2.88,0.3,3.1
2558,8.1,0.46,0.24,20.0,296.0,0.38,2.72,0.28,3.18
2559,8.2,0.19,0.31,41.0,169.0,0.26,3.54,0.38,2.88
2560,8.4,0.1,0.27,33.0,296.0,0.3,3.42,0.32,3.1
2561,8.5,0.11,0.21,20.0,155.0,0.24,2.82,0.26,2.98
2562,8.3,0.08,0.18,41.0,198.0,0.36,3.1,0.38,3.54
2563,8.5,0.07,0.13,28.0,212.0,0.3,2.98,0.46,3.1
2564,8.8,0.18,0.15,20.0,325.0,0.26,4.1,0.4,2.96
2565,8.6,0.11,0.23,26.0,381.0,0.3,2.46,0.38,3.58
2566,8.7,0.08,0.33,46.0,353.0,0.28,2.78,0.28,3.1
2567,8.7,0.07,0.25,23.0,254.0,0.3,3.28,0.3,2.82
2568,8.6,0.07,0.21,41.0,198.0,0.24,3.1,0.28,3.24
2569,8.6,0.08,0.11,20.0,282.0,0.3,2.88,0.32,3.78
2570,8.5,0.1,0.14,26.0,212.0,0.28,2.56,0.42,3.2
2571,8.6,0.09,0.32,18.0,240.0,0.32,2.78,0.28,2.9
2572,8.8,0.11,0.25,38.0,381.0,0.24,3.58,0.32,3.28
2573,8.7,0.09,0.2,49.0,409.0,0.38,3.1,0.26,3.1
2574,8.8,0.08,0.29,26.0,2.68,0.3,2.96,0.44,2.48
2575,8.7,0.08,0.18,36.0,254.0,0.24,2.46,0.4,2.78
2576,8.8,0.069,0.11,20.0,396.0,0.36,3.28,0.38,3.28
2577,8.6,0.11,0.13,18.0,282.0,0.28,3.78,0.3,3.7
2578,8.7,0.1,0.18,23.0,254.0,0.38,2.48,0.28,2.98
2579,8.5,0.1,0.19,33.0,226.0,0.38,3.78,0.52,3.64
2580,8.7,0.09,0.21,20.0,198.0,0.24,3.1,0.36,2.94
2581,8.6,0.12,0.17,18.0,240.0,0.28,2.94,0.38,3.26
2582,8.3,0.18,0.12,28.0,296.0,0.36,3.54,0.44,3.7
2583,8.3,0.12,0.16,44.0,169.0,0.38,3.1,0.3,3.42
2584,8.5,0.1,0.18,31.0,226.0,0.22,3.26,0.28,3.1
2585,8.6,0.11,0.15,36.0,282.0,0.28,3.1,0.36,3.78
2586,8.8,0.1,0.21,49.0,325.0,0.36,2.46,0.3,3.24
2587,8.7,0.11,0.24,23.0,423.0,0.3,2.78,0.28,3.98
2588,8.7,0.13,0.16,18.0,240.0,0.28,3.2,0.32,4.32
2589,8.3,0.11,0.19,20.0,198.0,0.3,3.14,0.28,4.1
2590,8.6,0.12,0.31,33.0,310.0,0.26,3.18,0.34,2.48
2591,8.4,0.18,0.27,26.0,240.0,0.24,3.26,0.32,3.24
2592,8.2,0.11,0.21,20.0,226.0,0.38,3.78,0.28,3.7
2593,8.8,0.1,0.28,18.0,212.0,0.3,3.24,0.3,3.24
2594,8.7,0.15,0.19,49.0,198.0,0.28,3.1,0.3,3.1
2595,8.8,0.11,0.15,31.0,381.0,0.3,2.9,0.28,3.78
2596,8.6,0.09,0.27,23.0,226.0,0.26,3.26,0.32,3.54
2597,8.6,0.08,0.21,18.0,325.0,0.34,3.54,0.26,3.28
2598,8.5,0.08,0.29,20.0,198.0,0.3,3.1,0.38,3.18
2599,8.3,0.13,0.18,46.0,339.0,0.3,3.58,0.24,3.94
2600,8.5,8.0,0.15,54.0,409.0,0.28,3.24,0.38,3.26
2601,8.6,0.17,0.31,31.0,212.0,0.36,3.1,0.44,3.94
2602,8.6,0.11,0.27,20.0,367.0,0.44,2.46,0.28,3.1
2603,8.3,0.13,0.15,23.0,240.0,0.28,3.28,0.46,4.7
2604,8.5,0.25,0.21,18.0,296.0,0.36,3.1,0.32,3.26
2605,8.5,0.19,0.19,41.0,268.0,0.28,3.42,0.24,3.28
2606,8.4,0.12,0.22,23.0,325.0,0.36,3.78,0.36,3.1
2607,8.4,0.11,0.15,18.0,212.0,0.3,4.1,0.3,2.42
2608,8.5,0.1,0.18,26.0,310.0,0.24,4.24,0.32,3.2
2609,8.4,0.1,0.29,36.0,339.0,0.32,3.4,0.28,3.18
2610,8.4,0.13,0.21,31.0,268.0,0.28,2.94,0.36,4.26
2611,8.5,0.08,0.24,20.0,381.0,0.38,3.26,0.3,4.7
2612,8.6,0.1,0.317,28.0,409.0,0.42,3.1,0.44,3.2
2613,8.3,0.14,0.13,18.0,268.0,0.22,2.82,0.28,4.26
2614,8.1,0.11,0.28,23.0,353.0,0.36,3.54,0.32,4.1
2615,8.5,0.12,0.31,41.0,296.0,0.3,3.1,0.26,3.46
2616,8.6,0.1,0.26,31.0,254.0,0.24,3.46,0.32,3.28
2617,8.5,0.11,0.18,26.0,396.0,0.34,3.1,0.44,3.8
2618,8.6,0.13,0.13,44.0,282.0,0.3,2.98,0.38,2.98
2619,8.4,0.12,0.24,33.0,254.0,0.28,3.24,0.24,3.54
2620,8.5,0.15,0.31,26.0,423.0,0.32,3.7,0.38,3.78
2621,8.3,0.17,0.26,46.0,282.0,0.28,3.48,0.44,3.2
2622,8.5,0.12,0.11,33.0,353.0,0.34,3.72,0.4,4.1
2623,8.4,0.11,0.14,49.0,254.0,0.3,3.24,0.26,2.46
2624,8.6,0.26,0.19,56.0,226.0,0.22,3.18,0.32,3.78
2625,8.4,0.14,0.23,31.0,296.0,0.34,3.7,0.28,4.24
2626,8.7,0.09,0.28,28.0,381.0,0.3,3.24,0.34,4.1
2627,8.4,0.1,0.21,23.0,409.0,0.34,3.1,0.3,3.78
2628,8.6,0.09,0.18,56.0,296.0,0.28,2.9,0.24,3.54
2629,8.7,0.11,0.17,41.0,339.0,0.24,3.24,0.3,3.1
2630,8.4,0.11,0.11,23.0,268.0,0.26,3.44,0.26,3.26
2631,8.9,0.09,0.18,20.0,254.0,0.3,3.1,0.38,4.7
2632,8.4,0.11,0.21,28.0,339.0,0.28,2.98,0.44,4.1
2633,8.4,0.09,0.14,28.0,409.0,0.38,3.24,0.4,2.98
2634,8.6,0.14,0.18,41.0,226.0,0.34,3.74,0.28,4.18
2635,8.3,0.14,0.24,41.0,198.0,0.32,3.42,0.42,3.8
2636,8.1,0.15,0.13,23.0,282.0,0.24,2.98,0.36,3.44
2637,8.5,0.13,0.18,18.0,212.0,0.2,3.5,0.28,2.98
2638,8.4,0.11,0.15,26.0,310.0,0.26,3.1,0.34,4.24
2639,8.0,0.1,0.19,31.0,353.0,0.34,3.26,0.3,4.1
2640,8.3,0.12,0.23,20.0,367.0,0.3,3.44,0.26,3.26
2641,8.2,0.1,0.21,26.0,368.0,0.26,3.1,0.32,3.7
2642,8.5,0.08,0.17,18.0,226.0,0.3,3.26,0.34,4.84
2643,8.7,0.11,0.16,38.0,198.0,0.26,3.1,0.44,3.2
2644,8.1,0.09,0.13,26.0,310.0,0.36,3.28,0.4,3.14
2645,8.3,0.08,0.18,20.0,296.0,0.3,3.1,0.26,3.76
2646,8.0,0.11,0.21,18.0,353.0,0.24,3.78,0.34,4.3
2647,8.3,0.13,0.27,23.0,381.0,0.22,3.1,0.38,2.46
2648,8.0,0.11,0.19,31.0,212.0,0.34,3.54,0.24,3.2
2649,8.1,0.09,0.14,49.0,183.0,0.34,3.3,0.3,3.8
2650,8.1,0.08,0.18,59.0,353.0,0.22,3.46,0.28,4.24
2651,8.2,0.1,0.23,69.0,310.0,0.32,3.78,0.36,4.7
2652,8.0,0.42,0.2,41.0,296.0,0.26,3.42,0.3,3.22
2653,8.2,0.12,0.31,31.0,409.0,0.38,3.1,0.24,3.78
2654,8.1,0.16,0.15,28.0,254.0,0.26,3.54,0.38,2.98
2655,8.2,0.15,0.17,44.0,310.0,0.34,3.1,0.44,3.54
2656,8.4,0.14,0.16,23.0,367.0,0.4,3.14,0.4,3.8
2657,8.1,0.14,0.11,20.0,254.0,0.26,3.28,0.36,3.24
2658,8.3,0.12,0.13,46.0,325.0,0.28,3.1,0.4,3.7
2659,8.3,0.1,0.21,56.0,409.0,0.32,3.54,0.28,4.3
2660,8.2,0.11,0.15,26.0,226.0,0.22,3.1,0.32,4.1
2661,8.1,0.15,0.16,20.0,339.0,0.28,3.32,0.26,3.28
2662,8.5,0.12,0.18,18.0,437.0,0.34,2.98,0.34,3.46
2663,8.3,0.11,0.21,31.0,226.0,0.3,2.4,0.3,3.92
2664,8.4,0.11,0.16,41.0,452.0,0.24,2.56,0.28,3.18
2665,8.6,0.12,0.31,20.0,381.0,0.36,3.68,0.36,2.86
2666,8.8,0.11,0.23,28.0,254.0,0.24,3.1,0.28,3.22
2667,8.1,0.11,0.37,31.0,212.0,0.3,2.96,0.44,3.9
2668,8.2,0.12,0.19,44.0,353.0,0.26,3.24,0.3,4.36
2669,8.4,0.1,0.15,49.0,423.0,0.24,3.1,0.38,4.9
2670,8.4,0.13,0.23,59.0,480.0,0.3,2.86,0.28,2.46
2671,8.3,0.12,0.14,23.0,226.0,0.34,2.46,0.32,2.78
2672,8.0,0.11,0.18,33.0,198.0,0.28,3.28,0.26,3.54
2673,8.5,0.1,0.21,49.0,240.0,0.3,3.14,0.3,3.2
2674,8.3,0.08,0.27,51.0,2121.0,0.22,3.64,0.26,3.98
2675,8.2,0.11,0.29,49.0,367.0,0.36,2.86,0.3,2.56
2676,8.4,0.13,0.18,33.0,198.0,0.3,2.7,0.26,2.4
2677,8.1,0.08,0.21,23.0,310.0,0.32,3.24,0.32,3.54
2678,8.5,0.18,0.18,59.0,339.0,0.34,3.1,0.44,3.8
2679,8.3,0.21,0.29,33.0,423.0,0.28,2.88,0.52,3.78
2680,8.0,0.13,0.11,23.0,480.0,0.4,2.46,0.38,4.56
2681,8.2,0.11,0.17,54.0,282.0,0.26,3.18,0.34,4.78
2682,8.6,0.18,0.13,59.0,437.0,0.38,3.78,0.26,3.28
2683,8.5,0.1,0.19,31.0,254.0,0.3,3.2,0.38,3.44
2684,8.3,0.13,0.27,26.0,226.0,0.24,4.1,0.42,4.1
2685,8.4,0.69,0.3,20.0,296.0,0.36,2.98,0.34,3.1
2686,8.5,0.6,0.26,31.0,254.0,0.42,2.36,0.32,2.4
2687,8.4,0.8,0.14,33.0,240.0,0.28,3.0,0.42,2.64
2688,8.5,0.62,0.18,18.0,282.0,0.3,3.12,0.64,3.44
2689,8.6,0.55,0.22,33.0,409.0,0.22,3.42,0.52,2.7
2690,8.6,0.89,0.3,36.0,381.0,0.26,2.28,0.34,3.22
2691,8.7,0.82,0.2,38.0,367.0,0.38,2.76,0.38,4.2
2692,8.6,1.06,0.34,41.0,353.0,0.3,2.42,0.44,2.66
2693,8.5,0.74,0.32,28.0,310.0,0.24,3.12,0.42,2.54
2694,8.7,0.74,0.3,26.0,282.0,0.26,2.18,0.28,3.2
2695,8.7,0.81,0.28,23.0,254.0,0.3,2.48,0.32,2.54
2696,8.6,0.79,0.24,41.0,296.0,0.26,2.2,0.44,2.98
2697,8.8,0.78,0.28,44.0,381.0,0.32,2.96,0.28,3.64
2698,8.6,1.26,0.18,49.0,367.0,0.28,2.18,0.34,2.88
2699,8.6,0.92,0.19,38.0,268.0,0.3,2.42,0.24,3.64
2700,8.7,0.66,0.14,36.0,296.0,0.26,2.4,0.48,2.28
2701,8.6,0.58,0.1,41.0,310.0,0.3,2.12,0.26,3.14
2702,8.7,0.69,0.14,49.0,268.0,0.24,2.94,0.3,2.96
2703,8.6,0.64,0.29,6.0,381.0,0.22,3.28,0.46,2.8
2704,8.5,0.73,0.18,51.0,367.0,0.28,3.18,0.52,3.16
2705,8.6,1.08,0.2,38.0,254.0,0.36,2.92,0.44,3.2
2706,8.7,0.98,0.32,36.0,212.0,0.3,2.26,0.62,2.4
2707,8.6,1.13,0.14,41.0,240.0,0.28,2.22,0.24,3.62
2708,8.5,1.05,0.29,44.0,353.0,0.26,2.32,0.44,2.76
2709,8.6,1.19,0.27,46.0,339.0,0.32,2.18,0.32,2.14
2710,8.7,0.91,0.23,49.0,381.0,0.28,2.94,0.28,3.2
2711,8.5,0.88,0.32,38.0,367.0,0.24,3.14,0.32,2.96
2712,8.6,0.94,0.25,33.0,296.0,0.22,2.96,0.46,3.18
2713,8.5,1.2,0.18,31.0,240.0,0.38,3.32,0.24,3.46
2714,8.4,0.81,0.14,38.0,296.0,0.26,2.72,0.48,2.66
2715,8.5,0.87,0.13,38.0,254.0,0.3,2.92,0.36,2.8
2716,8.6,0.77,0.18,44.0,310.0,0.22,2.14,0.52,2.34
2717,8.4,1.01,0.21,46.0,339.0,0.38,3.32,0.26,3.4
2718,8.6,0.68,0.13,49.0,353.0,0.26,3.0,0.38,2.76
2719,8.5,0.88,0.27,38.0,367.0,0.32,2.18,0.4,2.84
2720,8.5,0.76,0.18,44.0,381.0,0.28,3.32,0.54,3.22
2721,8.6,1.25,0.13,41.0,395.0,0.26,2.28,0.52,3.46
2722,8.7,1.51,0.21,51.0,240.0,0.38,3.18,0.42,2.4
2723,8.6,1.04,0.17,54.0,254.0,0.26,3.24,0.26,2.76
2724,8.7,0.86,0.14,61.0,282.0,0.2,2.98,0.44,3.5
2725,8.8,0.59,0.11,64.0,310.0,0.38,3.0,0.46,2.8
2726,8.6,0.67,0.18,54.0,296.0,0.24,2.18,0.34,3.48
2727,8.5,0.83,0.21,41.0,381.0,0.28,2.98,0.54,2.4
2728,8.4,1.25,0.27,51.0,353.0,0.32,3.16,0.36,3.5
2729,8.7,1.11,0.14,49.0,226.0,0.28,2.28,0.42,2.64
2730,8.6,1.15,0.19,46.0,381.0,0.36,3.32,0.28,2.84
2731,8.8,0.98,0.23,51.0,353.0,0.4,2.48,0.24,2.32
2732,8.6,1.31,0.21,54.0,226.0,0.4,3.18,0.36,3.6
2733,8.5,1.24,0.27,41.0,226.0,0.22,2.26,0.22,3.14
2734,8.6,0.98,0.11,44.0,395.0,0.28,3.08,0.52,2.78
2735,8.6,1.08,0.18,41.0,310.0,0.36,2.98,0.44,3.38
2736,8.5,0.72,0.23,33.0,296.0,0.42,2.28,0.28,3.96
2737,8.4,0.61,0.18,44.0,282.0,0.28,3.18,0.48,3.44
2738,8.6,1.39,0.13,39.0,409.0,0.3,2.24,0.32,2.88
2739,8.6,1.06,0.21,51.0,452.0,0.22,3.12,0.48,3.32
2740,8.5,1.11,0.27,26.0,381.0,0.26,2.22,0.26,2.86
2741,8.7,1.36,0.14,39.0,480.0,0.38,2.44,0.22,3.32
2742,8.8,0.88,0.11,28.0,395.0,0.3,3.26,0.42,2.78
2743,8.6,1.01,0.17,37.0,240.0,0.24,2.18,0.25,3.26
2744,8.5,0.89,0.11,29.0,381.0,0.26,2.32,0.42,3.2
2745,8.5,1.03,0.17,41.0,339.0,0.3,3.1,0.38,3.48
2746,8.6,0.75,0.21,37.0,282.0,0.26,3.64,0.42,2.98
2747,8.7,0.58,0.14,28.0,240.0,0.32,2.16,0.36,3.44
2748,8.7,0.96,0.16,49.0,212.0,0.28,2.68,0.44,2.66
2749,8.6,0.85,0.23,41.0,240.0,0.3,3.2,0.36,3.32
2750,8.6,0.87,0.21,59.0,268.0,0.26,2.2,0.32,3.68
2751,8.5,0.96,0.18,61.0,254.0,0.3,3.36,0.28,3.18
2752,8.3,0.87,0.14,44.0,339.0,0.24,2.98,0.36,3.36
2753,8.8,0.76,0.17,38.0,317.0,0.22,2.64,0.4,3.76
2754,8.7,0.99,0.11,31.0,367.0,0.28,2.14,0.42,3.6
2755,8.5,0.74,0.23,54.0,240.0,0.36,3.44,0.38,3.2
2756,8.7,0.81,0.2,46.0,296.0,0.3,3.28,0.32,3.42
2757,8.6,0.74,0.18,51.0,353.0,0.28,2.98,0.42,3.1
2758,8.4,0.69,0.13,46.0,321.0,0.26,2.8,0.38,3.2
2759,8.3,0.53,0.2,41.0,367.0,0.32,3.4,0.4,3.16
2760,8.6,0.31,0.14,39.0,313.0,0.28,3.22,0.36,3.22
2761,8.4,0.88,0.3,42.0,310.0,0.24,3.38,0.28,3.26
2762,8.6,0.47,0.19,49.0,254.0,0.24,2.46,0.3,3.24
2763,8.7,0.39,0.15,53.0,395.0,0.22,2.32,0.42,3.28
2764,8.4,0.41,0.18,59.0,310.0,0.36,3.2,0.38,3.2
2765,8.3,0.68,0.11,41.0,296.0,0.3,2.32,0.44,3.44
2766,8.5,0.71,0.13,36.0,282.0,0.24,2.14,0.24,3.22
2767,8.6,0.91,0.19,23.0,409.0,0.38,2.28,0.32,3.28
2768,8.7,0.68,0.22,26.0,452.0,0.26,3.12,0.4,3.2
2769,8.8,0.81,0.18,41.0,381.0,0.36,3.1,0.34,3.32
2770,8.5,0.47,0.13,49.0,480.0,0.44,2.844,0.36,3.14
2771,8.4,0.59,0.19,36.0,395.0,0.4,2.22,0.28,2.98
2772,8.6,0.61,0.1,29.0,240.0,0.3,2.98,0.24,2.34
2773,8.4,0.78,0.22,31.0,381.0,0.22,2.32,0.42,3.2
2774,8.5,0.38,0.18,39.0,339.0,0.36,2.2,0.26,2.76
2775,8.6,0.71,0.14,41.0,282.0,0.28,2.64,0.24,2.8
2776,8.4,0.46,0.11,54.0,240.0,0.34,2.76,0.22,2.28
2777,8.3,0.37,0.16,48.0,212.0,0.22,2.18,0.34,3.2
2778,8.5,0.58,0.21,46.0,240.0,0.38,2.6,0.28,3.2
2779,8.7,0.91,0.14,51.0,268.0,0.42,2.44,0.42,3.18
2780,8.4,0.63,0.13,39.0,254.0,0.28,3.12,0.28,3.22
2781,8.6,0.78,0.14,42.0,339.0,0.36,2.9,0.36,2.18
2782,8.4,0.81,0.3,37.0,317.0,0.44,3.12,0.22,2.34
2783,8.6,0.39,0.19,23.0,367.0,0.28,3.6,0.34,2.22
2784,8.7,0.78,0.15,31.0,240.0,0.34,3.78,0.28,2.98
2785,8.5,0.81,0.18,38.0,296.0,0.28,3.1,0.4,2.32
2786,8.4,0.38,0.11,20.0,353.0,0.36,3.6,0.48,3.22
2787,8.3,0.63,0.13,18.0,321.0,0.42,2.86,0.32,3.24
2788,8.2,0.78,0.19,44.0,367.0,0.38,2.7,0.28,2.98
2789,8.6,0.41,0.22,51.0,313.0,0.42,2.44,0.42,2.22
2790,8.5,0.27,0.18,33.0,452.0,0.28,2.98,0.44,3.32
2791,8.4,0.58,0.13,23.0,268.0,0.36,3.1,0.38,2.28
2792,8.3,0.36,0.19,49.0,437.0,0.46,2.64,0.44,2.32
2793,8.5,0.58,0.1,26.0,310.0,0.32,2.72,0.36,2.18
2794,8.4,0.47,0.22,18.0,466.0,0.28,2.88,0.36,3.24
2795,8.3,0.81,0.18,44.0,226.0,0.34,3.2,0.42,3.2
2796,8.6,0.67,0.14,54.0,409.0,0.44,3.18,0.24,2.48
2797,8.4,0.41,0.11,23.0,268.0,0.28,2.64,0.32,2.16
2798,8.7,0.98,0.16,31.0,395.0,0.32,2.4,0.36,2.76
2799,8.3,0.91,0.21,38.0,480.0,0.28,2.48,0.22,3.32
2800,8.2,0.39,0.14,20.0,296.0,0.38,3.12,0.38,3.2
2801,8.5,0.58,0.13,18.0,353.0,0.22,2.28,0.42,3.44
2802,8.6,0.78,0.19,44.0,254.0,0.26,2.46,0.24,3.68
2803,8.4,0.49,0.18,51.0,325.0,0.22,2.68,0.44,2.86
2804,8.1,0.78,0.28,33.0,240.0,0.3,2.8,0.32,3.22
2805,8.6,0.89,0.11,23.0,254.0,0.26,3.2,0.28,2.8
2806,8.5,0.64,0.18,49.0,395.0,0.32,2.78,0.24,3.36
2807,8.4,0.88,0.24,26.0,339.0,0.28,2.36,0.22,3.28
2808,8.4,0.8,0.21,18.0,310.0,0.32,2.24,0.36,3.66
2809,8.6,0.71,0.18,44.0,0.24,0.28,3.2,0.34,3.2
2810,8.0,0.93,0.16,34.0,298.0,0.24,2.12,0.4,3.46
2811,8.4,0.98,0.18,38.0,327.0,0.24,2.12,0.38,3.48
2812,8.4,0.86,0.16,41.0,345.0,0.22,2.1,0.34,3.26
2813,8.4,1.05,0.2,37.0,281.0,0.2,2.16,0.42,3.2
2814,8.5,1.2,0.18,30.0,312.0,0.2,2.1,0.38,3.28
2815,8.4,0.86,0.16,49.0,329.0,0.26,2.12,0.42,3.48
2816,8.5,0.76,0.16,31.0,281.0,0.24,2.12,0.42,3.48
2817,8.6,0.83,0.14,29.0,297.0,0.22,2.18,0.4,3.2
2818,8.6,0.72,0.12,38.0,328.0,0.28,2.08,0.38,3.28
2819,8.4,0.76,0.12,41.0,301.0,0.2,2.1,0.38,3.28
2820,8.3,0.59,0.24,35.0,326.0,0.3,2.14,0.32,3.2
2821,8.2,0.73,0.24,47.0,326.0,0.3,2.16,0.36,3.28
2822,8.4,1.01,0.22,41.0,322.0,0.26,2.12,0.38,3.42
2823,8.6,0.8,0.22,36.0,330.0,0.24,2.2,0.38,3.46
2824,8.5,0.89,0.24,42.0,301.0,0.28,2.18,0.36,3.64
2825,8.4,1.04,0.22,38.0,272.0,0.22,2.12,0.38,3.28
2826,8.2,0.83,0.2,46.0,349.0,0.26,2.12,0.38,3.28
2827,8.3,0.73,0.18,51.0,395.0,0.28,2.16,0.4,3.46
2828,8.6,0.67,0.16,57.0,287.0,0.22,2.2,0.4,3.82
2829,8.2,0.7,0.16,36.0,319.0,0.26,2.12,0.38,3.88
2830,8.3,0.81,0.14,50.0,324.0,0.3,2.18,0.32,3.42
2831,8.3,0.96,0.14,39.0,352.0,0.32,2.16,0.36,3.44
2832,8.6,0.69,0.16,43.0,389.0,0.32,2.18,0.34,3.68
2833,8.4,0.57,0.18,47.0,287.0,0.3,2.12,0.34,3.68
2834,8.6,0.4,0.18,36.0,309.0,0.28,2.2,0.34,3.62
2835,8.4,0.31,0.16,31.0,274.0,0.3,2.12,0.32,4.12
2836,8.5,0.64,0.18,48.0,297.0,0.3,2.16,0.36,4.16
2837,8.6,1.0,0.18,51.0,325.0,0.28,2.18,0.38,4.12
2838,8.4,0.81,0.18,36.0,361.0,0.3,2.18,0.38,3.8
2839,8.6,1.1,0.16,31.0,287.0,0.32,2.2,0.32,3.64
2840,8.7,0.81,0.2,27.0,369.0,0.32,2.18,0.34,3.62
2841,8.6,0.49,0.16,35.0,327.0,0.3,2.2,0.38,3.46
2842,8.4,0.89,0.18,30.0,308.0,0.28,2.22,0.42,3.42
2843,8.5,0.68,0.24,26.0,314.0,0.28,2.28,0.4,3.46
2844,8.3,0.73,0.24,41.0,329.0,0.28,2.0,0.38,3.62
2845,8.4,0.72,0.22,38.0,284.0,0.3,2.12,0.38,3.62
2846,8.6,0.82,0.22,41.0,311.0,0.28,2.2,0.38,3.68
2847,8.4,0.83,0.24,43.0,307.0,0.26,2.26,0.36,3.62
2848,8.4,0.9,0.26,37.0,294.0,0.3,2.28,0.38,4.12
2849,8.3,0.91,0.26,31.0,311.0,0.32,2.12,0.4,4.16
2850,8.6,0.96,0.22,44.0,327.0,0.32,2.16,0.4,3.28
2851,8.7,0.94,0.22,29.0,346.0,0.28,2.18,0.38,4.2
2852,8.6,0.99,0.24,36.0,318.0,0.26,2.2,0.36,3.86
2853,8.4,0.68,0.22,31.0,291.0,0.22,2.2,0.32,3.86
2854,8.2,0.66,0.16,27.0,327.0,0.2,2.16,0.38,3.2
2855,8.3,0.67,0.18,35.0,308.0,0.24,2.18,0.36,3.42
2856,7.9,0.64,0.18,39.0,327.0,0.28,2.18,0.38,3.46
2857,8.4,0.65,0.16,42.0,314.0,0.26,2.2,0.32,3.46
2858,8.4,0.89,0.16,39.0,324.0,0.28,2.18,0.36,3.62
2859,8.6,0.86,0.14,51.0,341.0,0.3,2.2,0.38,3.68
2860,8.4,0.84,0.12,38.0,327.0,0.3,2.12,0.38,3.68
2861,8.2,0.8,0.18,30.0,369.0,0.28,2.16,0.4,3.42
2862,8.1,0.79,0.18,27.0,286.0,0.28,2.16,0.32,3.28
2863,8.4,0.76,0.16,36.0,311.0,0.32,2.2,0.36,3.26
2864,8.0,0.88,0.16,43.0,370.0,0.3,2.18,0.36,3.42
2865,8.6,0.86,0.18,41.0,334.0,0.32,2.12,0.38,3.42
2866,8.4,0.84,0.12,54.0,348.0,0.32,2.16,0.32,3.48
2867,8.2,0.87,0.14,46.0,296.0,0.26,2.18,0.32,3.46
2868,8.2,0.9,0.12,37.0,314.0,0.28,2.2,0.38,3.42
2869,8.6,0.94,0.16,39.0,327.0,0.24,2.22,0.36,3.46
2870,8.4,0.96,0.18,44.0,381.0,0.24,2.18,0.32,3.48
2871,8.8,0.88,0.16,41.0,309.0,0.22,2.16,0.36,3.48
2872,8.6,0.86,0.16,39.0,301.0,0.2,1.48,0.4,3.86
2873,8.2,0.84,0.12,41.0,294.0,0.18,1.56,0.36,3.8
2874,8.3,0.82,0.12,28.0,291.0,0.22,1.44,0.38,3.42
2875,8.0,0.81,0.16,35.0,312.0,0.18,1.44,0.42,3.46
2876,7.9,0.84,0.14,31.0,361.0,0.22,1.76,0.42,3.82
2877,8.1,0.86,0.12,27.0,287.0,0.2,1.82,0.44,4.1
2878,8.6,0.86,0.12,38.0,302.0,0.2,1.86,0.4,4.16
2879,8.4,0.99,0.18,42.0,298.0,0.18,1.62,0.38,4.12
2880,8.2,0.94,0.12,49.0,312.0,0.2,1.64,0.36,4.16
2881,8.4,0.96,0.12,37.0,294.0,0.22,1.64,0.38,4.16
2882,8.3,0.94,0.14,39.0,308.0,0.18,1.84,0.4,4.12
2883,8.2,0.92,0.16,41.0,281.0,0.18,1.82,0.36,3.48
2884,8.6,0.94,0.12,37.0,297.0,0.22,1.82,0.38,3.62
2885,8.6,0.92,0.12,28.0,318.0,0.2,1.6,0.42,3.82
2886,8.4,0.82,0.14,40.0,289.0,0.18,1.62,0.4,3.46
2887,8.4,0.86,0.1629,29.0,312.0,0.18,1.62,0.42,3.86
2888,8.4,0.86,0.18,41.0,290.0,0.18,1.68,0.38,3.88
2889,8.6,0.84,0.16,37.0,312.0,0.2,1.46,0.36,3.42
2890,8.4,0.82,0.14,48.0,308.0,0.22,1.62,0.38,3.86
2891,8.4,0.83,0.14,36.0,290.0,0.2,1.62,0.4,3.42
2892,8.8,0.84,0.14,41.0,311.0,0.22,1.84,0.42,3.46
2893,8.2,0.88,0.12,36.0,311.0,0.18,1.46,0.42,3.48
2894,8.1,0.82,0.12,29.0,294.0,0.16,1.64,0.42,3.42
2895,8.2,0.89,0.16,36.0,318.0,0.16,1.64,0.38,3.46
2896,8.4,0.88,0.14,30.0,247.0,0.18,1.8,0.36,3.64
2897,8.6,0.84,0.12,29.0,329.0,0.2,1.68,0.4,3.82
2898,8.0,0.86,0.14,41.0,284.0,0.22,1.42,0.4,3.86
2899,8.0,0.84,0.18,37.0,318.0,0.2,1.44,0.38,3.84
2900,8.1,0.82,0.18,39.0,290.0,0.18,1.44,0.36,3.86
2901,8.4,0.83,0.16,42.0,318.0,0.2,1.66,0.36,3.42
2902,8.3,0.84,0.14,37.0,241.0,0.18,1.64,0.42,3.46
2903,8.6,0.86,0.12,39.0,278.0,0.18,1.64,0.4,3.8
2904,8.6,0.87,0.12,41.0,329.0,0.22,1.62,0.4,4.12
2905,8.4,0.82,0.14,39.0,287.0,0.2,1.8,0.38,4.1
2906,8.6,0.84,0.16,48.0,296.0,0.2,1.8,0.36,4.1
2907,8.0,0.79,0.12,40.0,301.0,0.2,1.46,0.4,3.2
2908,8.2,0.74,0.16,31.0,294.0,0.24,1.64,0.46,3.28
2909,8.6,0.76,0.14,39.0,329.0,0.22,1.42,0.42,3.26
2910,8.4,0.74,0.16,42.0,287.0,0.28,1.82,0.42,3.26
2911,8.5,0.76,0.14,47.0,312.0,0.26,1.82,0.46,3.2
2912,8.1,0.78,0.14,28.0,328.0,0.22,1.8,0.44,3.28
2913,8.2,0.74,0.18,31.0,294.0,0.24,1.64,0.4,3.26
2914,8.6,0.76,0.16,39.0,281.0,0.24,1.68,0.48,3.28
2915,8.4,0.77,0.16,42.0,268.0,0.22,1.68,0.42,3.28
2916,8.2,0.74,0.18,49.0,308.0,0.2,1.48,0.42,3.2
2917,8.4,0.84,0.14,37.0,247.0,0.2,1.62,0.46,3.24
2918,8.6,0.86,0.12,38.0,294.0,0.26,1.62,0.4,3.26
2919,8.4,0.84,0.14,29.0,318.0,0.22,1.6,0.38,3.22
2920,8.2,0.82,0.16,41.0,294.0,0.24,1.84,0.42,3.22
2921,8.3,0.86,0.13,44.0,240.0,0.28,2.98,0.48,4.76
2922,8.4,0.84,0.15,23.0,409.0,0.26,3.46,0.4,4.64
2923,8.6,0.87,0.18,41.0,381.0,0.38,3.64,0.5,4.88
2924,8.4,0.86,0.21,46.0,466.0,0.34,3.98,0.52,5.64
2925,8.2,0.84,0.13,69.0,437.0,0.28,3.88,0.42,5.12
2926,8.4,0.89,0.11,61.0,381.0,0.26,3.64,0.36,5.18
2927,8.6,0.86,0.18,54.0,296.0,0.28,3.44,0.4,5.76
2928,8.4,0.86,0.19,41.0,395.0,0.36,3.86,0.46,5.34
2929,8.3,0.84,0.21,54.0,437.0,0.4,3.64,0.52,5.38
2930,8.2,0.87,0.14,49.0,286.0,0.42,3.88,0.54,5.68
2931,8.2,0.84,0.11,28.0,381.0,0.36,3.84,0.6,5.66
2932,8.4,0.88,0.21,20.0,339.0,0.34,3.64,0.64,5.76
2933,8.1,0.86,0.21,61.0,494.0,0.24,3.6,0.62,4.98
2934,8.4,0.87,0.12,59.0,466.0,0.34,4.12,0.5,4.12
2935,8.1,0.26,0.16,41.0,309.0,0.2,2.16,0.38,3.16
2936,8.0,0.51,0.16,39.0,281.0,0.18,2.26,0.36,3.2
2937,8.4,0.27,0.14,25.0,311.0,0.18,2.2,0.4,3.18
2938,8.3,0.29,0.18,37.0,327.0,0.22,2.12,0.42,3.12
2939,8.3,0.62,0.22,32.0,340.0,0.2,2.18,0.36,3.26
2940,8.4,0.31,0.2,29.0,358.0,0.24,2.18,0.38,2.28
2941,8.5,0.18,0.18,40.0,291.0,0.22,2.16,0.38,3.28
2942,8.1,0.42,0.16,36.0,327.0,0.2,2.26,0.4,3.42
2943,8.4,0.25,0.16,28.0,309.0,0.2,2.2,0.4,3.62
2944,8.3,0.28,0.14,32.0,287.0,0.18,2.12,0.36,3.64
2945,8.6,0.16,0.14,29.0,312.0,0.22,2.18,0.32,3.64
2946,8.5,0.14,0.12,35.0,339.0,0.24,2.18,0.38,3.26
2947,8.6,0.11,0.14,27.0,361.0,0.24,2.14,0.36,3.84
2948,8.5,0.14,0.16,38.0,358.0,0.2,2.16,0.38,4.12
2949,8.4,0.3,0.16,40.0,279.0,0.18,2.12,0.38,4.1
2950,8.5,0.19,0.18,27.0,312.0,0.2,2.16,0.36,4.12
2951,8.3,0.42,0.2,28.0,290.0,0.16,1.8,0.34,3.64
2952,8.4,0.32,0.24,41.0,312.0,0.16,1.64,0.32,3.48
2953,8.5,0.15,0.26,32.0,360.0,0.22,1.82,0.36,3.48
2954,8.5,0.13,0.24,27.0,284.0,0.2,1.86,0.38,3.28
2955,8.4,0.22,0.24,30.0,311.0,0.22,1.82,0.36,3.86
2956,8.5,0.1,0.26,24.0,294.0,0.22,1.82,0.32,3.42
2957,8.4,0.18,0.2,36.0,318.0,0.26,1.86,0.34,3.42
2958,8.5,0.14,0.18,32.0,290.0,0.24,1.64,0.34,3.68
2959,8.3,0.52,0.18,39.0,327.0,0.24,1.62,0.38,3.6
2960,8.5,0.29,0.22,42.0,318.0,0.2,1.62,0.32,3.68
2961,8.3,0.53,0.22,36.0,298.0,0.22,1.6,0.38,3.68
2962,8.5,0.36,0.22,39.0,318.0,0.18,1.48,0.36,3.28
2963,8.2,0.47,0.26,48.0,290.0,0.18,1.66,0.32,3.42
2964,8.3,0.44,0.24,36.0,371.0,0.22,1.42,0.34,3.44
2965,8.4,0.25,0.22,39.0,329.0,0.2,1.42,0.34,3.8
2966,8.3,0.3,0.22,40.0,361.0,0.24,1.46,0.38,3.82
2967,8.5,0.18,0.22,36.0,328.0,0.2,1.44,0.42,3.82
2968,8.6,0.15,0.18,27.0,294.0,0.26,1.48,0.42,3.64
2969,8.4,0.18,0.16,38.0,318.0,0.24,1.64,0.4,3.48
2970,8.2,0.13,0.16,39.0,294.0,0.24,1.62,0.42,3.42
2971,8.5,0.2,0.14,41.0,318.0,0.22,1.68,0.38,3.28
2972,8.6,0.19,0.14,36.0,284.0,0.2,1.68,0.36,3.28
2973,8.4,0.17,0.16,38.0,308.0,0.28,1.66,0.36,3.4
2974,8.6,0.14,0.16,30.0,329.0,0.22,1.66,0.34,3.46
2975,8.7,0.29,0.18,29.0,318.0,0.18,1.42,0.38,3.46
2976,8.7,0.21,0.16,42.0,290.0,0.16,1.64,0.38,3.82
2977,8.8,0.13,0.14,47.0,312.0,0.16,1.48,0.32,3.86
2978,8.5,0.25,0.16,38.0,310.0,0.2,1.62,0.38,4.0
2979,8.3,0.21,0.14,49.0,294.0,0.2,1.62,0.34,4.12
2980,8.1,0.19,0.22,40.0,301.0,0.18,1.64,0.36,3.8
2981,8.4,0.41,0.24,29.0,297.0,0.22,1.62,0.38,3.86
2982,8.5,0.49,0.26,34.0,364.0,0.18,1.48,0.34,3.28
2983,8.6,0.18,0.22,36.0,318.0,0.14,1.46,0.32,3.28
2984,8.4,0.23,0.2,38.0,297.0,0.2,1.46,0.38,3.4
2985,8.3,0.2,0.18,27.0,281.0,0.16,1.86,0.4,3.42
2986,8.2,0.17,0.16,31.0,318.0,0.22,1.88,0.4,3.46
2987,8.2,0.29,0.16,28.0,346.0,0.22,1.8,0.36,3.46
2988,8.5,0.21,0.2,31.0,294.0,0.2,1.64,0.38,3.48
2989,8.6,0.16,0.22,39.0,287.0,0.18,1.64,0.32,3.86
2990,8.5,0.19,0.16,42.0,306.0,0.22,1.62,0.32,3.86
2991,8.8,0.23,0.18,40.0,329.0,0.24,1.8,0.36,3.8
2992,8.6,0.14,0.14,37.0,349.0,0.24,1.28,0.38,3.62
2993,8.4,0.37,0.14,29.0,315.0,0.18,1.42,0.38,3.64
2994,8.3,0.3,0.18,46.0,294.0,0.2,1.42,0.4,3.64
2995,8.4,0.4,0.22,38.0,318.0,0.2,1.46,0.36,3.82
2996,8.3,0.19,0.2,27.0,287.0,0.22,1.62,0.32,3.84
2997,8.1,0.23,0.22,30.0,294.0,0.24,1.66,0.36,3.84
2998,8.0,0.2,0.22,27.0,312.0,0.24,1.66,0.32,3.8
2999,8.6,0.16,0.26,41.0,360.0,0.22,1.6,0.322,4.0
3000,8.5,0.18,0.24,38.0,329.0,0.2,1.82,0.32,4.12
3001,8.4,0.41,0.24,30.0,318.0,0.2,1.86,0.38,4.12
3002,8.4,0.32,0.28,29.0,291.0,0.22,1.86,0.36,3.8
3003,8.2,0.17,0.22,42.0,318.0,0.24,1.48,0.36,3.68
3004,8.6,0.14,0.24,37.0,327.0,0.24,1.46,0.32,3.42
3005,8.4,0.21,0.24,38.0,339.0,0.22,1.62,0.38,3.46
3006,8.3,0.29,0.24,28.0,342.0,0.26,1.64,0.42,3.48
3007,8.1,0.19,0.22,31.0,367.0,0.22,1.64,0.42,3.46
3008,8.5,0.32,0.24,27.0,269.0,0.2,1.66,0.36,3.44
3009,8.3,0.39,0.2,36.0,312.0,0.24,1.46,0.34,3.42
3010,8.6,0.21,0.18,41.0,318.0,0.2,1.46,0.34,3.48
3011,8.7,0.47,0.18,48.0,290.0,0.2,1.48,0.36,3.42
3012,8.4,0.18,0.22,37.0,318.0,0.18,1.82,0.32,3.44
3013,8.2,0.23,0.24,28.0,290.0,0.2,1.78,0.38,3.48
3014,8.3,0.2,0.24,44.0,318.0,0.18,1.44,0.38,3.48
3015,8.5,0.41,0.2,37.0,308.0,0.18,1.86,0.36,3.48
3016,8.1,0.37,0.18,24.0,297.0,0.2,1.82,0.34,3.6
3017,8.8,0.3,0.16,36.0,316.0,0.16,1.86,0.32,3.64
3018,8.6,0.23,0.22,34.0,318.0,0.16,1.42,0.36,3.62
3019,8.5,0.29,0.24,31.0,294.0,0.2,1.48,0.32,3.68
3020,8.3,0.41,0.22,29.0,311.0,0.18,1.64,0.38,3.86
3021,8.4,0.28,0.24,42.0,314.0,0.18,1.64,0.36,3.82
3022,8.6,0.2,0.26,37.0,376.0,0.22,1.8,0.4,3.82
3023,8.5,0.14,0.26,30.0,326.0,0.24,1.86,0.4,3.86
3024,8.4,0.19,0.18,27.0,318.0,0.22,1.48,0.38,3.48
3025,8.5,0.28,0.22,31.0,309.0,0.2,1.46,0.32,3.62
3026,8.3,0.37,0.2,28.0,291.0,0.24,1.42,0.34,3.68
3027,8.4,0.22,0.22,30.0,382.0,0.24,1.42,0.36,3.66
3028,8.6,0.18,0.18,38.0,360.0,0.26,1.8,0.38,3.42
3029,8.7,0.11,0.24,43.0,369.0,0.22,1.86,0.32,3.26
3030,8.4,0.13,0.22,41.0,287.0,0.22,1.86,0.38,3.28
3031,8.3,0.27,0.22,29.0,318.0,0.2,1.68,0.38,3.28
3032,8.5,0.22,0.16,43.0,296.0,0.2,1.62,0.4,3.28
3033,8.4,0.19,0.16,40.0,318.0,0.18,1.62,0.36,3.4
3034,8.1,0.23,0.18,39.0,289.0,0.16,1.48,0.32,3.46
3035,8.3,0.21,0.16,41.0,312.0,0.16,1.46,0.34,3.62
3036,8.5,0.18,0.14,39.0,310.0,0.2,1.46,0.34,3.6
3037,8.7,0.14,0.2,46.0,368.0,0.24,1.76,0.38,3.6
3038,8.6,0.31,0.18,39.0,290.0,0.22,1.82,0.32,3.86
3039,8.3,0.22,0.18,31.0,312.0,0.26,1.82,0.36,3.88
3040,8.5,0.27,0.22,28.0,360.0,0.22,1.64,0.38,3.42
3041,8.4,0.18,0.22,34.0,287.0,0.2,1.48,0.36,3.2
3042,8.3,0.15,0.22,41.0,349.0,0.2,1.42,0.34,3.46
3043,8.2,0.21,0.26,36.0,356.0,0.26,1.46,0.34,3.44
3044,8.5,0.34,0.24,27.0,341.0,0.22,1.48,0.32,4.0
3045,8.6,0.27,0.18,38.0,287.0,0.2,1.46,0.32,3.86
3046,8.6,0.18,0.16,34.0,318.0,0.24,1.42,0.38,3.48
3047,8.8,0.29,0.16,29.0,284.0,0.22,1.42,0.32,3.82
3048,8.4,0.2,0.22,47.0,308.0,0.22,2.18,0.36,3.2
3049,8.3,0.14,0.22,38.0,324.0,0.2,2.2,0.36,3.2
3050,8.1,0.11,0.24,43.0,387.0,0.2,2.16,0.38,3.26
3051,8.5,0.19,0.22,41.0,369.0,0.22,2.12,0.4,3.48
3052,8.4,0.21,0.2,39.0,361.0,0.22,2.12,0.4,4.12
3053,8.0,0.29,0.18,34.0,327.0,0.18,2.16,0.38,4.12
3054,8.6,0.41,0.16,39.0,348.0,0.2,2.18,0.42,3.8
3055,8.7,0.19,0.16,42.0,337.0,0.24,2.18,0.36,3.64
3056,8.4,0.21,0.16,49.0,369.0,0.22,2.2,0.38,3.82
3057,8.2,0.24,0.22,44.0,349.0,0.26,2.16,0.38,3.82
3058,8.1,0.18,0.2,31.0,327.0,0.26,2.12,0.36,3.68
3059,8.6,0.14,0.2,0.39,308.0,0.22,2.18,0.32,3.46
3060,7.3,0.2,0.3,39.0,254.0,0.32,3.4,0.32,2.8
3061,7.7,0.14,0.28,28.0,310.0,0.28,2.98,0.28,3.64
3062,7.5,1.69,0.24,36.0,367.0,0.28,3.78,0.36,4.2
3063,7.9,0.62,0.28,47.0,480.0,0.26,2.92,0.4,4.1
3064,8.0,0.38,0.18,38.0,310.0,0.32,3.2,0.26,3.78
3065,7.9,0.25,0.19,42.0,268.0,0.44,3.42,0.26,3.9
3066,7.9,0.19,0.14,39.0,437.0,0.4,3.8,0.32,3.42
3067,8.0,0.26,0.1,28.0,579.0,0.28,2.98,0.28,3.64
3068,8.1,0.15,0.14,42.0,452.0,0.32,3.42,0.3,4.32
3069,8.0,0.14,0.29,36.0,381.0,0.24,3.1,0.42,4.82
3070,7.9,0.17,0.18,49.0,296.0,0.32,2.92,0.28,3.4
3071,8.0,0.16,0.2,28.0,254.0,0.26,2.42,0.32,4.26
3072,7.8,0.18,0.32,31.0,310.0,0.38,3.28,0.26,4.78
3073,7.9,0.4,0.14,49.0,423.0,0.42,4.2,0.32,4.1
3074,8.2,0.4,0.29,38.0,466.0,0.28,3.78,0.28,2.88
3075,7.8,0.37,0.18,49.0,367.0,0.32,3.24,0.32,3.28
3076,7.6,0.95,0.14,28.0,240.0,0.28,3.78,0.26,3.4
3077,7.7,0.84,0.13,31.0,282.0,0.32,3.4,0.32,2.8
3078,7.7,0.99,0.21,49.0,409.0,0.42,3.42,0.423,3.78
3079,7.9,0.9,0.24,31.0,381.0,0.28,3.78,0.36,4.2
3080,7.8,0.94,0.19,38.0,367.0,0.26,2.92,0.4,4.1
3081,8.2,0.41,0.29,39.0,466.0,0.32,3.2,0.26,3.78
3082,8.2,0.24,0.13,28.0,310.0,0.44,3.42,0.26,3.9
3083,8.0,0.18,0.18,38.0,240.0,0.4,3.8,0.32,3.42
3084,8.0,0.16,0.24,44.0,311.0,0.2,2.1,0.36,3.22
3085,8.1,0.24,0.24,39.0,319.0,0.18,2.16,0.38,3.2
3086,8.1,0.4,0.22,42.0,324.0,0.2,2.1,0.32,3.2
3087,8.3,0.29,0.26,38.0,309.0,0.22,2.12,0.36,3.28
3088,8.4,0.19,0.26,44.0,284.0,0.2,2.1,0.34,3.26
3089,8.4,0.21,0.24,49.0,312.0,0.22,2.16,0.38,3.2
3090,8.3,0.17,0.18,51.0,367.0,0.2,2.12,0.36,3.22
3091,8.4,0.15,0.18,39.0,381.0,0.18,2.2,0.32,3.26
3092,7.9,1.05,0.2,48.0,329.0,0.22,2.18,0.34,3.28
3093,8.4,0.46,0.2,41.0,318.0,0.18,2.16,0.36,3.22
3094,8.4,0.24,0.16,29.0,309.0,0.2,2.12,0.38,3.26
3095,8.3,0.28,0.2,35.0,314.0,0.22,2.1,0.36,3.28
3096,8.5,0.25,0.18,27.0,327.0,0.2,2.1,0.36,3.28
3097,8.5,0.19,0.28,42.0,369.0,0.24,1.42,0.38,3.46
3098,8.5,0.19,0.26,37.0,318.0,0.26,1.86,0.4,3.84
3099,8.6,0.17,0.24,38.0,298.0,0.22,1.74,0.36,3.42
3100,8.6,0.16,0.22,41.0,329.0,0.2,1.82,0.32,3.28
3101,8.7,0.16,0.18,29.0,340.0,0.24,1.86,0.34,3.26
3102,8.5,0.16,0.18,38.0,348.0,0.26,1.48,0.38,4.12
3103,8.4,0.26,0.16,42.0,294.0,0.28,1.62,0.38,3.86
3104,8.3,0.53,0.2,46.0,319.0,0.24,1.88,0.32,3.48
3105,8.5,0.33,0.18,37.0,327.0,0.24,2.08,0.36,3.86
3106,8.6,0.24,0.16,48.0,318.0,0.22,2.08,0.36,3.84
3107,8.6,0.16,0.16,47.0,309.0,0.2,2.0,0.38,3.68
3108,8.4,0.49,0.16,51.0,318.0,0.28,2.1,0.4,3.82
3109,8.7,0.3,0.18,39.0,294.0,0.2,2.1,0.4,3.46
3110,8.5,0.28,0.16,42.0,281.0,0.24,2.06,0.36,3.48
3111,8.5,0.3,0.22,38.0,324.0,0.22,2.0,0.4,3.42
3112,8.7,0.17,0.2,31.0,336.0,0.26,1.84,0.38,3.46
3113,8.6,0.15,0.2,28.0,290.0,0.22,1.86,0.32,3.48
3114,8.5,0.24,0.2,36.0,318.0,0.24,1.86,0.36,3.48
3115,8.6,0.19,0.18,39.0,249.0,0.26,1.82,0.34,3.46
3116,8.7,0.25,0.16,35.0,308.0,0.2,1.8,0.38,3.28
3117,8.6,0.19,0.18,31.0,341.0,0.18,1.82,0.4,3.42
3118,8.6,0.16,0.2,42.0,369.0,0.22,1.98,0.36,3.26
3119,7.8,0.12,0.2,38.0,347.0,0.24,1.46,0.38,3.42
3120,8.0,0.16,0.22,43.0,381.0,0.24,1.64,0.38,3.64
3121,7.9,0.14,0.24,47.0,297.0,0.2,1.62,0.36,3.78
3122,8.0,0.13,0.24,31.0,328.0,0.26,1.8,0.34,3.68
3123,8.1,0.13,0.26,28.0,314.0,0.22,1.78,0.32,3.82
3124,8.0,0.12,0.26,30.0,339.0,0.28,1.46,0.34,3.4
3125,8.1,0.14,0.24,37.0,281.0,0.28,1.46,0.34,3.16
3126,8.2,0.12,0.24,32.0,329.0,0.24,1.88,0.38,3.2
3127,8.0,0.14,0.16,39.0,341.0,0.26,1.86,0.4,3.26
3128,8.2,0.13,0.18,48.0,367.0,0.22,1.92,0.36,3.28
3129,8.9,0.11,0.18,41.0,328.0,0.2,1.46,0.38,3.86
3130,8.3,0.12,0.18,37.0,314.0,0.28,1.78,0.32,4.12
3131,8.3,0.1,0.16,31.0,319.0,0.24,1.46,0.36,4.0
3132,8.2,0.11,0.2,42.0,282.0,0.24,1.64,0.34,2.86
3133,8.1,0.13,0.22,49.0,341.0,0.2,2.1,0.38,3.48
3134,8.0,0.12,0.24,52.0,360.0,0.26,2.0,0.32,3.64
3135,8.3,0.1,0.26,39.0,329.0,0.22,1.98,0.34,3.62
3136,8.2,0.13,0.18,36.0,314.0,0.24,1.88,0.36,3.86
3137,8.2,0.1,0.2,58.0,329.0,0.24,1.86,0.32,3.92
3138,8.1,0.13,0.22,51.0,318.0,0.28,1.44,0.38,3.46
3139,8.3,0.16,0.22,34.0,284.0,0.26,1.76,0.36,3.2
3140,8.2,0.16,0.24,39.0,297.0,0.22,1.82,0.36,3.28
3141,8.2,0.18,0.26,32.0,312.0,0.22,1.48,0.32,3.26
3142,8.4,0.11,0.26,51.0,349.0,0.28,1.64,0.38,3.22
3143,8.4,0.18,0.24,56.0,289.0,0.24,2.0,0.36,3.26
3144,8.6,0.16,0.22,49.0,260.0,0.2,2.1,0.36,3.28
3145,8.4,0.17,0.22,58.0,311.0,0.2,2.16,0.38,3.64
3146,8.5,0.14,0.24,39.0,329.0,0.24,2.1,0.38,3.62
3147,8.1,0.28,0.22,36.0,347.0,0.26,2.0,0.4,3.86
3148,8.3,0.18,0.24,31.0,368.0,0.28,2.0,0.36,3.86
3149,8.0,0.42,0.24,27.0,311.0,0.28,2.1,0.38,3.8
3150,8.3,0.56,0.22,39.0,341.0,0.22,2.12,0.36,3.2
3151,8.4,0.28,0.24,44.0,308.0,0.26,2.08,0.34,3.2
3152,8.1,0.31,0.22,35.0,294.0,0.24,2.0,0.38,3.64
3153,8.1,0.61,0.24,31.0,311.0,0.24,2.0,0.38,3.88
3154,8.2,0.71,0.22,39.0,287.0,0.28,1.88,0.36,3.26
3155,8.1,0.67,0.24,42.0,261.0,0.28,1.64,0.4,3.42
3156,7.9,0.59,0.22,52.0,294.0,0.26,1.68,0.38,3.64
3157,8.1,0.35,0.22,59.0,311.0,0.24,1.62,0.32,3.62
3158,7.8,0.39,0.2,48.0,381.0,0.3,1.62,0.36,3.8
3159,8.1,0.53,0.18,41.0,327.0,0.28,1.68,0.36,3.84
3160,8.1,0.48,0.18,37.0,339.0,0.26,1.48,0.34,3.86
3161,8.2,0.42,0.24,29.0,327.0,0.28,2.12,0.36,3.26
3162,8.1,0.4,0.22,42.0,314.0,0.28,2.16,0.32,3.42
3163,7.8,0.6,0.24,38.0,329.0,0.26,2.1,0.36,3.2
3164,8.1,0.55,0.24,43.0,341.0,0.24,2.12,0.38,3.28
3165,8.0,0.49,0.22,29.0,327.0,0.24,2.12,0.34,3.26
3166,8.1,0.43,0.2,37.0,367.0,0.22,2.18,0.32,3.22
3167,8.0,0.47,0.2,31.0,348.0,0.28,2.16,0.36,3.24
3168,8.6,0.15,0.22,28.0,294.0,0.28,2.12,0.4,3.2
3169,8.5,0.16,0.22,34.0,311.0,0.26,2.12,0.32,3.28
3170,8.37,0.1,0.16,31.0,287.0,0.22,2.18,0.32,3.26
3171,8.6,0.12,0.18,28.0,329.0,0.2,2.16,0.38,3.22
3172,8.6,0.1,0.18,39.0,348.0,0.24,2.12,0.34,3.2
3173,8.4,0.11,0.18,44.0,328.0,0.28,2.1,0.32,3.42
3174,8.3,0.14,0.16,41.0,287.0,0.22,2.08,0.36,3.44
3175,8.4,0.12,0.22,49.0,308.0,0.26,2.1,0.36,3.28
3176,8.1,0.12,0.2,54.0,349.0,0.24,2.1,0.32,3.2
3177,8.4,0.1,0.2,28.0,312.0,0.26,2.18,0.34,3.28
3178,8.4,0.11,0.2,36.0,328.0,0.22,2.16,0.38,3.26
3179,8.1,0.15,0.22,31.0,367.0,0.26,2.12,0.38,3.28
3180,8.0,0.1,0.18,27.0,340.0,0.24,2.16,0.36,3.22
3181,8.9,0.13,0.18,36.0,284.0,0.22,2.12,0.32,3.2
3182,8.7,0.15,0.16,31.0,319.0,0.2,2.14,0.36,3.26
3183,8.7,0.12,0.2,38.0,368.0,0.18,2.16,0.34,3.22
3184,8.6,0.14,0.14,42.0,342.0,0.24,2.12,0.32,3.28
3185,8.7,0.1,0.16,37.0,358.0,0.26,2.16,0.36,3.24
3186,8.6,0.13,0.16,42.0,324.0,0.22,2.14,0.34,3.2
3187,8.5,0.13,0.18,46.0,311.0,0.26,2.18,0.32,3.22
3188,8.5,0.12,0.24,39.0,294.0,0.22,2.1,0.36,3.28
3189,8.6,0.15,0.22,58.0,308.0,0.28,2.12,0.38,3.2
3190,8.4,0.15,0.24,47.0,317.0,0.3,2.08,0.32,3.26
3191,8.7,0.12,0.24,26.0,369.0,0.24,2.2,0.36,3.62
3192,8.6,0.1,0.22,37.0,341.0,0.24,2.12,0.34,3.2
3193,8.6,0.16,0.22,30.0,278.0,0.2,2.14,0.38,3.26
3194,8.7,0.11,0.24,27.0,327.0,0.18,2.1,0.32,3.28
3195,8.5,0.16,0.22,32.0,310.0,0.18,2.12,0.36,3.24
3196,8.5,0.14,0.22,38.0,286.0,0.24,2.08,0.38,3.28
3197,8.3,0.24,0.18,41.0,348.0,0.26,2.08,0.4,3.26
3198,8.3,0.3,0.18,35.0,329.0,0.28,2.1,0.36,3.28
3199,8.2,0.31,0.16,31.0,364.0,0.3,2.12,0.32,3.42
3200,7.8,0.56,0.16,44.0,314.0,0.28,2.1,0.38,3.4
3201,7.8,0.5,0.2,38.0,319.0,0.24,2.16,0.36,3.28
3202,8.7,0.18,0.24,40.0,278.0,0.26,2.12,0.32,3.2
3203,8.6,0.19,0.22,31.0,361.0,0.22,2.1,0.36,3.28
3204,8.4,0.23,0.24,29.0,347.0,0.28,2.18,0.36,3.26
3205,8.6,0.33,0.2,38.0,309.0,0.26,2.12,0.4,3.2
3206,8.2,0.34,0.22,31.0,321.0,0.24,2.14,0.38,3.24
3207,8.2,0.32,0.2,29.0,347.0,0.28,2.16,0.42,3.22
3208,8.0,0.36,0.22,36.0,380.0,0.22,2.2,0.42,3.28
3209,8.2,0.13,0.24,26.0,147.0,0.28,3.24,0.44,3.18
3210,8.3,0.14,0.21,28.0,308.0,0.3,2.86,0.26,2.96
3211,8.5,0.13,0.18,31.0,367.0,0.26,2.7,0.38,3.58
3212,8.5,0.15,0.27,44.0,291.0,0.38,3.28,0.3,5.1
3213,8.4,0.18,0.31,61.0,160.0,0.3,3.4,0.26,4.58
3214,8.4,0.19,0.27,39.0,308.0,0.24,2.96,0.38,3.78
3215,8.5,0.15,0.32,33.0,267.0,0.32,3.1,0.44,3.4
3216,8.4,0.14,0.28,28.0,273.0,0.26,3.56,0.38,2.98
3217,8.6,0.14,0.39,31.0,325.0,0.3,3.78,0.26,3.56
3218,8.5,0.13,0.41,29.0,210.0,0.22,3.1,0.32,4.12
3219,8.8,0.12,0.27,38.0,339.3,0.3,2.56,0.28,3.82
3220,8.4,0.13,0.35,27.0,278.0,0.24,2.7,0.3,2.98
3221,8.5,0.12,0.31,21.0,301.0,0.32,3.26,0.28,3.5
3222,8.3,0.15,0.29,44.0,293.0,0.38,3.78,0.3,3.28
3223,8.5,0.12,0.32,38.0,222.0,0.24,3.1,0.26,2.98
3224,8.6,0.11,0.24,24.0,373.0,0.36,2.9,0.44,3.12
3225,8.5,0.1,0.21,33.0,325.0,0.38,3.1,0.36,2.96
3226,8.6,0.11,0.14,39.0,401.0,0.3,2.74,0.44,3.58
3227,8.5,0.12,19.0,41.0,329.0,0.22,3.28,0.24,3.1
3228,8.4,0.13,0.31,48.0,184.0,0.38,3.1,0.38,2.98
3229,8.4,0.12,0.24,41.0,351.0,0.3,2.46,0.26,3.8
3230,8.6,0.14,0.31,61.0,408.0,0.24,3.58,0.32,3.46
3231,8.7,0.15,0.29,56.0,267.0,0.22,3.4,0.28,3.18
3232,8.7,0.13,0.38,69.0,293.0,0.38,2.94,0.36,2.94
3233,8.4,0.12,0.41,61.0,188.0,0.36,3.22,0.4,3.58
3234,8.5,0.14,0.29,39.0,247.0,0.44,3.78,0.24,3.78
3235,8.6,0.13,0.38,33.0,329.0,0.4,2.8,0.38,4.2
3236,8.7,0.17,0.47,29.0,311.0,0.28,3.24,0.3,4.1
3237,8.6,0.13,0.29,38.0,281.0,0.32,3.18,0.22,2.98
3238,8.7,0.14,0.34,41.0,245.0,0.24,3.7,0.38,3.1
3239,8.6,0.13,0.3126,26.0,329.0,0.38,2.46,0.3,3.78
3240,8.5,0.13,0.28,23.0,308.0,0.32,2.78,0.24,4.2
3241,8.7,0.12,0.23,31.0,281.0,0.28,3.18,0.36,4.58
3242,8.5,0.15,0.4,28.0,367.0,0.36,2.94,0.36,3.82
3243,8.6,0.13,0.38,37.0,182.0,0.3,3.2,0.28,4.1
3244,8.5,0.17,0.39,41.0,267.0,0.32,3.26,0.42,3.78
3245,8.6,0.13,0.33,67.0,308.0,0.28,2.94,0.28,3.1
3246,8.6,0.15,0.44,61.0,339.0,0.24,3.2,0.3,2.98
3247,8.7,0.14,0.29,54.0,363.0,0.3,2.46,0.26,3.26
3248,8.5,0.13,0.23,44.0,401.0,0.26,3.24,0.38,3.1
3249,8.7,0.14,0.31,33.0,182.0,0.22,2.36,0.26,2.98
3250,8.4,0.12,0.29,30.0,339.0,0.38,3.1,0.32,3.26
3251,8.5,0.15,0.35,51.0,367.0,0.3,2.46,0.28,3.78
3252,8.6,0.16,0.31,33.0,301.0,0.24,3.28,0.36,4.16
3253,8.5,0.23,0.24,31.0,265.0,0.36,3.64,0.3,4.9
3254,8.6,0.16,0.41,59.0,281.0,0.34,3.02,0.24,3.9
3255,8.6,0.17,0.49,44.0,325.0,0.3,3.12,0.36,3.48
3256,8.5,0.17,0.55,28.0,308.0,0.22,2.94,0.28,2.94
3257,8.4,0.18,0.31,56.0,341.0,0.28,3.1,0.3,3.58
3258,8.5,0.13,0.29,51.0,205.0,0.36,2.98,0.28,3.1
3259,8.9,0.14,0.34,27.0,308.0,0.26,3.44,0.36,5.32
3260,9.5,0.67,0.29,31.0,301.0,0.38,4.1,0.3,2.98
3261,9.4,0.47,0.21,28.0,297.0,0.3,2.96,0.24,3.1
3262,8.7,0.16,0.51,23.0,339.0,0.22,3.2,0.38,3.78
3263,8.5,0.16,0.41,34.0,304.0,0.36,3.78,0.3,3.58
3264,8.5,0.15,0.29,41.0,311.0,0.28,3.1,0.24,3.42
3265,8.4,0.14,0.36,61.0,267.0,0.34,2.44,0.36,2.98
3266,8.5,0.11,0.4,55.0,294.0,0.3,3.2,0.3,3.16
3267,8.6,0.1,0.24,49.0,301.0,0.22,3.8,0.28,3.78
3268,8.5,0.13,0.38,61.0,265.0,0.38,2.36,0.34,2.46
3269,8.5,0.11,0.31,33.0,325.0,0.3,3.48,0.3,3.98
3270,8.4,0.14,0.29,38.0,353.0,0.24,3.52,0.28,4.42
3271,8.6,0.14,0.37,41.0,339.0,0.38,2.98,0.34,4.1
3272,8.3,0.17,0.28,23.0,308.0,0.36,3.1,0.44,3.78
3273,8.6,0.15,0.34,28.0,226.0,0.3,2.98,0.38,4.4
3274,8.3,0.16,0.31,41.0,353.0,0.32,3.1,0.44,3.48
3275,8.4,0.12,0.27,54.0,401.0,0.27,2.94,0.28,4.36
3276,8.6,0.11,0.36,61.0,367.0,0.24,2.52,0.32,3.9
3277,8.3,0.42,0.55,39.0,339.0,0.38,3.46,0.24,2.82
3278,8.4,0.2,0.39,23.0,226.0,0.3,3.8,0.36,2.56
3279,8.7,0.16,0.31,31.0,325.0,0.24,2.78,0.44,4.02
3280,8.2,0.3,0.29,29.0,308.0,0.38,3.24,0.38,3.78
3281,8.5,0.14,0.41,39.0,293.0,0.22,3.6,0.26,3.4
3282,8.6,0.13,0.38,41.0,247.0,0.34,3.78,0.38,2.98
3283,8.2,0.44,0.31,49.0,264.0,0.3,2.42,0.42,3.2
3284,8.2,0.38,0.29,36.0,325.0,0.28,3.28,0.54,3.78
3285,8.6,0.18,0.21,23.0,401.0,0.32,3.6,0.38,3.4
3286,8.3,0.46,0.35,29.0,369.0,0.26,3.78,0.46,2.98
3287,9.1,0.46,0.41,34.0,343.0,0.38,3.42,0.32,3.1
3288,8.8,0.16,0.23,41.0,210.0,0.42,3.94,0.38,2.42
3289,8.3,0.31,0.27,49.0,309.0,0.22,3.1,0.24,3.1
3290,8.5,0.14,0.38,38.0,339.0,0.28,2.94,0.38,3.26
3291,8.7,0.12,0.21,31.0,367.0,0.36,3.24,0.22,2.86
3292,8.2,0.33,0.15,27.0,401.0,0.34,3.58,0.38,2.52
3293,8.1,0.56,0.51,23.0,192.0,0.24,2.96,0.44,3.1
3294,8.4,0.1,0.38,34.0,327.0,0.38,2.52,0.2,2.96
3295,8.2,0.36,0.44,41.0,269.0,0.3,3.1,0.38,3.24
3296,8.6,0.54,0.25,49.0,371.0,0.38,3.4,0.26,2.82
3297,8.8,0.14,0.3,31.0,200.0,0.3,2.48,0.38,2.78
3298,8.8,0.14,0.3,31.0,200.0,0.3,2.48,0.38,2.78
3299,8.4,0.35,0.23,28.0,267.0,0.26,3.2,0.3,2.42
3300,8.2,0.42,0.31,23.0,308.0,0.38,3.78,0.26,3.26
3301,8.3,0.14,0.25,31.0,243.0,0.3,3.5,0.38,3.42
3302,9.2,0.36,0.29,26.0,291.0,0.24,2.82,0.3,3.58
3303,8.6,0.29,0.35,34.0,275.0,0.38,3.14,0.24,3.1
3304,8.8,0.14,0.27,31.0,308.0,0.3,3.58,0.32,2.98
3305,8.7,0.11,0.38,39.0,339.0,0.26,3.14,0.28,3.18
3306,8.5,0.18,0.21,44.0,301.0,0.32,2.46,0.32,2.94
3307,9.1,0.32,0.19,41.0,363.0,0.28,3.1,0.44,3.1
3308,8.8,0.1,0.23,39.0,219.0,0.38,2.88,0.28,3.28
3309,8.8,0.23,0.31,23.0,301.0,0.24,3.64,0.4,3.78
3310,9.1,0.13,0.42,36.0,267.0,0.32,2.98,0.36,2.46
3311,8.6,0.14,0.19,31.0,325.0,0.28,0.2,0.28,3.2
3312,8.5,0.13,0.27,56.0,339.0,0.24,3.18,0.36,3.7
3313,8.8,0.16,0.36,27.0,401.0,0.35,2.98,0.44,5.26
3314,9.4,0.29,0.21,23.0,367.0,0.24,3.4,0.28,3.8
3315,8.3,0.18,0.35,32.0,283.0,0.22,3.78,0.32,2.94
3316,8.8,0.2,0.24,39.0,267.0,0.36,2.7,0.28,3.24
3317,8.6,0.16,0.17,41.0,301.0,0.3,3.22,0.42,3.68
3318,8.6,0.1,0.24,49.0,325.0,0.24,3.1,0.38,4.4
3319,8.4,0.16,0.18,35.0,367.0,0.38,2.46,0.3,3.86
3320,8.7,0.29,0.31,28.0,341.0,0.26,3.2,0.36,3.2
3321,8.7,0.18,0.26,31.0,325.0,0.36,3.42,0.44,3.64
3322,8.9,0.44,0.31,56.0,301.0,0.44,2.98,0.4,3.1
3323,8.8,0.2,0.24,51.0,369.0,0.4,3.18,0.28,2.98
3324,8.4,0.32,0.19,44.0,308.0,0.3,3.24,0.44,4.26
3325,8.9,0.46,0.24,56.0,421.0,0.22,3.7,0.28,3.9
3326,9.1,0.34,0.3,61.0,367.0,0.36,2.96,0.32,2.46
3327,8.9,0.3,0.23,33.0,353.0,0.28,3.3,0.28,3.28
3328,9.3,0.27,0.28,23.0,282.0,0.34,2.82,0.24,3.52
3329,9.2,0.25,0.3,33.0,311.0,0.22,3.46,0.36,3.94
3330,9.0,0.16,0.41,44.0,296.0,0.38,3.12,0.3,4.26
3331,8.8,0.14,0.22,51.0,312.0,0.42,2.82,0.28,4.9
3332,8.5,0.11,0.19,44.0,325.0,0.28,3.36,0.32,2.98
3333,8.6,0.25,0.25,36.0,353.0,0.36,3.82,0.26,3.26
3334,8.6,0.16,0.24,26.0,282.0,0.44,2.94,0.38,3.7
3335,8.5,0.14,0.31,56.0,301.0,0.28,3.24,0.44,2.98
3336,8.4,0.11,0.23,51.0,267.0,0.34,3.1,0.32,4.52
3337,8.7,0.1,0.19,67.0,353.0,0.28,2.7,0.28,3.2
3338,8.9,0.23,0.17,26.0,401.0,0.36,3.52,0.24,3.7
3339,8.5,0.19,0.24,31.0,369.0,0.42,3.82,0.32,2.98
3340,8.2,0.19,0.31,39.0,296.0,0.38,3.4,0.22,4.4
3341,8.7,0.15,0.26,44.0,327.0,0.42,2.82,0.3,3.28
3342,8.3,0.16,0.31,26.0,269.0,0.28,2.7,0.44,3.52
3343,8.4,0.15,0.29,31.0,321.0,0.36,3.56,0.56,3.1
3344,8.5,0.12,0.41,56.0,325.0,0.46,3.9,0.28,2.98
3345,8.5,0.16,0.32,61.0,401.0,0.32,3.42,0.34,4.24
3346,8.6,0.15,0.21,51.0,282.0,0.28,3.08,0.42,3.5
3347,8.7,0.48,0.39,44.0,301.0,0.34,2.9,0.28,2.46
3348,8.5,0.17,0.28,29.0,296.0,0.44,3.12,0.36,3.52
3349,8.3,0.19,0.32,23.0,339.0,0.28,2.7,0.44,2.96
3350,8.3,0.1,0.25,33.0,367.0,0.36,3.26,0.32,3.64
3351,8.5,0.13,0.2,49.0,392.0,0.28,3.8,0.28,3.28
3352,8.6,0.3,0.32,56.0,401.0,0.24,2.94,0.32,3.64
3353,8.5,0.29,0.18,44.0,328.0,0.36,3.18,0.44,2.8
3354,8.2,0.21,0.27,36.0,401.0,0.44,3.78,0.4,3.24
3355,8.3,0.11,0.37,29.0,353.0,0.38,2.5,0.28,3.64
3356,8.5,0.17,0.24,23.0,382.0,0.24,2.92,0.36,2.52
3357,8.3,0.18,0.39,41.0,291.0,0.38,3.28,0.44,3.92
3358,8.6,0.1,0.44,54.0,326.0,0.44,3.46,0.28,3.4
3359,8.3,0.1,0.24,37.0,367.0,0.22,3.78,0.44,3.78
3360,9.0,0.77,0.36,41.0,311.0,0.38,2.98,0.28,4.4
3361,8.7,0.33,0.3,33.0,289.0,0.24,3.1,0.32,3.64
3362,8.8,0.11,0.23,44.0,329.0,0.28,2.44,0.54,3.82
3363,8.4,0.36,0.31,39.0,343.0,0.32,3.26,0.38,3.78
3364,8.3,0.48,0.29,51.0,308.0,0.26,2.94,0.46,2.46
3365,8.4,0.41,0.38,26.0,367.0,0.38,3.52,0.4,3.88
3366,8.6,0.13,0.41,39.0,269.0,0.42,3.48,0.28,4.3
3367,8.4,0.36,0.36,28.0,367.0,0.38,3.1,0.38,3.28
3368,8.5,0.09,0.24,37.0,408.0,0.26,2.94,0.42,3.28
3369,8.3,0.11,0.21,29.0,467.0,0.38,3.4,0.38,3.78
3370,8.6,0.08,0.38,41.0,339.0,0.3,3.18,0.52,2.94
3371,8.6,0.1,0.29,37.0,325.0,0.24,4.1,0.38,3.28
3372,8.5,0.09,0.32,28.0,357.0,0.32,3.36,0.4,4.4
3373,8.2,0.1,0.28,49.0,369.0,0.28,3.9,0.58,2.48
3374,8.5,0.09,0.21,41.0,301.0,0.32,3.7,0.42,3.64
3375,8.6,0.08,0.35,59.0,247.0,0.24,2.98,0.3,4.18
3376,8.4,0.18,0.28,61.0,368.0,0.36,3.42,0.56,2.92
3377,8.2,0.09,0.23,44.0,267.0,0.44,3.78,0.28,3.28
3378,8.6,0.1,0.27,38.0,301.0,0.28,3.12,0.34,3.72
3379,8.7,0.11,0.41,31.0,369.0,0.36,2.9,0.22,2.42
3380,8.1,0.1,0.38,54.0,411.0,0.44,3.12,0.369,3.12
3381,8.5,0.08,0.41,46.0,325.0,0.22,3.7,0.44,2.98
3382,8.2,0.13,0.27,51.0,296.0,0.36,3.12,0.38,3.56
3383,8.7,0.09,0.38,46.0,353.0,0.3,2.9,0.28,3.34
3384,8.4,0.11,0.28,41.0,226.0,0.24,2.46,0.32,4.28
3385,8.1,0.09,0.39,39.0,241.0,0.34,3.78,0.26,5.1
3386,8.5,0.11,0.41,42.0,325.0,0.28,2.36,0.44,3.98
3387,8.0,0.09,0.28,49.0,353.0,0.32,4.28,0.28,4.26
3388,8.6,0.14,0.31,53.0,381.0,0.28,3.6,0.3,4.7
3389,8.2,0.32,0.27,59.0,401.0,0.44,3.28,0.28,3.18
3390,8.7,0.19,0.23,41.0,461.0,0.4,4.12,0.32,3.28
3391,8.8,0.13,0.3,36.0,282.0,0.28,3.26,0.28,3.94
3392,8.4,0.12,0.28,23.0,301.0,0.32,3.7,0.44,4.52
3393,8.1,0.15,0.41,26.0,292.0,0.44,2.82,0.48,3.8
3394,8.3,0.11,0.35,41.0,328.0,0.4,2.92,0.32,2.42
3395,8.2,0.12,0.28,49.0,402.0,0.36,3.18,0.28,3.6
3396,8.5,0.09,0.31,36.0,328.0,0.42,3.4,0.32,2.44
3397,8.4,0.1,0.29,29.0,374.0,0.26,3.26,0.28,3.26
3398,8.0,0.13,0.35,31.0,352.0,0.38,3.8,0.34,3.78
3399,8.5,0.11,0.31,39.0,380.0,0.44,3.4,0.26,2.9
3400,8.7,0.15,0.27,41.0,298.0,0.4,3.92,0.3,3.12
3401,8.9,0.18,0.39,54.0,242.0,0.32,3.1,0.42,3.78
3402,8.8,0.12,0.41,48.0,242.0,0.28,21.98,0.38,3.24
3403,8.9,0.1,0.28,46.0,310.0,0.3,2.56,0.28,2.44
3404,8.7,0.11,0.37,51.0,282.0,0.36,3.16,0.3,3.28
3405,8.5,0.09,0.21,39.0,272.0,0.44,3.78,0.24,3.5
3406,8.8,0.11,0.28,42.0,247.0,0.28,2.98,0.38,3.78
3407,8.6,0.08,0.31,37.0,311.0,0.38,3.1,0.44,4.26
3408,8.4,0.16,0.27,44.0,401.0,0.26,2.42,0.28,3.8
3409,8.5,0.46,0.3,44.0,212.0,0.28,3.46,0.4,3.86
3410,7.9,0.29,0.23,51.0,240.0,0.26,2.7,0.32,2.9
3411,8.6,0.48,0.19,36.0,198.0,0.38,3.12,0.28,3.56
3412,8.6,0.4,0.26,69.0,216.0,0.3,2.94,0.34,4.1
3413,8.7,0.37,0.31,44.0,183.0,0.24,3.1,0.46,2.82
3414,8.4,0.14,0.18,33.0,198.0,0.36,2.62,0.4,3.56
3415,8.7,0.42,0.27,54.0,226.0,0.3,3.2,0.28,3.94
3416,8.1,0.23,0.31,72.0,268.0,0.22,3.46,0.36,2.8
3417,8.7,0.4,0.29,56.0,212.0,0.32,3.8,0.48,3.96
3418,8.1,0.24,0.41,46.0,254.0,0.24,2.92,0.26,4.3
3419,8.8,0.32,0.35,41.0,212.0,0.28,3.2,0.38,2.82
3420,8.7,0.23,0.47,64.0,282.0,0.36,3.64,0.28,3.78
3421,8.1,0.22,0.29,67.0,367.0,0.44,3.1,0.3,3.1
3422,8.0,0.26,0.32,46.0,339.0,0.28,2.98,0.24,2.46
3423,8.0,0.23,0.26,67.0,353.0,0.22,3.26,0.36,3.28
3424,7.9,0.22,0.23,51.0,381.0,0.36,3.78,0.42,3.7
3425,8.6,0.37,0.18,44.0,226.0,0.3,2.96,0.38,2.88
3426,8.1,0.32,0.27,59.0,282.0,0.22,3.24,0.44,3.64
3427,8.7,0.4,0.21,67.0,240.0,0.28,3.84,0.28,2.74
3428,8.8,0.39,0.18,61.0,310.0,0.24,2.92,0.32,3.1
3429,8.1,0.26,0.25,49.0,381.0,0.36,3.18,0.28,2.96
3430,8.7,0.39,0.31,44.0,409.0,0.3,2.46,0.46,3.82
3431,8.1,0.22,0.27,67.0,466.0,0.24,2.78,0.32,3.7
3432,8.0,0.23,0.44,59.0,325.0,0.38,3.1,0.24,3.98
3433,8.7,0.34,0.41,41.0,353.0,0.3,2.46,0.36,3.78
3434,8.7,0.33,0.29,72.0,296.0,0.24,3.2,0.3,2.94
3435,8.7,0.29,0.26,51.0,240.0,0.36,3.78,0.24,3.54
3436,8.0,0.27,0.27,64.0,282.0,0.44,2.96,0.32,3.1
3437,8.6,0.4,0.25,41.0,240.0,0.4,3.6,0.26,2.94
3438,8.0,0.28,0.31,51.0,339.0,0.28,2.98,0.44,3.28
3439,8.7,0.38,0.18,67.0,226.0,0.32,3.54,0.38,3.1
3440,8.1,0.26,0.29,54.0,381.0,0.24,3.7,0.28,2.9
3441,8.1,0.23,0.26,33.0,395.0,0.32,2.98,0.44,3.24
3442,8.0,0.19,0.31,46.0,409.0,0.28,2.42,0.36,3.78
3443,8.6,0.34,0.28,28.0,367.0,0.3,2.78,0.48,4.18
3444,8.0,0.25,0.27,41.0,353.0,0.32,3.64,0.42,3.82
3445,8.6,0.39,0.21,49.0,452.0,0.24,2.82,0.28,2.94
3446,8.1,0.28,0.19,61.0,296.0,0.38,3.2,0.3,3.1
3447,8.7,0.4,0.23,36.0,325.0,0.4,3.1,0.24,2.76
3448,8.0,0.27,0.31,33.0,381.0,0.24,2.98,0.32,3.18
3449,8.5,0.54,0.44,51.0,254.0,0.36,3.24,0.44,2.44
3450,8.0,0.31,0.41,61.0,353.0,0.22,3.6,0.4,2.98
3451,8.1,0.27,0.38,36.0,240.0,0.38,2.94,0.32,3.58
3452,8.6,0.39,0.27,28.0,282.0,0.44,3.1,0.26,3.1
3453,8.6,0.41,0.32,46.0,381.0,0.32,2.98,0.44,4.36
3454,8.6,0.42,0.27,33.0,254.0,0.26,3.24,0.4,2.9
3455,8.5,0.46,0.18,69.0,282.0,0.3,3.78,0.26,3.18
3456,8.4,0.47,0.25,54.0,296.0,0.24,2.9,0.34,2.46
3457,8.7,0.4,0.31,44.0,240.0,0.38,3.26,0.3,3.28
3458,8.1,0.27,0.26,38.0,226.0,0.44,3.18,0.28,2.96
3459,8.1,0.4,0.22,18.0,339.0,0.32,3.24,0.36,3.48
3460,8.4,0.19,0.35,20.0,296.0,0.26,2.82,0.28,4.14
3461,8.3,0.35,0.16,15.0,254.0,0.28,3.56,0.24,4.6
3462,8.5,0.26,0.19,13.0,240.0,0.36,3.78,0.32,2.98
3463,8.1,1.53,0.27,15.0,282.0,0.24,2.9,0.26,3.24
3464,8.4,0.52,0.21,10.0,409.0,0.22,2.52,0.38,3.8
3465,8.4,0.42,0.32,33.0,381.0,0.28,2.9,0.42,2.42
3466,8.2,0.82,0.25,31.0,367.0,0.36,3.24,0.28,3.86
3467,8.7,0.35,0.2,15.0,353.0,0.3,3.8,0.32,3.1
3468,8.3,0.61,0.17,41.0,310.0,0.22,2.88,0.26,2.5
3469,8.6,0.28,0.26,13.0,282.0,0.28,2.96,0.32,2.68
3470,8.5,0.3,0.39,18.0,254.0,0.32,3.28,0.28,3.48
3471,8.4,0.33,0.31,28.0,296.0,0.26,3.78,0.24,3.2
3472,8.3,0.34,0.26,26.0,381.0,0.3,3.1,0.26,2.56
3473,8.1,0.26,0.21,13.0,367.0,0.28,2.98,0.38,3.8
3474,8.5,0.56,0.29,31.0,268.0,0.32,3.42,0.26,3.72
3475,8.7,0.32,0.32,15.0,296.0,0.26,3.1,0.32,3.4
3476,8.6,0.3,0.22,13.0,310.0,0.3,2.88,0.28,3.98
3477,8.6,0.24,0.18,18.0,268.0,0.26,2.42,0.34,3.64
3478,8.4,0.62,0.27,28.0,381.0,0.38,3.26,0.3,3.4
3479,8.5,0.47,0.32,28.0,367.0,0.28,3.4,0.26,4.82
3480,8.6,0.26,0.25,38.0,254.0,0.32,2.9,0.24,2.9
3481,8.5,0.34,0.16,20.0,212.0,0.28,3.24,0.32,3.26
3482,8.5,0.33,0.19,15.0,240.0,0.26,3.1,0.26,3.78
3483,8.4,0.31,0.23,18.0,353.0,0.32,2.98,0.4,4.26
3484,8.3,0.82,0.21,20.0,339.0,0.28,3.1,0.26,4.7
3485,8.6,0.74,0.18,23.0,381.0,0.3,2.96,0.32,2.98
3486,8.5,0.41,0.25,13.0,367.0,0.26,3.24,0.28,3.2
3487,8.2,0.96,0.21,31.0,296.0,0.32,3.78,0.3,3.78
3488,8.5,0.54,0.3,38.0,240.0,0.28,3.54,0.24,4.2
3489,8.4,1.16,0.29,10.0,296.0,0.24,3.24,0.42,3.48
3490,8.2,0.77,0.21,15.0,254.0,0.32,3.1,0.26,4.1
3491,8.4,0.65,0.14,20.0,310.0,0.28,2.98,0.38,2.36
3492,8.5,0.71,0.14,28.0,339.0,0.26,3.54,0.54,2.7
3493,8.2,0.42,0.22,26.0,353.0,0.22,3.26,0.36,4.5
3494,8.4,0.41,0.17,23.0,367.0,0.24,2.88,0.22,4.1
3495,8.1,0.69,0.2,20.0,381.0,0.3,3.1,0.28,2.92
3496,8.5,0.23,0.18,18.0,395.0,0.28,2.9,0.44,3.54
3497,8.3,0.21,0.16,38.0,240.0,0.32,3.26,0.62,3.78
3498,8.2,0.18,0.28,44.0,254.0,0.26,3.78,0.26,2.54
3499,8.7,0.54,0.14,33.0,282.0,0.28,3.6,0.32,2.98
3500,8.6,0.4,0.17,28.0,310.0,0.32,2.98,0.28,3.56
3501,8.4,0.68,0.16,26.0,296.0,0.28,2.5,0.34,3.7
3502,8.2,0.72,0.21,23.0,381.0,0.2,2.78,0.26,4.26
3503,8.5,0.48,0.29,20.0,353.0,0.3,2.64,0.38,4.1
3504,8.4,0.32,0.23,18.0,226.0,0.24,3.24,0.24,2.88
3505,8.2,0.72,0.21,23.0,381.0,0.2,2.78,0.26,4.26
3506,8.5,0.48,0.29,20.0,353.0,0.3,2.64,0.38,4.1
3507,8.4,0.32,0.23,18.0,226.0,0.24,3.24,0.24,2.88
3508,8.4,0.18,0.16,41.0,226.0,0.24,3.4,0.24,4.18
3509,8.5,0.36,0.21,20.0,240.0,0.24,3.7,0.44,3.82
3510,8.5,0.34,0.28,23.0,268.0,0.28,2.58,0.36,2.98
3511,8.8,0.18,0.39,26.0,310.0,0.32,3.26,0.42,3.54
3512,8.6,0.32,0.23,18.0,339.0,0.24,3.78,0.28,4.26
3513,8.6,0.36,0.21,15.0,395.0,0.22,4.02,0.32,4.8
3514,9.0,0.16,0.14,28.0,381.0,0.38,3.26,0.38,3.28
3515,8.8,0.28,0.27,33.0,367.0,0.3,3.78,0.44,4.26
3516,8.9,0.28,0.3,36.0,339.0,0.26,3.42,0.28,3.88
3517,8.5,0.34,0.21,38.0,296.0,0.22,3.6,0.36,3.64
3518,8.7,0.2,0.28,26.0,254.0,0.38,2.88,0.42,3.42
3519,8.6,0.33,0.32,28.0,282.0,0.3,3.24,0.32,3.6
3520,8.7,0.29,0.28,20.0,254.0,0.23,3.1,0.28,4.28
3521,8.6,0.38,0.23,23.0,353.0,0.24,2.78,0.32,4.78
3522,8.5,0.34,0.21,31.0,367.0,0.28,3.24,0.28,3.26
3523,8.8,0.18,0.18,33.0,296.0,0.22,3.6,0.32,3.82
3524,8.6,0.35,0.17,18.0,310.0,0.32,2.88,0.28,4.2
3525,8.7,0.32,0.12,13.0,268.0,0.26,3.14,0.24,4.78
3526,8.5,0.35,0.26,18.0,353.0,0.32,3.26,0.36,4.1
3527,8.5,0.36,0.23,20.0,339.0,0.26,3.78,0.28,5.26
3528,8.7,0.31,0.17,23.0,395.0,0.32,2.42,0.24,3.82
3529,9.1,0.11,0.14,26.0,367.0,0.28,3.54,0.32,2.98
3530,8.7,0.35,0.25,31.0,381.0,0.3,3.4,0.28,4.12
3531,8.7,0.56,0.36,33.0,367.0,0.24,2.88,0.36,3.8
3532,8.6,0.45,0.2,36.0,296.0,0.38,3.1,0.44,2.42
3533,8.9,0.15,0.18,38.0,325.0,0.3,2.42,0.42,3.64
3534,8.8,0.19,0.22,15.0,310.0,0.26,3.54,0.28,3.4
3535,8.7,0.19,0.27,20.0,353.0,0.28,3.84,0.32,4.26
3536,8.8,0.28,0.38,28.0,381.0,0.24,2.4,0.28,3.24
3537,8.6,0.33,0.31,15.0,240.0,0.32,2.78,0.34,3.78
3538,8.8,0.74,0.27,18.0,296.0,0.28,3.5,0.42,4.12
3539,8.9,0.19,0.23,28.0,367.0,0.24,3.7,0.42,3.78
3540,9.1,0.12,0.18,23.0,240.0,0.32,2.42,0.38,4.26
3541,8.7,0.38,0.27,20.0,282.0,0.28,3.1,0.28,4.8
3542,8.7,0.3,0.14,18.0,409.0,0.3,2.62,0.44,3.72
3543,8.9,0.18,0.19,23.0,381.0,0.22,3.28,0.32,3.1
3544,9.1,0.16,0.22,15.0,423.0,0.28,3.48,0.28,2.98
3545,8.6,0.17,0.18,13.0,339.0,0.34,2.98,0.24,3.54
3546,9.0,0.1,0.23,20.0,310.0,0.3,3.26,0.32,2.8
3547,8.8,0.15,0.2,23.0,282.0,0.26,4.2,0.26,3.58
3548,8.8,0.18,0.14,28.0,254.0,0.32,3.28,0.44,4.24
3549,8.9,0.16,0.18,31.0,353.0,0.28,3.78,0.28,4.1
3550,9.0,0.11,0.21,33.0,367.0,0.36,3.82,0.26,3.64
3551,8.9,0.15,0.27,36.0,254.0,0.22,4.26,0.44,3.1
3552,8.8,0.2,0.23,20.0,282.0,0.38,4.02,0.28,2.88
3553,9.1,0.1,0.17,18.0,212.0,0.32,3.24,0.32,3.1
3554,8.6,0.16,0.21,18.0,296.0,0.28,3.1,0.28,2.98
3555,8.8,0.17,0.18,20.0,353.0,0.44,2.98,0.32,3.24
3556,9.0,0.11,0.24,23.0,395.0,0.4,3.54,0.26,3.78
3557,8.9,0.16,0.29,26.0,367.0,0.22,3.8,0.44,3.42
3558,9.0,0.21,0.2,28.0,339.0,0.28,2.98,0.4,4.1
3559,9.1,0.11,0.17,20.0,155.0,0.22,2.58,0.48,3.4
3560,9.2,0.1,0.25,26.0,240.0,0.36,3.24,0.24,4.18
3561,9.1,0.1,0.29,23.0,325.0,0.28,3.1,0.32,3.58
3562,9.2,0.09,0.14,28.0,268.0,0.3,3.98,0.26,4.42
3563,9.3,0.08,18.0,36.0,169.0,0.22,3.26,0.32,4.8
3564,9.3,0.08,0.21,28.0,282.0,0.24,3.54,0.24,3.1
3565,9.2,0.09,0.13,26.0,3140.0,0.36,2.98,0.4,2.48
3566,9.2,0.09,0.19,23.0,268.0,0.22,2.54,0.32,2.9
3567,9.2,0.09,0.16,18.0,254.0,0.28,3.26,0.28,4.26
3568,9.2,0.09,0.22,38.0,226.0,0.32,3.78,0.32,3.28
3569,9.1,0.1,0.18,18.0,310.0,0.28,3.42,0.44,4.54
3570,9.0,0.11,0.14,15.0,310.0,0.38,3.1,0.4,3.8
3571,9.1,0.1,0.17,20.0,268.0,0.22,2.98,0.36,2.82
3572,9.0,0.11,0.2,27.0,325.0,0.26,3.54,0.28,3.54
3573,9.0,0.1,0.19,41.0,269.0,0.22,3.8,0.42,3.1
3574,9.2,0.09,0.33,15.0,325.0,0.3,2.98,0.36,4.36
3575,9.2,0.09,0.17,18.0,296.0,0.26,3.54,0.22,4.9
3576,9.2,0.09,0.16,20.0,353.0,0.32,3.78,0.38,2.88
3577,9.2,0.09,0.21,13.0,268.0,0.28,2.88,0.26,3.24
3578,9.2,0.09,0.18,28.0,282.0,0.32,3.2,0.32,3.8
3579,9.1,0.1,0.17,15.0,339.0,0.28,3.78,0.24,2.88
3580,9.1,0.1,0.21,18.0,296.0,0.32,3.42,0.32,3.56
3581,9.1,0.09,0.23,20.0,367.0,0.28,2.94,0.28,3.78
3582,9.2,0.08,0.15,13.0,353.0,0.3,2.46,0.34,4.26
3583,9.1,0.08,0.26,23.0,268.0,0.2,2.82,0.42,4.78
3584,9.1,0.09,0.23,20.0,325.0,0.32,3.18,0.26,4.1
3585,9.1,0.08,0.18,18.0,325.0,0.28,2.88,0.38,2.98
3586,9.1,0.09,0.14,23.0,367.0,0.2,2.44,0.24,3.26
3587,9.1,0.1,0.18,15.0,423.0,0.32,2.98,0.44,4.2
3588,9.2,0.09,0.11,36.0,296.0,0.28,3.26,0.32,4.18
3589,9.1,0.1,0.19,15.0,339.0,0.28,3.42,0.26,4.26
3590,9.1,0.1,0.21,23.0,240.0,0.34,2.7,0.38,3.28
3591,9.1,0.1,0.24,20.0,268.0,0.26,2.82,0.42,3.6
3592,9.0,0.11,0.18,18.0,353.0,0.38,3.26,0.28,4.2
3593,9.1,0.1,0.26,38.0,325.0,0.22,2.8,0.32,3.8
3594,9.0,0.08,0.21,13.0,381.0,0.38,3.18,0.28,2.94
3595,9.2,0.08,0.17,10.0,296.0,0.3,3.54,0.54,2.42
3596,9.1,0.09,0.23,13.0,409.0,0.26,3.1,0.32,3.48
3597,9.1,0.09,0.24,15.0,381.0,0.32,2.98,0.26,4.28
3598,9.1,0.1,0.18,36.0,310.0,0.28,3.28,0.32,2.82
3599,9.1,0.1,0.29,10.0,381.0,0.32,3.4,0.28,3.28
3600,9.2,0.08,0.13,20.0,268.0,0.28,3.48,0.38,4.12
3601,9.1,0.09,0.2,18.0,240.0,0.3,3.1,0.54,5.1
3602,9.2,0.09,0.19,23.0,240.0,0.24,2.98,0.32,2.48
3603,9.2,0.1,0.26,3.0,226.0,0.36,2.54,0.58,2.8
3604,9.2,0.09,0.31,28.0,268.0,0.44,3.24,0.28,3.26
3605,9.2,0.08,0.27,20.0,254.0,0.28,3.1,0.32,4.54
3606,9.1,0.1,0.21,18.0,310.0,0.26,2.42,0.28,4.1
3607,9.1,0.1,0.18,15.0,353.0,0.32,2.5,0.38,2.82
3608,9.1,0.1,0.24,26.0,325.0,0.28,3.28,0.42,3.84
3609,8.8,0.29,0.37,20.0,240.0,0.32,3.1,0.42,3.7
3610,8.8,0.11,0.22,31.0,2382.0,0.26,2.92,0.26,2.82
3611,8.7,0.1,0.18,33.0,310.0,0.28,2.4,0.32,3.54
3612,8.6,0.1,0.23,18.0,339.0,0.36,2.78,0.24,3.1
3613,9.3,0.09,0.19,33.0,353.0,0.42,3.78,0.38,2.98
3614,8.6,0.13,0.17,36.0,367.0,0.28,3.2,0.42,3.26
3615,8.7,0.13,0.29,38.0,381.0,0.3,3.4,0.28,3.1
3616,8.8,0.1,0.25,41.0,268.0,0.22,2.78,0.32,2.94
3617,8.9,0.11,0.21,28.0,296.0,0.26,3.6,0.26,3.1
3618,9.6,0.09,0.18,26.0,310.0,0.38,4.2,0.44,2.8
3619,9.6,0.11,0.22,23.0,339.0,0.3,2.96,0.38,3.22
3620,9.3,0.18,0.26,41.0,353.0,0.24,2.8,0.22,3.78
3621,9.2,0.21,0.23,44.0,325.0,0.26,2.42,0.36,3.42
3622,9.2,0.14,0.19,49.0,240.0,0.3,3.26,0.28,4.4
3623,9.8,0.11,0.21,38.0,409.0,0.26,3.8,0.32,4.8
3624,9.1,0.26,0.27,36.0,353.0,0.32,2.94,0.24,2.82
3625,9.2,0.13,0.2,41.0,339.0,0.28,3.1,0.32,3.28
3626,9.1,0.16,0.16,49.0,296.0,0.3,3.28,0.28,3.78
3627,9.2,0.24,0.27,6.0,268.0,0.26,3.7,0.32,3.42
3628,9.1,0.18,0.24,51.0,310.0,0.3,3.4,0.26,3.48
3629,9.2,0.29,0.2,38.0,254.0,0.24,2.98,0.42,3.6
3630,9.1,0.1,0.18,36.0,212.0,0.22,3.1,0.38,4.2
3631,9.2,0.11,0.23,41.0,240.0,0.28,2.98,0.22,4.78
3632,9.2,0.18,0.2,44.0,296.0,0.36,3.2,0.24,3.54
3633,9.3,0.23,0.17,46.0,353.0,0.3,3.78,0.36,3.8
3634,9.2,0.26,0.23,49.0,282.0,0.28,3.4,0.26,4.4
3635,9.3,0.2,0.2,38.0,268.0,0.26,3.4,0.38,2.82
3636,9.2,0.18,0.18,33.0,212.0,0.32,2.88,0.26,2.94
3637,9.1,0.23,0.21,31.0,353.0,0.28,2.94,0.44,3.2
3638,8.9,0.16,0.29,38.0,367.0,0.24,3.1,0.28,4.4
3639,9.3,0.18,0.17,38.0,282.0,0.22,3.42,0.42,3.78
3640,9.2,0.09,0.23,44.0,296.0,0.38,3.1,0.28,4.24
3641,9.0,0.12,0.2,46.0,325.0,0.26,2.82,0.32,3.1
3642,9.1,0.15,0.17,49.0,212.0,0.3,3.1,0.26,2.88
3643,8.8,0.22,0.19,38.0,381.0,0.22,3.42,0.42,3.26
3644,9.4,0.16,0.23,44.0,367.0,0.38,2.82,0.26,3.7
3645,9.1,0.19,0.28,41.0,353.0,0.26,2.5,0.28,2.8
3646,8.9,0.13,0.18,51.0,310.0,0.32,3.26,0.44,2.52
3647,9.0,0.26,0.23,54.0,339.0,0.28,3.78,0.22,4.26
3648,9.2,0.31,0.26,61.0,296.0,0.26,2.52,0.36,3.78
3649,8.8,0.23,0.29,64.0,240.0,0.38,2.42,0.28,3.1
3650,9.0,0.18,0.32,54.0,296.0,0.26,3.6,0.38,2.62
3651,8.9,0.14,0.21,41.0,310.0,0.2,2.82,0.26,3.28
3652,9.4,0.12,0.17,51.0,296.0,0.38,3.64,0.4,4.1
3653,9.0,0.19,0.23,49.0,325.0,0.24,3.12,0.26,2.42
3654,9.0,0.21,0.2,46.0,367.0,0.28,2.9,0.5,3.26
3655,8.9,0.29,0.18,51.0,381.0,0.32,3.2,0.36,2.82
3656,9.1,0.34,0.23,54.0,395.0,0.28,3.82,0.42,3.42
3657,8.9,0.17,0.27,41.0,409.0,0.36,2.9,0.28,2.98
3658,8.9,0.2,0.21,44.0,282.0,0.4,2.42,0.32,3.1
3659,9.1,0.16,0.14,26.0,381.0,0.28,3.1,0.42,3.78
3660,9.7,0.28,0.19,28.0,367.0,0.34,2.82,0.26,4.42
3661,9.3,0.11,0.21,31.0,325.0,0.32,3.42,0.32,4.1
3662,9.1,0.09,0.29,36.0,296.0,0.28,2.9,0.28,4.22
3663,9.0,0.1,0.32,38.0,353.0,0.26,3.18,0.42,3.52
3664,8.6,0.53,0.21,41.0,310.0,0.38,2.7,0.28,2.9
3665,9.0,0.32,0.28,49.0,268.0,0.3,3.42,0.36,3.42
3666,8.6,0.76,0.19,46.0,310.0,0.24,2.98,0.42,2.78
3667,9.3,0.27,0.23,51.0,254.0,0.32,3.42,0.38,3.42
3668,9.3,0.12,0.28,56.0,212.0,0.28,3.62,0.22,2.8
3669,9.0,0.14,0.18,54.0,339.0,0.32,2.8,0.36,3.42
3670,9.8,0.17,0.27,59.0,296.0,0.26,3.24,0.42,2.82
3671,9.0,0.15,0.21,49.0,395.0,0.32,3.4,0.28,3.42
3672,9.2,0.16,0.18,41.0,367.0,0.28,2.82,0.44,2.78
3673,9.3,0.11,0.17,44.0,296.0,0.38,2.64,0.28,3.48
3674,9.1,0.11,0.22,38.0,268.0,0.32,3.28,0.32,3.6
3675,8.8,0.17,0.29,36.0,254.0,0.24,3.8,0.28,2.92
3676,8.8,0.12,0.18,33.0,310.0,0.38,2.94,0.32,3.24
3677,9.1,0.1,0.24,31.0,353.0,0.26,3.42,0.26,3.1
3678,8.9,0.11,0.17,28.0,339.0,0.38,2.48,0.32,2.98
3679,9.2,0.09,0.23,28.0,409.0,0.24,2.42,0.22,3.42
3680,9.2,0.17,0.2,31.0,381.0,0.32,3.26,0.36,3.8
3681,9.1,0.1,0.17,33.0,367.0,0.26,3.7,0.42,2.98
3682,8.9,0.08,0.23,36.0,353.0,0.32,2.88,0.3,4.2
3683,9.0,0.1,0.26,38.0,296.0,0.28,3.24,0.22,3.22
3684,9.2,0.11,0.2,44.0,268.0,0.32,3.8,0.38,3.4
3685,9.1,0.08,0.18,46.0,254.0,0.24,2.98,0.26,2.42
3686,8.9,0.1,0.27,49.0,310.0,0.32,3.24,0.32,3.28
3687,9.1,0.13,0.21,51.0,353.0,0.28,3.78,0.26,3.4
3688,9.4,0.21,0.29,54.0,282.0,0.32,3.4,0.32,2.8
3689,9.2,0.18,0.12,46.0,325.0,0.42,3.42,0.423,3.78
3690,9.1,0.24,0.19,44.0,353.0,0.28,3.78,0.36,4.2
3691,9.2,0.17,0.23,41.0,296.0,0.26,2.92,0.4,4.1
3692,9.3,0.2,0.2,38.0,367.0,0.32,3.2,0.26,3.78
3693,9.0,0.18,0.18,36.0,381.0,0.44,3.42,0.26,3.9
3694,9.1,0.13,0.29,33.0,254.0,0.4,3.8,0.32,3.42
3695,9.5,0.12,0.32,31.0,296.0,0.28,2.98,0.28,3.64
3696,9.3,0.19,0.26,28.0,353.0,0.32,3.42,0.3,4.32
3697,9.3,0.27,0.31,26.0,381.0,0.24,3.1,0.42,4.82
3698,9.2,0.18,0.26,20.0,409.0,0.32,2.92,0.28,3.4
3699,9.0,0.23,0.22,18.0,367.0,0.26,2.42,0.32,4.26
3700,9.3,0.15,0.18,15.0,296.0,0.38,3.28,0.26,4.78
3701,8.7,0.26,0.25,18.0,282.0,0.42,4.2,0.32,4.1
3702,9.0,0.1,0.2,20.0,254.0,0.28,3.78,0.28,2.88
3703,9.2,0.11,0.17,23.0,353.0,0.24,4.26,0.42,2.54
3704,9.3,0.09,0.26,26.0,339.0,0.26,2.98,0.36,3.26
3705,9.1,0.2,0.21,38.0,296.0,0.32,3.26,0.4,3.8
3706,9.2,0.18,0.28,26.0,240.0,0.28,3.78,0.28,2.82
3707,9.0,0.27,0.24,31.0,268.0,0.32,3.42,0.26,3.2
3708,9.0,0.1,0.21,33.0,296.0,0.28,3.78,0.42,4.48
3709,9.2,0.33,0.15,28.0,339.0,0.24,3.24,0.24,4.82
3710,9.4,0.09,0.21,31.0,268.0,0.28,2.82,0.32,3.2
3711,9.1,0.08,0.29,33.0,254.0,0.32,3.28,0.28,4.1
3712,9.0,0.12,0.31,36.0,310.0,0.24,3.1,0.32,2.82
3713,9.2,0.08,0.18,41.0,353.0,0.26,2.42,0.28,3.52
3714,9.4,0.1,0.24,51.0,395.0,0.32,3.26,0.34,3.82
3715,9.1,0.1,0.21,26.0,367.0,0.22,3.1,0.3,4.32
3716,9.5,0.28,0.32,28.0,310.0,0.26,2.82,0.28,4.1
3717,9.2,0.09,0.29,31.0,268.0,0.3,3.6,0.32,2.96
3718,9.0,0.11,0.17,33.0,212.0,0.26,2.88,0.28,2.42
3719,9.1,0.12,0.23,38.0,282.0,0.32,3.64,0.3,3.54
3720,8.9,0.08,0.16,44.0,254.0,0.28,3.1,0.28,3.4
3721,9.5,0.11,0.2,49.0,381.0,0.3,2.98,0.3,2.7
3722,9.7,0.1,0.18,51.0,282.0,0.22,3.54,0.36,3.24
3723,9.5,1.22,0.27,54.0,310.0,0.28,3.1,0.22,3.82
3724,9.4,1.51,0.21,6.0,282.0,0.32,2.98,0.38,3.78
3725,9.2,0.5,0.18,59.0,254.0,0.26,3.42,0.42,4.42
3726,9.8,0.14,0.19,61.0,226.0,0.32,2.9,0.26,4.78
3727,9.3,0.11,0.27,46.0,325.0,0.24,2.54,0.32,3.28
3728,9.2,0.15,0.25,44.0,339.0,0.32,3.28,0.26,4.1
3729,9.8,0.1,0.2,49.0,353.0,0.26,3.7,0.38,2.4
3730,9.6,0.13,0.18,41.0,381.0,0.32,2.9,0.42,2.82
3731,9.2,0.16,0.26,38.0,367.0,0.28,3.28,0.28,3.26
3732,9.0,0.2,0.18,36.0,282.0,0.3,4.2,0.34,3.78
3733,9.1,0.1,0.23,31.0,310.0,0.22,3.1,0.26,5.1
3734,9.6,0.12,0.18,33.0,353.0,0.38,3.1,0.44,2.42
3735,9.4,0.63,0.25,28.0,381.0,0.26,2.82,0.28,3.8
3736,9.0,0.89,0.22,23.0,367.0,0.3,3.2,0.32,4.26
3737,9.5,0.36,0.2,26.0,353.0,0.24,3.42,0.28,4.1
3738,9.2,0.11,0.27,31.0,296.0,0.28,3.1,0.36,2.88
3739,9.2,0.1,0.2,33.0,367.0,0.28,3.72,0.42,4.2
3740,9.4,0.12,0.18,36.0,381.0,0.34,2.84,0.3,3.28
3741,9.0,0.13,0.23,38.0,282.0,0.26,3.1,0.26,2.54
3742,9.5,0.15,0.29,41.0,296.0,0.32,2.48,0.32,3.46
3743,9.6,0.13,0.21,56.0,310.0,0.26,2.4,0.28,4.26
3744,9.7,0.11,0.19,51.0,254.0,0.3,3.26,0.3,3.28
3745,9.2,0.1,0.17,54.0,240.0,0.26,3.4,0.42,2.82
3746,9.0,0.17,0.26,61.0,381.0,0.36,2.78,0.28,3.8
3747,9.2,0.15,0.2,64.0,367.0,0.3,3.54,0.32,2.42
3748,9.8,0.1,0.27,46.0,268.0,0.24,3.42,0.26,3.1
3749,9.3,0.1,0.21,46.0,240.0,0.28,2.8,0.38,2.92
3750,9.2,0.13,0.19,38.0,226.0,0.32,3.24,0.42,3.48
3751,9.1,0.081,0.23,33.0,310.0,0.28,3.1,0.28,2.52
3752,9.3,0.36,0.28,36.0,254.0,0.24,2.98,0.24,3.82
3753,9.0,0.12,0.18,26.0,339.0,0.3,3.46,0.32,2.52
3754,9.4,0.1,0.27,28.0,353.0,0.22,3.1,0.28,3.46
3755,9.5,0.11,0.21,33.0,282.0,0.26,2.88,0.36,2.78
3756,9.2,0.14,0.19,36.0,254.0,0.38,2.42,0.42,3.54
3757,9.0,0.12,0.2,38.0,367.0,0.42,3.1,0.28,3.4
3758,9.2,0.1,0.28,41.0,381.0,0.28,2.98,0.32,2.78
3759,9.1,0.08,0.18,28.0,240.0,0.24,3.42,0.48,3.42
3760,9.3,0.06,0.21,31.0,282.0,0.26,2.46,0.24,2.4
3761,9.3,0.06,0.29,33.0,310.0,0.38,2.82,0.36,3.64
3762,9.3,0.06,0.33,36.0,325.0,0.4,3.2,0.42,4.1
3763,9.4,0.08,0.25,38.0,339.0,0.42,3.46,0.24,2.98
3764,9.4,0.08,0.39,41.0,353.0,0.28,2.42,0.32,3.24
3765,9.4,0.07,0.21,28.0,381.0,0.24,3.54,0.28,3.48
3766,9.1,0.09,0.18,31.0,367.0,0.3,3.82,0.38,2.88
3767,9.9,0.09,0.23,36.0,296.0,0.26,2.72,0.24,2.42
3768,9.8,0.08,0.27,41.0,339.0,0.38,3.82,0.26,3.64
3769,9.8,0.08,0.21,49.0,395.0,0.3,2.54,0.32,3.88
3770,9.7,0.06,0.29,51.0,409.0,0.22,3.24,0.26,4.26
3771,9.8,0.06,0.18,20.0,367.0,0.28,3.8,0.28,3.7
3772,9.6,0.06,0.27,18.0,310.0,0.36,2.62,0.32,4.26
3773,9.8,0.09,0.21,28.0,282.0,0.4,3.7,0.3,3.54
3774,9.0,0.15,0.28,26.0,339.0,0.26,3.42,0.32,3.1
3775,9.2,0.09,0.18,23.0,353.0,0.32,3.1,0.28,2.98
3776,9.1,0.06,0.22,31.0,296.0,0.28,2.98,0.3,3.26
3777,9.3,0.07,0.17,33.0,381.0,0.32,3.42,0.28,4.42
3778,9.8,0.07,0.26,41.0,367.0,0.24,2.88,0.36,3.78
3779,9.5,0.06,0.21,44.0,296.0,0.32,3.8,0.28,4.26
3780,9.8,0.07,0.15,46.0,353.0,0.22,2.42,0.24,3.8
3781,9.1,0.07,0.18,26.0,296.0,0.26,3.62,0.32,2.92
3782,9.6,0.05,0.27,28.0,254.0,0.38,3.1,0.28,3.56
3783,9.7,0.05,0.21,23.0,240.0,0.3,2.88,0.44,4.28
3784,9.8,0.1,0.19,20.0,353.0,0.24,2.64,0.26,2.88
3785,9.5,0.05,0.23,18.0,339.0,0.26,3.64,0.38,3.24
3786,9.3,0.05,0.28,15.0,367.0,0.38,2.7,0.28,3.7
3787,9.3,0.05,0.21,28.0,381.0,0.28,2.92,0.32,4.26
3788,9.2,0.05,0.19,20.0,395.0,0.32,3.64,0.28,4.1
3789,9.1,0.05,0.13,28.0,296.0,0.32,3.4,0.26,3.4
3790,9.5,0.1,0.21,31.0,339.0,0.26,2.42,0.32,2.46
3791,9.3,0.09,0.29,33.0,367.0,0.38,2.88,0.28,3.28
3792,9.0,0.1,0.24,36.0,381.0,0.26,2.64,0.46,3.6
3793,9.6,0.12,0.18,38.0,339.0,0.24,3.26,0.22,4.78
3794,9.5,0.17,0.2,41.0,310.0,0.28,2.42,0.32,3.26
3795,8.8,0.45,0.18,38.0,296.0,0.24,3.82,0.38,3.1
3796,9.5,0.28,0.2,28.0,268.0,0.26,2.82,0.24,3.8
3797,9.3,0.1,0.17,26.0,254.0,0.34,3.24,0.26,2.42
3798,9.2,0.06,0.24,23.0,296.0,0.2,2.82,0.38,3.82
3799,8.4,0.08,0.21,31.0,240.0,0.32,3.54,0.42,4.26
3800,9.1,0.4,0.18,33.0,353.0,0.28,3.6,0.28,3.92
3801,9.5,0.28,0.29,36.0,367.0,0.36,2.42,0.38,4.12
3802,9.6,0.19,0.18,26.0,381.0,0.28,3.82,0.26,3.88
3803,9.3,0.09,0.26,28.0,395.0,0.3,2.42,0.28,4.54
3804,9.4,0.07,0.14,23.0,339.0,0.32,3.24,0.24,4.26
3805,9.3,0.06,0.11,20.0,282.0,0.22,2.7,0.32,3.82
3806,9.2,0.06,0.24,15.0,268.0,0.2,3.28,0.24,2.98
3807,8.9,0.07,0.19,33.0,240.0,0.36,3.4,0.26,4.26
3808,9.0,0.09,0.25,28.0,296.0,0.3,2.88,0.22,4.1
3809,9.0,0.06,0.31,28.0,367.0,0.22,3.28,0.24,3.1
3810,9.0,0.06,0.29,31.0,381.0,0.38,3.1,0.38,2.98
3811,8.8,0.08,0.38,33.0,198.0,0.3,2.46,0.26,3.8
3812,8.9,0.09,0.41,36.0,226.0,0.24,3.58,0.32,3.46
3813,9.2,0.06,0.36,38.0,268.0,0.22,3.4,0.28,3.18
3814,9.0,0.07,0.24,18.0,310.0,0.38,2.94,0.36,2.94
3815,9.0,0.08,0.21,15.0,339.0,0.36,3.22,0.4,3.58
3816,9.0,0.07,0.38,26.0,268.0,0.44,3.78,0.24,3.78
3817,9.0,0.08,0.29,23.0,240.0,0.4,2.8,0.38,4.2
3818,9.1,0.06,0.32,31.0,310.0,0.28,3.24,0.3,4.1
3819,8.9,0.07,0.28,33.0,395.0,0.32,3.18,0.22,2.98
3820,9.2,0.08,0.21,36.0,409.0,0.24,3.7,0.38,3.1
3821,8.9,0.09,0.35,41.0,367.0,0.38,2.46,0.3,3.78
3822,8.4,0.56,0.16,18.0,353.0,0.28,3.6,0.4,3.18
3823,8.6,0.57,0.16,20.0,325.0,0.42,2.78,0.38,2.92
3824,9.1,0.28,0.2,15.0,310.0,0.48,3.26,0.24,3.18
3825,9.3,0.14,0.22,23.0,367.0,0.38,3.6,0.36,2.78
3826,9.3,0.13,0.22,26.0,381.0,0.42,2.78,0.44,3.2
3827,9.2,0.11,0.22,28.0,268.0,0.38,3.6,0.28,4.18
3828,9.0,0.14,0.22,31.0,310.0,0.26,2.98,0.36,3.76
3829,9.1,0.16,0.24,28.0,254.0,0.38,3.18,0.48,3.1
3830,9.0,0.13,0.28,31.0,296.0,0.36,2.94,0.42,2.78
3831,8.9,0.11,0.22,33.0,254.0,0.44,3.2,0.36,3.2
3832,9.1,0.1,0.2,28.0,353.0,0.28,3.18,0.28,3.14
3833,9.0,0.1,0.18,26.0,367.0,0.46,2.96,0.36,2.74
3834,9.1,0.07,0.18,20.0,409.0,0.32,3.12,0.42,3.26
3835,8.9,0.12,0.16,18.0,437.0,0.44,3.4,0.4,3.78
3836,9.2,0.12,0.16,28.0,296.0,0.28,3.28,0.38,4.26
3837,9.1,0.14,0.12,38.0,282.0,0.22,2.84,0.46,4.1
3838,9.0,0.13,0.14,28.0,254.0,0.38,2.7,0.4,3.6
3839,8.9,0.12,0.16,26.0,353.0,0.42,3.28,0.32,2.78
3840,9.0,0.11,0.18,23.0,254.0,0.36,3.64,0.38,3.18
3841,9.0,0.12,0.16,20.0,240.0,0.4,3.2,0.44,2.98
3842,8.9,0.31,0.17,31.0,240.0,0.28,3.28,0.32,2.78
3843,9.6,0.3,0.23,33.0,268.0,0.42,3.64,0.38,3.18
3844,8.6,0.31,0.16,28.0,310.0,0.48,3.2,0.44,2.98
3845,9.0,0.33,0.2,26.0,254.0,0.38,3.6,0.36,2.78
3846,8.1,0.48,0.18,23.0,226.0,0.42,3.12,0.42,3.26
3847,8.2,0.47,0.27,20.0,282.0,0.38,3.4,0.4,3.78
3848,8.7,0.45,0.21,18.0,339.0,0.26,3.28,0.38,4.26
3849,9.1,0.06,0.18,15.0,198.0,0.2,1.48,0.4,3.86
3850,9.2,0.1,0.18,18.0,226.0,0.18,1.56,0.36,3.8
3851,9.1,0.08,0.14,23.0,268.0,0.22,1.44,0.38,3.42
3852,9.0,0.07,0.16,26.0,310.0,0.18,1.44,0.42,3.46
3853,9.0,0.06,0.16,28.0,339.0,0.22,1.76,0.42,3.82
3854,9.0,0.08,0.18,33.0,367.0,0.2,1.82,0.44,4.1
3855,9.3,0.1,0.16,36.0,381.0,0.2,1.86,0.4,4.16
3856,9.6,0.13,0.18,38.0,268.0,0.18,1.62,0.38,4.12
3857,9.2,0.09,0.16,41.0,296.0,0.2,1.64,0.36,4.16
3858,8.9,0.14,0.14,28.0,310.0,0.22,1.64,0.38,4.16
3859,8.8,0.17,0.16,26.0,325.0,0.18,1.84,0.4,4.12
3860,8.9,0.16,0.14,28.0,339.0,0.18,1.82,0.36,3.48
3861,9.0,0.09,0.16,33.0,353.0,0.22,1.82,0.38,3.62
3862,9.7,0.08,0.14,36.0,254.0,0.2,1.6,0.42,3.82
3863,9.6,0.04,0.16,38.0,296.0,0.18,1.62,0.4,3.46
3864,8.8,0.06,0.16,41.0,310.0,0.18,1.62,0.42,3.86
3865,8.3,0.09,0.18,44.0,367.0,0.18,1.68,0.38,3.88
3866,8.2,0.08,0.14,15.0,381.0,0.2,1.46,0.36,3.42
3867,8.1,0.11,0.18,18.0,282.0,0.22,1.62,0.38,3.86
3868,8.9,0.14,0.14,20.0,354.0,0.2,1.62,0.4,3.42
3869,8.8,0.17,0.16,26.0,212.0,0.22,1.84,0.42,3.46
3870,8.7,0.16,0.16,23.0,268.0,0.18,1.46,0.42,3.48
3871,8.4,0.14,0.18,28.0,296.0,0.16,1.64,0.42,3.42
3872,8.6,0.13,0.16,23.0,240.0,0.16,1.64,0.38,3.46
3873,8.8,0.14,0.14,26.0,339.0,0.18,1.8,0.36,3.64
3874,8.9,0.06,0.12,31.0,353.0,0.2,1.68,0.4,3.82
3875,8.8,0.07,0.12,31.0,367.0,0.22,1.42,0.4,3.86
3876,8.1,0.07,0.16,27.0,298.0,0.26,2.1,0.34,3.62
3877,8.5,0.09,0.18,35.0,302.0,0.24,2.16,0.38,3.64
3878,8.7,0.06,0.16,44.0,314.0,0.28,2.18,0.4,3.64
3879,8.0,0.06,0.18,41.0,298.0,0.22,2.12,0.42,3.26
3880,8.7,0.09,0.16,39.0,309.0,0.2,2.1,0.42,3.2
3881,8.7,0.06,18.0,35.0,309.0,0.22,2.38,0.28,3.14
3882,8.8,0.09,0.18,37.0,378.0,0.32,2.98,0.36,2.96
3883,8.6,0.1,0.2,29.0,283.0,0.44,2.14,0.44,2.72
3884,8.5,0.06,0.22,38.0,278.0,0.28,3.18,0.3,2.8
3885,8.6,0.06,0.24,45.0,261.0,0.3,2.8,0.22,3.26
3886,8.6,0.09,0.24,42.0,309.0,0.24,3.14,0.24,2.3
3887,8.8,0.09,0.26,39.0,284.0,0.28,2.78,0.22,3.14
3888,8.6,0.06,0.22,32.0,311.0,0.22,2.38,0.28,2.76
3889,8.9,0.09,0.2,38.0,298.0,0.26,2.8,0.32,3.32
3890,8.7,0.06,0.16,32.0,301.0,0.32,2.96,0.36,2.46
3891,8.8,0.07,0.18,38.0,327.0,0.36,3.22,0.36,3.2
3892,8.8,0.1,0.18,36.0,319.0,0.4,3.28,0.42,2.36
3893,8.9,0.06,0.16,43.0,287.0,0.28,2.34,0.3,2.28
3894,8.9,0.06,0.22,49.0,270.0,0.3,2.42,0.44,2.24
3895,8.7,0.11,0.24,52.0,312.0,0.28,2.38,0.38,2.48
3896,9.0,0.14,0.26,31.0,309.0,0.34,3.4,0.26,2.26
3897,8.9,0.09,0.24,28.0,287.0,0.38,2.42,0.32,2.14
3898,8.9,0.06,0.24,35.0,318.0,0.42,3.26,0.28,2.44
3899,8.8,0.07,0.22,27.0,298.0,0.32,2.24,0.3,2.78
3900,8.6,0.09,0.24,31.0,301.0,0.4,3.36,0.24,2.68
3901,8.6,0.08,0.22,28.0,281.0,0.28,2.42,0.28,2.96
3902,8.8,0.06,0.22,41.0,322.0,0.26,2.12,0.38,3.42
3903,9.0,0.07,0.22,36.0,330.0,0.24,2.2,0.38,3.46
3904,8.8,0.06,0.24,42.0,301.0,0.28,2.18,0.36,3.64
3905,8.9,0.09,0.22,38.0,272.0,0.22,2.12,0.38,3.28
3906,8.9,0.07,0.2,46.0,349.0,0.26,2.12,0.38,3.28
3907,8.7,0.08,0.18,51.0,395.0,0.28,2.16,0.4,3.46
3908,8.8,0.09,0.16,57.0,287.0,0.22,2.2,0.4,3.82
3909,8.7,0.09,0.16,36.0,319.0,0.26,2.12,0.38,3.88
3910,8.9,0.1,0.18,37.0,312.0,0.2,2.16,0.38,3.2
3911,8.8,0.1,0.16,25.0,298.0,0.26,2.16,0.32,3.28
3912,8.9,0.06,0.18,32.0,243.0,0.24,2.1,0.34,3.26
3913,9.0,0.07,0.16,39.0,264.0,0.24,2.2,0.32,3.42
3914,9.1,0.08,0.16,42.0,301.0,0.28,2.12,0.34,3.28
3915,8.8,0.09,0.14,49.0,287.0,0.26,2.12,0.36,3.2
3916,8.0,0.1,0.22,54.0,309.0,0.22,2.1,0.32,3.26
3917,8.9,0.13,0.18,51.0,269.0,0.28,2.08,0.38,3.26
3918,8.8,0.14,0.18,36.0,312.0,0.24,2.2,0.36,3.28
3919,8.6,0.07,0.16,21.0,289.0,0.26,2.16,0.36,3.42
3920,8.7,0.08,0.16,29.0,264.0,0.22,2.12,0.32,3.26
3921,8.8,0.09,0.18,25.0,311.0,0.24,2.16,0.34,3.28
3922,8.4,0.08,0.16,37.0,287.0,0.3,2.14,0.38,3.24
3923,8.8,0.07,0.16,38.0,301.0,0.26,2.1,0.32,3.2
3924,8.9,0.06,0.2,44.0,287.0,0.24,2.12,0.36,3.62
3925,8.9,0.07,0.18,36.0,306.0,0.26,2.1,0.38,3.2
3926,8.9,0.08,0.16,28.0,319.0,0.22,2.16,0.36,3.28
3927,8.9,0.09,0.18,31.0,274.0,0.2,2.12,0.36,3.46
3928,8.8,0.08,0.16,27.0,298.0,0.26,2.1,0.34,3.62
3929,8.6,0.09,0.18,35.0,302.0,0.24,2.16,0.38,3.64
3930,8.4,0.08,0.16,44.0,314.0,0.28,2.18,0.4,3.64
3931,8.8,0.06,0.18,41.0,298.0,0.22,2.12,0.42,3.26
3932,7.6,0.11,0.19,28.0,353.0,0.38,3.92,0.26,4.32
3933,7.8,0.12,0.26,51.0,367.0,0.42,3.8,0.44,2.88
3934,8.1,0.1,0.21,36.0,381.0,0.3,3.4,0.38,4.32
3935,8.3,0.11,0.19,41.0,353.0,0.26,3.8,0.3,4.8
3936,8.2,0.14,0.31,28.0,367.0,0.3,2.98,0.48,3.78
3937,8.2,0.13,0.23,23.0,353.0,0.24,3.26,0.4,4.2
3938,8.4,0.13,0.21,26.0,339.0,0.38,3.8,0.32,3.8
3939,8.3,0.1,0.19,23.0,296.0,0.3,3.64,0.28,3.42
3940,8.4,0.09,0.24,18.0,423.0,0.28,2.78,0.36,4.8
3941,8.5,0.09,0.21,28.0,367.0,0.36,3.28,0.42,4.12
3942,8.5,0.1,0.19,23.0,339.0,0.4,3.4,0.3,3.82
3943,8.6,0.11,0.26,28.0,367.0,0.34,2.94,0.42,4.28
3944,8.5,0.1,0.21,23.0,423.0,0.42,3.28,0.38,4.1
3945,8.6,0.13,0.11,26.0,395.0,0.38,3.9,0.44,3.8
3946,8.3,0.13,0.14,20.0,268.0,20.0,3.42,0.36,4.72
3947,8.5,0.14,0.21,20.0,325.0,0.28,2.4,0.42,3.8
3948,8.6,0.08,0.23,26.0,353.0,0.32,3.28,0.28,2.78
3949,8.4,0.09,0.21,23.0,296.0,0.36,2.94,0.42,2.78
3950,8.5,0.08,0.19,26.0,254.0,0.44,3.2,0.36,3.2
3951,8.6,0.09,0.26,20.0,353.0,0.28,3.18,0.28,3.14
3952,8.5,0.09,0.21,23.0,367.0,0.46,2.96,0.36,2.74
3953,8.8,0.14,0.15,28.0,282.0,0.48,4.1,0.26,2.9
3954,8.5,0.1,0.11,26.0,240.0,0.36,2.84,0.54,4.78
3955,8.6,0.09,0.18,20.0,240.0,0.36,3.8,0.4,3.7
3956,8.7,0.07,0.26,18.0,409.0,0.48,2.44,0.32,4.82
3957,8.6,0.08,0.21,15.0,437.0,0.4,3.26,0.28,4.1
3958,8.7,0.11,0.15,18.0,198.0,0.36,3.78,0.36,3.82
3959,8.6,0.13,0.18,23.0,254.0,0.24,2.84,0.48,4.6
3960,8.4,0.14,0.17,18.0,268.0,0.38,3.5,0.4,2.88
3961,8.6,0.16,0.21,26.0,282.0,0.4,4.1,0.36,3.28
3962,8.7,0.09,0.18,31.0,437.0,0.44,2.78,0.34,2.9
3963,8.6,0.1,0.21,20.0,325.0,0.28,4.26,0.38,3.26
3964,8.5,0.08,0.15,36.0,395.0,0.36,3.2,0.26,4.78
3965,8.5,0.1,0.21,20.0,212.0,0.4,3.78,0.38,3.9
3966,8.5,0.14,0.16,26.0,367.0,0.28,2.46,0.42,2.46
3967,8.4,0.15,0.19,31.0,296.0,0.28,3.78,0.28,4.32
3968,8.5,0.11,0.21,28.0,353.0,0.32,2.94,0.4,4.8
3969,8.4,0.12,0.17,36.0,409.0,0.26,3.5,0.36,2.74
3970,8.4,0.13,0.14,15.0,226.0,0.38,3.84,0.28,3.26
3971,8.7,0.18,0.21,18.0,437.0,0.42,3.24,0.36,5.4
3972,8.8,0.09,0.13,23.0,367.0,0.24,3.98,0.4,2.9
3973,7.9,0.1,0.2,20.0,310.0,0.34,2.86,0.42,4.68
3974,8.2,0.08,0.19,49.0,339.0,0.32,3.14,0.4,5.04
3975,8.3,0.14,0.18,59.0,296.0,0.36,3.36,0.42,4.76
3976,8.4,0.08,0.22,18.0,325.0,0.34,2.94,0.48,4.64
3977,8.7,0.13,0.27,31.0,339.0,0.38,3.14,0.42,5.06
3978,8.6,0.13,0.21,72.0,353.0,0.36,3.2,0.48,3.94
3979,8.4,0.14,0.18,18.0,367.0,0.34,2.86,0.42,3.98
3980,8.5,0.09,0.19,28.0,381.0,0.32,3.04,0.46,4.06
3981,8.6,0.1,0.14,72.0,325.0,0.36,3.36,0.42,3.98
3982,8.4,0.13,0.21,31.0,254.0,0.32,2.7,0.32,2.88
3983,8.3,0.14,0.26,33.0,310.0,0.24,3.28,0.28,4.12
3984,8.5,0.15,0.28,38.0,240.0,0.3,3.1,0.36,4.18
3985,8.6,0.17,0.15,28.0,282.0,0.3,3.6,0.28,3.48
3986,8.4,0.11,0.28,41.0,310.0,0.24,2.78,0.32,4.1
3987,8.5,0.14,0.19,31.0,254.0,0.36,3.24,0.28,2.72
3988,7.6,0.11,0.19,28.0,353.0,0.38,3.92,0.26,4.32
3989,7.8,0.12,0.26,51.0,367.0,0.42,3.8,0.44,2.88
3990,8.1,0.1,0.21,36.0,381.0,0.3,3.4,0.38,4.32
3991,8.3,0.11,0.19,41.0,353.0,0.26,3.8,0.3,4.8
3992,8.2,0.14,0.31,28.0,367.0,0.3,2.98,0.48,3.78
3993,8.2,0.13,0.23,23.0,353.0,0.24,3.26,0.4,4.2
3994,8.4,0.13,0.21,26.0,339.0,0.38,3.8,0.32,3.8
3995,8.3,0.1,0.19,23.0,296.0,0.3,3.64,0.28,3.42
3996,8.4,0.09,0.24,18.0,423.0,0.28,2.78,0.36,4.8
3997,8.5,0.09,0.21,28.0,367.0,0.36,3.28,0.42,4.12
3998,8.5,0.1,0.19,23.0,339.0,0.4,3.4,0.3,3.82
3999,8.6,0.11,0.26,28.0,367.0,0.34,2.94,0.42,4.28
4000,8.5,0.1,0.21,23.0,423.0,0.42,3.28,0.38,4.1
4001,8.6,0.13,0.11,26.0,395.0,0.38,3.9,0.44,3.8
4002,8.3,0.13,0.14,20.0,268.0,20.0,3.42,0.36,4.72
4003,8.5,0.14,0.21,20.0,325.0,0.28,2.4,0.42,3.8
4004,8.6,0.08,0.23,26.0,353.0,0.32,3.28,0.28,2.78
4005,8.4,0.09,0.21,23.0,296.0,0.36,2.94,0.42,2.78
4006,8.5,0.08,0.19,26.0,254.0,0.44,3.2,0.36,3.2
4007,8.6,0.09,0.26,20.0,353.0,0.28,3.18,0.28,3.14
4008,8.5,0.09,0.21,23.0,367.0,0.46,2.96,0.36,2.74
4009,8.8,0.14,0.15,28.0,282.0,0.48,4.1,0.26,2.9
4010,8.5,0.1,0.11,26.0,240.0,0.36,2.84,0.54,4.78
4011,8.6,0.09,0.18,20.0,240.0,0.36,3.8,0.4,3.7
4012,8.7,0.07,0.26,18.0,409.0,0.48,2.44,0.32,4.82
4013,8.6,0.08,0.21,15.0,437.0,0.4,3.26,0.28,4.1
4014,8.7,0.11,0.15,18.0,198.0,0.36,3.78,0.36,3.82
4015,8.6,0.13,0.18,23.0,254.0,0.24,2.84,0.48,4.6
4016,8.4,0.14,0.17,18.0,268.0,0.38,3.5,0.4,2.88
4017,8.6,0.16,0.21,26.0,282.0,0.4,4.1,0.36,3.28
4018,8.7,0.09,0.18,31.0,437.0,0.44,2.78,0.34,2.9
4019,8.6,0.1,0.21,20.0,325.0,0.28,4.26,0.38,3.26
4020,8.5,0.08,0.15,36.0,395.0,0.36,3.2,0.26,4.78
4021,8.5,0.1,0.21,20.0,212.0,0.4,3.78,0.38,3.9
4022,8.5,0.14,0.16,26.0,367.0,0.28,2.46,0.42,2.46
4023,8.4,0.15,0.19,31.0,296.0,0.28,3.78,0.28,4.32
4024,8.5,0.11,0.21,28.0,353.0,0.32,2.94,0.4,4.8
4025,8.4,0.12,0.17,36.0,409.0,0.26,3.5,0.36,2.74
4026,8.4,0.13,0.14,15.0,226.0,0.38,3.84,0.28,3.26
4027,8.7,0.18,0.21,18.0,437.0,0.42,3.24,0.36,5.4
4028,8.8,0.09,0.13,23.0,367.0,0.24,3.98,0.4,2.9
4029,7.9,0.1,0.2,20.0,310.0,0.34,2.86,0.42,4.68
4030,8.2,0.08,0.19,49.0,339.0,0.32,3.14,0.4,5.04
4031,8.3,0.14,0.18,59.0,296.0,0.36,3.36,0.42,4.76
4032,8.4,0.08,0.22,18.0,325.0,0.34,2.94,0.48,4.64
4033,8.7,0.13,0.27,31.0,339.0,0.38,3.14,0.42,5.06
4034,8.6,0.13,0.21,72.0,353.0,0.36,3.2,0.48,3.94
4035,8.4,0.14,0.18,18.0,367.0,0.34,2.86,0.42,3.98
4036,8.5,0.09,0.19,28.0,381.0,0.32,3.04,0.46,4.06
4037,8.6,0.1,0.14,72.0,325.0,0.36,3.36,0.42,3.98
4038,8.4,0.13,0.21,31.0,254.0,0.32,2.7,0.32,2.88
4039,8.3,0.14,0.26,33.0,310.0,0.24,3.28,0.28,4.12
4040,8.5,0.15,0.28,38.0,240.0,0.3,3.1,0.36,4.18
4041,8.6,0.17,0.15,28.0,282.0,0.3,3.6,0.28,3.48
4042,8.4,0.11,0.28,41.0,310.0,0.24,2.78,0.32,4.1
4043,8.5,0.14,0.19,31.0,254.0,0.36,3.24,0.28,2.72
4044,8.2,0.29,0.27,49.0,310.0,0.32,3.24,0.32,3.28
4045,8.0,0.35,0.21,51.0,353.0,0.28,3.78,0.26,3.4
4046,8.4,0.18,0.27,49.0,310.0,0.32,3.24,0.32,3.28
4047,8.1,0.33,0.21,51.0,353.0,0.28,3.78,0.26,3.4
4048,8.0,0.4,0.29,54.0,367.0,0.32,3.4,0.32,2.8
4049,8.1,0.67,0.12,46.0,353.0,0.42,3.42,0.423,3.78
4050,8.3,0.33,0.19,44.0,310.0,0.28,3.78,0.36,4.2
4051,8.5,0.18,0.23,41.0,282.0,0.26,2.92,0.4,4.1
4052,8.2,0.28,0.2,38.0,254.0,0.32,3.2,0.26,3.78
4053,8.3,0.3,0.18,36.0,296.0,0.44,3.42,0.26,3.9
4054,8.2,0.3,0.29,33.0,381.0,0.4,3.8,0.32,3.42
4055,8.2,0.31,0.32,31.0,367.0,0.28,2.98,0.28,3.64
4056,8.3,0.33,0.26,28.0,268.0,0.32,3.42,0.3,4.32
4057,8.1,0.4,0.31,26.0,296.0,0.24,3.1,0.42,4.82
4058,8.0,0.42,0.26,20.0,310.0,0.32,2.92,0.28,3.4
4059,8.3,0.56,0.22,18.0,268.0,0.26,2.42,0.32,4.26
4060,8.4,0.28,0.35,15.0,381.0,0.38,3.28,0.26,4.78
4061,8.1,0.31,0.16,18.0,367.0,0.42,4.2,0.32,4.1
4062,8.1,0.61,0.19,20.0,254.0,0.28,3.78,0.28,2.88
4063,8.2,0.71,0.27,49.0,212.0,0.32,3.24,0.32,3.28
4064,8.1,0.67,0.21,51.0,240.0,0.28,3.78,0.26,3.4
4065,7.9,0.59,0.32,54.0,353.0,0.32,3.4,0.32,2.8
4066,8.1,0.35,0.25,46.0,339.0,0.42,3.42,0.423,3.78
4067,7.8,0.39,0.2,44.0,381.0,0.28,3.78,0.36,4.2
4068,8.1,0.53,0.17,41.0,367.0,0.26,2.92,0.4,4.1
4069,8.1,0.48,0.26,38.0,296.0,0.32,3.2,0.26,3.78
4070,8.2,0.42,0.39,36.0,240.0,0.44,3.42,0.26,3.9
4071,8.1,0.4,0.31,33.0,296.0,0.4,3.8,0.32,3.42
4072,7.8,0.6,0.26,31.0,254.0,0.28,2.98,0.28,3.64
4073,8.1,0.55,0.21,28.0,310.0,0.32,3.42,0.3,4.32
4074,8.0,0.49,0.29,26.0,339.0,0.24,3.1,0.42,4.82
4075,8.1,0.43,0.32,20.0,353.0,0.32,2.92,0.28,3.4
4076,8.0,0.47,0.22,18.0,367.0,0.26,2.42,0.32,4.26
4077,7.9,0.6,0.18,15.0,381.0,0.38,3.28,0.26,4.78
4078,8.0,0.42,0.27,18.0,395.0,0.42,4.2,0.32,4.1
4079,8.6,0.15,0.32,20.0,240.0,0.28,3.78,0.28,2.88
4080,8.5,0.16,0.25,23.0,254.0,0.24,4.26,0.42,2.54
4081,8.37,0.1,0.16,26.0,282.0,0.26,2.98,0.36,3.26
4082,8.6,0.12,0.19,38.0,310.0,0.32,3.26,0.4,3.8
4083,8.6,0.1,0.23,26.0,296.0,0.28,3.78,0.28,2.82
4084,8.4,0.11,0.21,31.0,381.0,0.32,3.42,0.26,3.2
4085,8.3,0.14,0.18,33.0,353.0,0.28,3.78,0.42,4.48
4086,8.4,0.12,0.25,26.0,226.0,0.26,2.98,0.36,3.26
4087,8.1,0.12,0.21,38.0,381.0,0.32,3.26,0.4,3.8
4088,8.4,0.1,0.3,26.0,353.0,0.28,3.78,0.28,2.82
4089,8.4,0.11,0.29,31.0,226.0,0.32,3.42,0.26,3.2
4090,8.1,0.15,0.21,33.0,226.0,0.28,3.78,0.42,4.48
4091,8.0,0.1,0.27,49.0,310.0,0.32,3.24,0.32,3.28
4092,8.9,0.13,0.21,51.0,353.0,0.28,3.78,0.26,3.4
4093,8.7,0.15,0.29,54.0,282.0,0.32,3.4,0.32,2.8
4094,8.7,0.12,0.12,46.0,325.0,0.42,3.42,0.423,3.78
4095,8.6,0.14,0.19,44.0,353.0,0.28,3.78,0.36,4.2
4096,8.7,0.1,0.23,41.0,296.0,0.26,2.92,0.4,4.1
4097,8.6,0.13,0.2,38.0,367.0,0.32,3.2,0.26,3.78
4098,8.5,0.13,0.18,36.0,381.0,0.44,3.42,0.26,3.9
4099,8.5,0.12,0.29,33.0,254.0,0.4,3.8,0.32,3.42
4100,8.6,0.15,0.32,31.0,296.0,0.28,2.98,0.28,3.64
4101,8.4,0.15,0.26,28.0,353.0,0.32,3.42,0.3,4.32
4102,8.7,0.12,0.22,26.0,381.0,0.24,3.1,0.42,4.82
4103,8.6,0.1,0.35,20.0,409.0,0.32,2.92,0.28,3.4
4104,8.6,0.16,0.16,18.0,367.0,0.26,2.42,0.32,4.26
4105,8.7,0.11,0.19,15.0,296.0,0.38,3.28,0.26,4.78
4106,8.5,0.16,0.27,18.0,282.0,0.42,4.2,0.32,4.1
4107,8.5,0.14,0.21,20.0,254.0,0.28,3.78,0.28,2.88
4108,8.3,0.24,0.32,23.0,353.0,0.24,4.26,0.42,2.54
4109,8.3,0.3,0.25,26.0,339.0,0.26,2.98,0.36,3.26
4110,8.2,0.31,0.2,38.0,296.0,0.32,3.26,0.4,3.8
4111,7.8,0.56,0.17,26.0,240.0,0.28,3.78,0.28,2.82
4112,7.8,0.5,0.26,31.0,268.0,0.32,3.42,0.26,3.2
4113,8.1,0.49,0.39,33.0,296.0,0.28,3.78,0.42,4.48
4114,8.0,0.56,0.31,26.0,240.0,0.28,3.78,0.28,2.82
4115,8.1,0.5,0.26,31.0,268.0,0.32,3.42,0.26,3.2
4116,8.1,0.71,0.21,33.0,296.0,0.28,3.78,0.42,4.48
4117,7.9,0.54,0.29,20.0,367.0,0.42,2.42,0.26,3.8
4118,8.1,0.51,0.32,26.0,296.0,0.28,2.92,0.28,4.1
4119,8.2,0.3,0.11,46.0,310.0,0.36,3.1,0.46,2.86
4120,8.3,0.32,0.14,41.0,395.0,0.38,2.9,0.54,3.14
4121,8.3,0.3,0.3,29.0,310.0,0.44,2.42,0.38,3.78
4122,8.3,0.3,0.19,27.0,296.0,0.28,3.42,0.22,3.6
4123,8.1,0.32,0.15,45.0,282.0,0.32,3.1,0.36,4.26
4124,8.3,0.35,0.18,42.0,409.0,0.26,3.48,0.3,4.7
4125,8.2,0.56,0.11,23.0,452.0,0.4,2.88,0.24,2.98
4126,8.5,0.27,0.13,28.0,381.0,0.74,3.2,0.28,3.5
4127,8.7,0.27,0.19,23.0,480.0,0.38,3.94,0.44,4.14
4128,8.1,0.31,0.22,26.0,395.0,0.72,2.24,0.4,4.9
4129,8.4,0.42,0.18,39.0,240.0,0.38,2.8,0.54,3.28
4130,8.2,0.58,0.13,43.0,381.0,0.46,3.18,0.36,4.5
4131,8.1,0.41,0.19,28.0,339.0,0.44,3.58,0.28,4.7
4132,8.4,0.36,0.1,48.0,282.0,0.36,3.9,0.44,2.98
4133,8.6,0.33,0.22,39.0,240.0,0.3,2.98,0.4,3.26
4134,8.4,0.51,0.18,28.0,212.0,0.28,2.8,0.28,4.18
4135,8.3,0.47,0.14,38.0,240.0,0.22,3.24,0.44,2.9
4136,8.5,0.45,0.11,26.0,268.0,0.42,3.78,0.4,3.36
4137,8.2,0.56,0.16,31.0,254.0,0.3,3.5,0.36,4.78
4138,8.6,0.53,0.21,28.0,339.0,0.42,3.1,0.28,2.78
4139,8.7,0.53,0.14,26.0,317.0,0.44,2.9,0.28,4.12
4140,8.4,0.39,0.13,23.0,367.0,0.26,3.8,0.32,4.78
4141,8.4,0.57,0.19,26.0,240.0,0.32,2.42,0.28,3.8
4142,8.1,0.38,0.18,20.0,296.0,0.28,2.92,0.32,3.54
4143,8.0,0.52,0.28,23.0,353.0,0.38,3.18,0.24,2.98
4144,8.2,0.7,0.11,28.0,321.0,0.28,3.24,0.36,3.56
4145,8.3,0.58,0.18,26.0,367.0,0.26,3.1,0.22,4.7
4146,8.3,0.37,0.24,20.0,313.0,0.36,2.9,0.38,2.88
4147,8.5,0.25,0.21,18.0,310.0,0.34,3.18,0.48,3.8
4148,8.6,0.29,0.18,325.0,254.0,0.38,3.9,0.4,2.94
4149,8.3,0.29,0.19,41.0,269.0,0.22,3.1,0.42,4.4
4150,8.3,0.24,0.33,15.0,325.0,0.3,2.42,0.36,4.7
4151,8.4,0.54,0.17,18.0,296.0,0.26,1.46,0.22,5.26
4152,8.1,0.41,0.18,15.0,423.0,0.32,3.4,0.44,4.18
4153,8.2,0.36,0.19,36.0,296.0,0.28,2.5,0.32,3.8
4154,8.8,0.36,0.15,15.0,339.0,0.28,3.1,0.26,4.4
4155,8.4,0.32,0.21,23.0,240.0,0.34,1.9,0.38,5.9
4156,8.4,0.31,0.19,20.0,268.0,0.26,2.9,0.42,2.82
4157,8.3,0.4,0.14,28.0,282.0,0.32,2.62,0.32,3.42
4158,8.1,0.27,0.22,10.0,381.0,0.32,3.1,0.28,3.9
4159,8.5,0.28,0.27,20.0,268.0,0.28,3.58,0.38,4.4
4160,8.4,0.34,0.36,18.0,240.0,0.3,3.6,0.54,4.18
4161,8.2,0.32,0.28,23.0,240.0,0.24,3.2,0.28,2.98
4162,8.3,0.31,0.31,3.0,226.0,0.36,2.48,0.52,3.58
4163,8.5,0.3,0.27,28.0,268.0,0.44,2.76,0.36,2.7
4164,8.4,0.31,0.25,10.0,381.0,0.32,2.6,0.44,3.24
4165,8.4,0.28,0.36,20.0,268.0,0.28,2.84,0.4,3.96
4166,8.0,0.32,0.18,18.0,240.0,0.3,3.1,0.36,4.26
4167,8.8,0.33,0.29,23.0,240.0,0.24,2.12,0.46,4.78
4168,8.6,0.32,0.21,3.0,226.0,0.36,2.42,0.28,3.4
4169,8.4,0.34,0.34,28.0,268.0,0.44,3.24,0.46,4.36
4170,8.5,0.7,0.38,20.0,268.0,0.26,2.82,0.36,4.9
4171,8.3,0.64,0.44,20.0,367.0,0.28,2.94,0.42,2.78
4172,8.2,0.51,0.26,13.0,353.0,0.3,2.46,0.24,4.26
4173,8.8,0.6,0.29,23.0,268.0,0.2,2.82,0.32,4.78
4174,8.7,0.71,0.31,20.0,325.0,0.32,3.18,0.28,4.1
4175,8.4,0.42,0.27,18.0,325.0,0.28,2.88,0.36,2.98
4176,8.5,0.55,0.24,23.0,367.0,0.2,2.44,0.46,3.26
4177,8.7,0.32,0.19,15.0,423.0,0.32,2.98,0.4,4.2
4178,8.8,0.46,0.24,36.0,296.0,0.28,3.26,0.4,4.18
4179,8.2,0.17,0.42,26.0,289.0,0.36,3.26,0.26,4.4
4180,8.5,0.15,0.19,41.0,329.0,0.3,3.78,0.3,3.86
4181,8.3,0.16,0.27,64.0,343.0,0.24,3.4,0.24,3.2
4182,8.6,0.11,0.36,56.0,308.0,0.38,2.98,0.44,3.64
4183,8.3,0.1,0.21,46.0,367.0,0.26,3.24,0.36,3.1
4184,8.5,0.16,0.35,33.0,269.0,0.36,3.78,0.42,2.98
4185,8.5,0.16,0.24,28.0,367.0,0.44,4.1,0.28,4.26
4186,8.3,0.21,0.17,46.0,408.0,0.4,2.9,0.36,3.9
4187,8.4,0.24,0.24,38.0,467.0,0.3,3.18,0.28,2.46
4188,8.4,0.17,0.18,28.0,339.0,0.22,3.26,0.44,3.28
4189,8.6,0.14,0.31,51.0,325.0,0.36,3.1,0.4,3.52
4190,8.2,0.19,0.26,31.0,357.0,0.28,2.7,0.28,3.94
4191,8.3,0.28,0.31,64.0,369.0,0.34,3.16,0.36,4.26
4192,8.5,0.2,0.24,61.0,301.0,0.22,3.7,0.42,4.9
4193,8.4,0.47,0.19,46.0,247.0,0.38,2.98,0.58,2.98
4194,8.2,0.53,0.24,33.0,368.0,0.42,3.16,0.38,3.26
4195,8.4,0.26,0.3,23.0,267.0,0.28,2.74,0.3,3.7
4196,8.5,0.28,0.23,56.0,301.0,0.36,3.26,0.36,2.98
4197,8.7,0.17,0.28,49.0,369.0,0.44,3.58,0.44,4.52
4198,8.6,0.15,0.3,41.0,411.0,0.28,3.16,0.38,3.2
4199,8.1,0.64,0.41,54.0,325.0,0.34,3.28,0.28,3.7
4200,8.2,0.1,0.22,46.0,296.0,0.28,4.2,0.32,2.98
4201,8.8,0.22,0.19,61.0,353.0,0.36,3.1,0.26,4.4
4202,8.3,0.16,0.25,56.0,226.0,0.42,3.42,0.4,3.28
4203,8.6,0.13,0.24,67.0,241.0,0.28,3.8,0.28,3.52
4204,8.6,0.11,0.31,49.0,325.0,0.26,2.94,0.36,3.1
4205,8.5,0.17,0.23,38.0,353.0,0.34,3.72,0.42,2.98
4206,8.3,0.25,0.19,41.0,381.0,0.36,2.94,0.3,4.24
4207,8.1,0.23,0.17,56.0,401.0,0.38,3.86,0.26,3.5
4208,8.2,0.24,0.24,38.0,461.0,0.24,3.54,0.37,2.46
4209,8.1,0.19,0.24,47.0,349.0,0.26,2.5,0.52,4.78
4210,8.4,0.23,0.18,43.0,287.0,0.38,3.88,0.48,4.68
4211,8.6,0.24,0.2,48.0,340.0,0.34,3.36,0.6,5.6
4212,8.5,0.28,0.22,36.0,308.0,0.4,3.44,0.58,5.62
4213,8.1,0.25,0.16,51.0,321.0,0.24,3.88,0.44,5.44
4214,8.3,0.31,0.18,39.0,288.0,0.26,3.76,0.4,5.68
4215,8.4,0.33,0.22,43.0,312.0,0.32,2.9,0.46,5.44
4216,8.2,0.29,0.24,36.0,348.0,0.4,3.88,0.48,5.78
4217,8.5,0.32,0.2,44.0,298.0,0.38,3.44,0.58,5.88
4218,8.4,0.28,0.22,51.0,288.0,0.36,2.98,0.52,6.4
4219,8.1,0.27,0.16,39.0,291.0,0.32,3.64,0.4,6.48
4220,8.2,0.25,0.2,28.0,349.0,0.28,3.88,0.42,6.4
4221,8.6,0.43,0.18,36.0,369.0,0.24,3.44,0.52,5.76
4222,8.1,0.34,0.24,47.0,309.0,0.38,3.6,0.62,5.68
4223,8.7,0.4,0.22,38.0,312.0,0.32,3.78,0.6,5.44
4224,8.6,0.31,0.16,42.0,311.0,0.4,3.46,0.52,5.6
4225,8.4,0.58,0.14,39.0,298.0,0.26,3.44,0.6,6.88
4226,8.0,0.27,0.18,28.0,328.0,0.24,3.46,0.6,6.44
4227,8.9,0.46,0.2,42.0,298.0,0.38,3.7,0.58,6.52
4228,8.6,0.23,0.22,36.0,312.0,0.4,3.44,0.44,6.4
4229,8.0,0.77,0.1634,34.0,287.0,0.24,2.6,0.42,4.52
4230,8.3,0.58,0.2,28.0,291.0,0.28,2.88,0.38,4.76
4231,8.4,0.54,0.18,31.0,343.0,0.38,2.4,0.52,4.68
4232,8.5,0.36,0.14,38.0,361.0,0.36,2.78,0.54,4.98
4233,8.3,0.28,0.24,58.0,304.0,0.4,2.64,0.56,5.1
4234,8.4,0.33,0.26,44.0,369.0,0.32,2.88,0.6,5.12
4235,8.3,0.25,0.18,41.0,392.0,0.3,2.4,0.62,4.98
4236,8.5,0.19,0.14,37.0,281.0,0.34,3.38,0.38,4.68
4237,8.7,0.18,0.22,28.0,287.0,0.38,3.2,0.44,5.98
4238,8.5,0.18,0.16,21.0,343.0,0.3,3.12,0.4,5.68
4239,8.4,0.18,0.2,49.0,324.0,0.38,3.64,0.6,5.44
4240,8.6,0.21,0.18,44.0,311.0,0.32,3.52,0.62,5.68
4241,8.2,0.11,0.24,34.0,2.84,0.34,3.64,0.58,5.44
4242,8.7,0.77,0.2,28.0,309.0,0.4,3.88,0.52,4.46
4243,9.0,0.61,0.14,31.0,281.0,0.32,3.7,0.54,4.44
4244,8.9,0.32,0.16,49.0,287.0,0.28,2.58,0.42,4.98
4245,8.8,0.29,0.14,44.0,328.0,0.26,2.68,0.48,4.68
4246,8.8,0.26,0.2,31.0,369.0,0.32,2.44,0.46,4.44
4247,8.7,0.21,0.18,38.0,318.0,0.38,4.0,0.52,4.38
4248,8.7,0.24,0.14,28.0,311.0,0.34,4.6,0.5,4.68
4249,8.2,0.21,0.2,39.0,287.0,0.38,3.94,0.48,5.52
4250,8.3,0.17,0.22,44.0,348.0,0.4,3.64,0.46,5.68
4251,8.9,0.2,0.24,49.0,361.0,0.26,3.88,0.44,5.9
4252,8.4,0.15,0.22,28.0,311.0,0.28,3.5,0.48,4.98
4253,8.2,0.24,0.24,31.0,287.0,0.38,3.68,0.6,4.64
4254,8.5,0.18,0.18,49.0,369.0,0.36,3.98,0.62,4.88
4255,8.4,0.26,0.2,38.0,287.0,0.4,3.64,0.38,5.28
4256,8.3,0.27,0.16,31.0,326.0,0.38,3.48,0.48,5.68
4257,8.3,0.25,0.14,39.0,327.0,0.34,2.98,0.66,5.44
4258,8.4,0.26,0.18,28.0,324.0,0.36,2.96,0.58,5.88
4259,8.4,0.28,0.16,49.0,311.0,0.32,2.94,0.38,5.64
4260,8.6,0.28,0.24,28.0,284.0,0.38,3.88,0.64,5.38
4261,8.8,0.44,0.22,32.0,291.0,0.34,3.64,0.6,5.78
4262,8.7,0.58,0.2,31.0,281.0,0.4,3.44,0.62,5.68
4263,8.9,0.63,0.24,28.0,311.0,0.42,3.22,0.4,5.44
4264,8.4,0.76,0.2,28.0,287.0,0.28,2.78,0.48,4.98
4265,8.5,0.67,0.24,31.0,326.0,0.26,2.98,0.42,4.68
4266,8.4,0.77,0.16,43.0,284.0,0.38,2.44,0.46,5.52
4267,8.6,0.53,0.14,36.0,281.0,0.4,2.68,0.44,5.1
4268,8.6,0.55,0.18,39.0,311.0,38.0,2.48,0.48,5.12
4269,8.2,0.92,0.14,28.0,287.0,0.26,3.98,0.52,5.64
4270,8.5,0.49,0.18,41.0,369.0,0.28,3.68,0.58,4.98
4271,8.3,0.99,0.26,39.0,326.0,0.32,3.48,0.54,4.68
4272,8.0,,0.24,42.0,344.0,0.38,3.68,0.56,4.46
4273,8.2,1.15,0.22,41.0,284.0,0.36,3.98,0.54,4.68
4274,8.0,1.84,0.2,44.0,327.0,0.4,3.68,0.6,5.1
4275,8.2,1.25,0.24,37.0,281.0,0.38,3.46,0.62,5.1
4276,8.5,0.26,0.26,41.0,311.0,0.36,3.68,0.68,5.18
4277,8.6,0.61,0.38,48.0,326.0,0.26,3.46,0.58,5.68
4278,8.6,0.35,0.24,39.0,309.0,0.24,2.98,0.48,6.1
4279,8.8,0.19,0.18,47.0,281.0,0.38,2.68,0.46,5.1
4280,8.6,0.18,0.16,42.0,312.0,0.36,2.44,0.58,5.68
4281,8.4,0.76,0.2,28.0,287.0,0.28,2.78,0.48,4.98
4282,8.5,0.67,0.24,31.0,326.0,0.26,2.98,0.42,4.68
4283,8.4,0.77,0.16,43.0,284.0,0.38,2.44,0.46,5.52
4284,8.6,0.53,0.14,36.0,281.0,0.4,2.68,0.44,5.1
4285,8.6,0.55,0.18,39.0,311.0,38.0,2.48,0.48,5.12
4286,8.2,0.92,0.14,28.0,287.0,0.26,3.98,0.52,5.64
4287,8.5,0.49,0.18,41.0,369.0,0.28,3.68,0.58,4.98
4288,8.3,0.99,0.26,39.0,326.0,0.32,3.48,0.54,4.68
4289,8.0,,0.24,42.0,344.0,0.38,3.68,0.56,4.46
4290,8.2,1.15,0.22,41.0,284.0,0.36,3.98,0.54,4.68
4291,8.0,1.84,0.2,44.0,327.0,0.4,3.68,0.6,5.1
4292,8.2,1.25,0.24,37.0,281.0,0.38,3.46,0.62,5.1
4293,8.5,0.26,0.26,41.0,311.0,0.36,3.68,0.68,5.18
4294,8.6,0.61,0.38,48.0,326.0,0.26,3.46,0.58,5.68
4295,8.6,0.35,0.24,39.0,309.0,0.24,2.98,0.48,6.1
4296,8.8,0.19,0.18,47.0,281.0,0.38,2.68,0.46,5.1
4297,8.6,0.18,0.16,42.0,312.0,0.36,2.44,0.58,5.68
4298,7.9,0.18,0.22,41.0,327.0,0.26,2.5,0.4,3.98
4299,8.1,0.19,0.24,39.0,349.0,0.28,2.98,0.48,3.94
4300,8.1,0.19,0.3,42.0,319.0,0.34,2.68,0.58,4.6
4301,8.2,0.17,0.18,39.0,0.38,2.46,2.46,0.56,4.86
4302,8.1,0.25,0.14,42.0,327.0,0.28,3.34,0.54,4.44
4303,8.0,0.16,0.16,37.0,289.0,0.26,3.36,0.52,4.62
4304,8.1,0.2,0.18,48.0,327.0,0.3,3.98,0.48,4.46
4305,8.2,0.18,0.14,38.0,369.0,0.32,3.68,0.4,4.52
4306,8.1,0.19,0.22,47.0,309.0,0.28,3.64,0.6,4.44
4307,8.2,0.19,0.24,44.0,342.0,0.26,3.94,0.48,4.14
4308,8.1,0.19,0.3,28.0,312.0,0.24,3.88,0.42,4.5
4309,8.2,0.24,0.28,43.0,318.0,0.34,3.22,0.38,4.68
4310,8.0,0.25,0.24,39.0,319.0,0.38,3.44,0.32,4.62
4311,7.7,0.26,0.22,37.0,384.0,0.36,3.68,0.34,4.72
4312,7.9,0.18,0.18,41.0,327.0,0.38,3.28,0.36,4.64
4313,7.8,0.23,0.16,36.0,312.0,0.28,3.4,0.4,4.82
4314,8.0,0.18,0.14,38.0,311.0,0.32,3.28,0.48,4.64
4315,8.1,0.16,0.18,42.0,301.0,0.34,3.26,0.46,4.52
4316,8.1,0.14,0.22,49.0,289.0,0.34,3.22,0.48,4.68
4317,7.9,0.2,0.26,36.0,369.0,0.36,63.46,0.44,4.62
4318,7.9,0.32,0.3,39.0,311.0,0.38,3.48,0.42,4.76
4319,8.1,0.25,0.18,29.0,287.0,0.29,3.4,0.52,4.68
4320,8.2,0.18,0.14,41.0,298.0,0.4,3.42,0.54,4.44
4321,8.1,0.98,0.16,4.3,343.0,0.36,3.68,0.5,4.68
4322,8.3,0.23,0.18,48.0,270.0,0.38,3.88,0.52,4.44
4323,8.2,0.23,0.19,37.0,289.0,0.34,3.98,0.344,4.88
4324,8.2,0.18,0.2,44.0,301.0,0.34,3.78,0.46,4.82
4325,8.1,0.19,0.14,48.0,328.0,0.32,3.74,0.38,4.64
4326,8.2,0.24,0.14,43.0,298.0,0.36,3.68,0.42,4.62
4327,8.1,0.28,0.16,39.0,311.0,0.24,3.46,0.46,4.44
4328,8.2,0.28,0.2,41.0,309.0,0.28,3.4,0.4,4.5
4329,8.3,0.23,0.16,39.0,378.0,0.34,3.68,0.46,4.56
4330,8.2,0.22,0.22,36.0,369.0,0.38,3.44,0.48,4.58
4331,8.2,0.23,0.24,38.0,328.0,0.36,3.58,0.44,5.1
4332,8.1,0.24,0.2,36.0,318.0,0.32,3.64,0.4,4.66
4333,8.2,0.19,0.18,28.0,288.0,0.46,3.86,0.48,4.68
4334,8.2,0.25,0.16,42.0,291.0,0.42,3.94,0.46,4.76
4335,8.2,0.27,0.18,43.0,342.0,0.44,3.96,0.52,4.86
4336,8.1,0.24,0.16,44.0,378.0,0.48,3.46,0.56,4.76
4337,8.2,0.19,0.14,39.0,318.0,0.42,3.44,0.54,4.88
4338,8.3,0.2,0.2,36.0,298.0,0.4,3.64,0.58,4.68
4339,8.4,0.23,0.24,43.0,309.0,0.46,3.88,0.46,4.96
4340,8.4,0.27,0.3,39.0,378.0,0.42,3.68,0.44,4.94
4341,8.3,0.26,0.28,41.0,312.0,0.48,3.76,0.52,4.68
4342,8.6,0.75,0.28,41.0,342.0,0.28,2.96,0.46,4.52
4343,8.1,1.46,0.26,43.0,362.0,0.36,3.88,0.48,4.68
4344,8.0,2.66,0.16,38.0,247.0,0.34,3.46,0.48,4.84
4345,8.4,0.64,0.18,44.0,312.0,0.38,3.94,0.44,4.76
4346,8.2,1.91,0.22,41.0,342.0,0.34,3.88,0.52,4.64
4347,8.1,3.48,0.24,42.0,298.0,0.36,3.68,0.56,4.52
4348,8.2,3.2,0.18,43.0,369.0,0.34,3.44,0.58,4.64
4349,8.1,1.61,0.16,44.0,328.0,0.38,3.64,0.54,4.46
4350,8.0,2.98,0.14,39.0,318.0,0.34,3.46,0.58,4.76
4351,8.2,2.6,0.18,47.0,288.0,0.36,3.96,0.52,4.44
4352,8.2,0.17,0.2,41.0,362.0,0.26,2.98,0.46,4.56
4353,8.1,0.51,0.22,38.0,288.0,0.24,3.46,0.48,4.64
4354,8.0,0.56,0.26,36.0,427.0,0.38,3.44,0.44,4.68
4355,8.1,0.37,0.14,37.0,309.0,0.36,3.86,0.46,4.96
4356,8.2,0.38,0.18,48.0,298.0,0.34,3.46,0.42,4.86
4357,8.0,0.43,0.28,43.0,349.0,0.38,3.46,0.52,4.76
4358,7.9,0.44,0.2,43.0,328.0,0.34,3.76,0.56,4.44
4359,7.9,0.42,0.18,38.0,318.0,0.36,3.64,0.58,4.64
4360,7.9,0.41,0.26,39.0,378.0,0.34,3.86,0.5,4.84
4361,8.0,0.42,0.28,47.0,312.0,0.38,3.76,0.56,4.76
4362,8.1,0.51,0.24,43.0,247.0,0.4,3.46,0.58,4.88
4363,8.0,0.44,0.14,43.0,369.0,0.26,3.88,0.54,4.78
4364,8.1,0.54,0.22,44.0,288.0,0.24,3.76,0.58,4.84
4365,8.1,0.38,0.28,36.0,298.0,0.28,3.64,0.56,4.1
4366,8.2,0.43,0.3,39.0,369.0,0.24,3.86,0.54,4.18
4367,8.0,0.39,0.28,43.0,378.0,0.36,3.44,0.46,4.2
4368,8.0,44.0,0.24,36.0,362.0,0.34,3.68,0.48,4.4
4369,8.1,0.58,0.2,28.0,342.0,0.38,3.96,0.4,4.46
4370,7.9,0.45,0.18,28.0,281.0,0.34,3.44,0.6,4.76
4371,8.0,0.39,0.14,43.0,312.0,0.38,3.44,0.46,4.18
4372,8.3,0.28,0.3,39.0,312.0,0.26,2.48,0.48,4.76
4373,8.2,0.26,0.26,44.0,317.0,0.34,3.76,0.46,4.86
4374,8.1,0.28,0.14,41.0,340.0,0.36,3.88,0.44,4.44
4375,8.2,0.29,0.18,43.0,294.0,0.38,3.46,0.46,4.68
4376,8.2,0.28,0.22,42.0,360.0,0.34,3.76,0.42,4.76
4377,8.5,0.23,0.3,48.0,321.0,0.36,3.64,0.52,4.44
4378,8.2,0.29,0.2,38.0,309.0,0.39,3.88,0.58,4.64
4379,8.5,0.2,0.34,39.0,287.0,0.34,3.48,0.56,4.68
4380,8.3,0.27,0.32,36.0,340.0,0.36,3.47,0.54,4.76
4381,8.3,0.28,0.3,41.0,281.0,0.4,3.64,0.52,4.68
4382,8.2,0.28,0.28,39.0,378.0,0.28,3.88,0.56,4.76
4383,8.3,0.22,0.24,48.0,360.0,0.28,3.76,0.52,4.88
4384,8.3,0.27,0.28,42.0,340.0,0.26,3.68,0.54,4.44
4385,8.3,0.24,0.18,39.0,361.0,0.38,3.46,0.58,4.64
4386,8.2,0.23,0.19,47.0,311.0,0.36,3.74,0.56,4.86
4387,8.3,0.26,0.14,42.0,369.0,0.34,3.84,0.54,4.82
4388,8.4,0.28,0.1,44.0,312.0,0.38,3.94,0.54,4.6
4389,8.3,0.26,0.14,39.0,317.0,0.34,3.76,0.6,4.68
4390,8.3,0.28,0.29,36.0,294.0,0.28,3.52,0.52,4.76
4391,8.2,0.27,0.18,48.0,308.0,0.28,3.78,0.48,4.44
4392,8.2,0.29,0.2,47.0,378.0,0.26,3.44,0.42,4.68
4393,8.3,0.28,0.32,42.0,328.0,0.24,2.98,0.46,4.44
4394,8.4,0.28,0.14,39.0,411.0,0.34,2.96,0.48,4.62
4395,8.2,0.27,0.29,42.0,298.0,0.38,2.86,0.44,5.52
4396,8.1,0.28,0.27,48.0,281.0,0.36,3.22,0.42,5.1
4397,8.2,0.27,0.23,47.0,269.0,0.28,3.12,0.46,5.44
4398,8.3,0.23,0.32,39.0,327.0,0.26,3.44,0.44,5.12
4399,8.4,0.28,0.25,44.0,342.0,0.34,3.76,0.42,5.64
4400,8.3,0.27,0.18,28.0,342.0,0.36,3.68,0.48,5.86
4401,8.5,0.26,0.14,39.0,309.0,0.38,3.76,0.46,5.64
4402,8.1,0.28,0.13,39.0,369.0,0.28,3.76,0.46,4.76
4403,8.5,0.29,0.18,28.0,319.0,0.3,3.88,0.44,4.88
4404,8.2,0.27,0.21,47.0,342.0,0.26,3.36,0.52,4.86
4405,8.3,0.22,0.13,41.0,318.0,0.38,3.3,0.56,4.44
4406,8.4,0.24,0.27,43.0,287.0,0.4,3.64,0.5,4.76
4407,8.2,0.26,0.18,38.0,301.0,0.42,2.78,0.38,3.78
4408,8.3,0.25,0.13,37.0,289.0,0.28,2.4,0.42,4.1
4409,8.4,0.28,0.21,42.0,369.0,0.32,3.1,0.4,2.82
4410,8.5,0.24,0.17,48.0,309.0,0.28,3.76,0.24,3.42
4411,8.2,0.26,0.14,41.0,312.0,0.36,3.42,0.22,3.1
4412,8.1,0.27,0.11,38.0,281.0,0.24,3.1,0.38,2.98
4413,8.2,0.28,0.18,39.0,327.0,0.32,2.64,0.26,3.54
4414,8.5,0.23,0.21,36.0,318.0,0.28,3.24,0.32,3.78
4415,8.3,0.22,0.27,31.0,314.0,0.24,3.1,0.26,3.42
4416,8.4,0.24,0.14,42.0,302.0,0.32,2.94,0.38,2.7
4417,8.3,0.23,0.19,41.0,281.0,0.28,3.24,0.3,3.26
4418,8.2,0.25,0.23,36.0,283.0,0.32,3.1,0.24,3.78
4419,8.4,0.27,0.21,42.0,269.0,0.26,2.82,0.38,4.1
4420,8.2,0.29,0.27,38.0,327.0,0.38,3.54,0.24,2.82
4421,8.4,0.22,0.11,28.0,342.0,0.44,3.26,0.32,3.54
4422,8.3,0.29,0.18,47.0,317.0,0.4,4.1,0.6,3.1
4423,8.4,0.24,0.23,42.0,308.0,0.32,3.78,0.38,3.18
4424,8.5,0.26,0.18,41.0,302.0,0.28,3.1,0.44,3.84
4425,8.1,0.29,0.13,38.0,287.0,0.24,2.88,0.4,3.1
4426,8.2,0.28,0.21,36.0,314.0,0.22,2.54,0.38,2.82
4427,8.2,0.26,0.27,42.0,283.0,0.36,3.26,0.24,3.78
4428,8.3,0.2,0.14,28.0,342.0,0.28,3.7,0.38,3.1
4429,8.4,0.27,0.11,47.0,269.0,0.3,3.18,0.44,2.88
4430,8.3,0.22,0.17,41.0,314.0,0.28,2.42,0.4,3.24
4431,8.5,0.25,0.11,36.0,328.0,0.3,3.78,0.38,3.1
4432,8.6,0.26,0.17,36.0,411.0,0.4,3.14,0.28,4.18
4433,8.7,0.24,0.21,31.0,301.0,0.22,3.62,0.42,5.2
4434,8.5,0.28,0.14,38.0,269.0,0.38,3.18,0.56,4.7
4435,8.4,0.27,0.16,28.0,327.0,0.24,3.4,0.42,3.46
4436,8.5,0.24,0.23,43.0,342.0,0.28,2.9,0.28,4.78
4437,8.1,0.23,0.21,42.0,301.0,0.36,3.6,0.42,4.1
4438,8.6,0.24,0.18,36.0,324.0,0.4,3.1,0.36,4.6
4439,8.3,0.28,0.14,29.0,311.0,0.26,2.92,0.28,3.92
4440,8.4,0.27,0.17,42.0,392.0,0.32,3.54,0.38,3.8
4441,8.7,0.23,0.11,48.0,281.0,0.28,3.1,0.54,4.18
4442,8.5,0.22,0.23,31.0,284.0,0.34,2.8,0.38,4.7
4443,8.1,0.2,0.2,39.0,361.0,0.3,3.24,0.32,4.1
4444,8.4,0.24,0.18,43.0,369.0,0.28,2.72,0.28,2.9
4445,8.3,0.2,0.13,36.0,287.0,0.24,2.64,0.42,3.8
4446,8.4,0.25,0.2,28.0,311.0,0.28,3.4,0.39,4.26
4447,8.8,0.1,0.13,37.0,326.0,0.2,3.54,0.44,3.82
4448,9.2,0.09,0.21,28.0,291.0,0.36,3.1,0.38,4.7
4449,9.0,0.17,0.27,44.0,284.0,0.28,2.98,0.28,3.54
4450,9.3,0.21,0.18,49.0,318.0,0.32,3.54,0.42,3.9
4451,8.9,0.14,0.11,43.0,392.0,0.28,3.82,0.36,4.54
4452,8.8,0.18,0.13,28.0,287.0,0.32,3.42,0.28,4.9
4453,8.9,0.21,0.2,49.0,284.0,0.28,3.1,0.3,3.82
4454,9.3,0.15,0.14,44.0,328.0,0.42,2.82,0.42,3.42
4455,8.9,0.15,0.16,34.0,304.0,0.4,2.64,0.28,3.4
4456,9.3,0.14,0.19,58.0,318.0,0.28,3.64,0.44,4.82
4457,9.4,0.2,0.21,31.0,392.0,0.34,3.42,0.48,3.78
4458,9.3,0.18,0.18,44.0,287.0,0.42,3.94,0.46,3.42
4459,9.3,0.24,0.21,28.0,392.0,0.24,2.82,0.38,2.4
4460,9.4,0.2,0.11,39.0,326.0,0.38,3.52,0.24,3.58
4461,9.4,0.11,0.17,43.0,361.0,0.3,3.42,0.44,4.4
4462,9.2,0.19,0.21,34.0,343.0,0.22,3.16,0.52,4.12
4463,9.1,0.21,0.13,31.0,311.0,0.38,3.78,0.36,4.78
4464,9.4,0.24,0.18,38.0,284.0,0.26,4.1,0.42,4.12
4465,9.3,0.25,0.21,42.0,287.0,0.32,3.42,0.38,4.38
4466,9.3,0.21,0.18,49.0,348.0,0.26,3.94,0.44,4.94
4467,8.8,0.14,0.21,32.0,326.0,0.42,3.54,0.58,5.2
4468,9.3,0.18,0.14,44.0,287.0,0.38,3.78,0.26,4.78
4469,9.3,0.1,0.19,41.0,318.0,0.24,4.24,0.3,5.4
4470,8.8,0.15,0.21,37.0,311.0,0.32,4.0,0.28,5.82
4471,9.3,0.29,0.23,34.0,318.0,0.26,3.14,0.42,4.26
4472,9.0,0.15,0.31,28.0,304.0,0.38,3.26,0.38,4.1
4473,8.9,0.23,0.25,43.0,284.0,0.24,4.1,0.46,3.78
4474,9.1,0.27,0.16,31.0,311.0,0.38,2.86,0.28,3.1
4475,9.4,0.2,0.11,42.0,287.0,0.42,3.26,0.32,2.82
4476,9.2,0.14,0.15,58.0,348.0,0.36,3.7,0.24,3.54
4477,9.0,0.19,0.12,44.0,291.0,0.28,3.42,0.32,3.1
4478,8.8,0.31,0.18,28.0,287.0,0.24,2.78,0.28,2.98
4479,8.7,0.21,0.21,28.0,311.0,0.34,2.94,0.54,3.54
4480,8.9,0.25,0.29,31.0,343.0,0.28,3.42,0.42,3.1
4481,8.9,0.41,0.14,49.0,324.0,0.32,3.4,0.48,2.98
4482,9.4,0.18,0.11,58.0,284.0,0.26,3.1,0.4,4.1
4483,9.1,0.14,0.17,32.0,361.0,0.44,2.94,0.48,4.9
4484,8.5,0.99,0.31,26.0,325.0,0.32,3.48,0.24,3.82
4485,8.3,1.14,0.27,20.0,452.0,0.24,3.82,0.32,4.54
4486,8.7,0.73,0.21,18.0,212.0,0.48,3.1,0.26,3.26
4487,8.4,0.96,0.41,26.0,494.0,0.36,2.82,0.38,4.18
4488,8.7,0.75,0.2,49.0,381.0,0.32,2.94,0.44,4.3
4489,8.7,0.4,0.17,41.0,367.0,0.28,3.24,0.4,2.94
4490,8.8,0.23,0.27,31.0,310.0,0.44,2.9,0.32,3.42
4491,8.6,0.2,0.21,38.0,480.0,0.4,3.14,0.28,3.82
4492,8.7,0.15,0.18,49.0,522.0,0.34,3.78,0.34,4.6
4493,8.2,2.79,0.37,59.0,409.0,0.26,2.82,0.28,4.1
4494,8.0,,0.23,41.0,367.0,0.32,3.54,0.36,2.82
4495,8.4,3.29,0.21,33.0,480.0,0.28,3.1,0.3,2.42
4496,8.5,4.08,0.37,51.0,310.0,0.4,2.82,0.28,3.28
4497,8.9,1.15,0.28,28.0,268.0,0.28,3.54,0.44,4.72
4498,9.1,0.31,0.19,20.0,437.0,0.22,3.78,0.26,3.26
4499,8.6,0.78,0.25,46.0,579.0,0.36,2.98,0.32,3.92
4500,8.0,1.1,0.2,38.0,452.0,0.3,3.4,0.28,4.7
4501,8.7,1.7,0.18,54.0,381.0,0.28,3.18,0.34,4.18
4502,8.9,0.91,0.32,61.0,296.0,0.36,2.98,0.26,2.92
4503,9.1,0.38,0.28,46.0,254.0,0.3,3.26,0.32,3.54
4504,8.6,1.4,0.21,41.0,310.0,0.28,3.44,0.22,3.24
4505,8.8,1.1,0.36,33.0,423.0,0.24,2.56,0.28,3.18
4506,8.0,0.29,0.25,28.0,466.0,0.2,3.54,0.38,4.18
4507,8.4,0.81,0.42,20.0,367.0,0.28,3.1,0.24,2.94
4508,9.2,0.13,0.18,18.0,296.0,0.24,3.24,0.42,3.64
4509,9.1,0.1,0.21,61.0,423.0,0.36,2.98,0.22,4.32
4510,8.9,0.14,0.13,41.0,212.0,0.44,3.5,0.28,4.8
4511,8.8,0.11,0.15,33.0,409.0,0.32,3.26,0.34,2.82
4512,8.9,0.18,0.25,26.0,494.0,0.28,3.7,0.3,5.54
4513,9.1,0.11,0.1,51.0,466.0,0.24,2.98,0.26,3.1
4514,9.0,0.17,0.17,38.0,240.0,0.22,2.7,0.34,2.88
4515,8.7,0.1,0.21,26.0,268.0,0.38,3.34,0.46,4.26
4516,8.9,0.18,0.16,23.0,423.0,0.28,3.48,0.4,4.7
4517,9.2,0.23,0.19,46.0,508.0,0.32,3.1,0.28,5.26
4518,9.1,0.15,0.21,38.0,409.0,0.26,3.24,0.32,3.74
4519,9.1,0.13,0.24,18.0,381.0,0.28,2.28,0.28,3.92
4520,8.9,0.24,0.17,23.0,282.0,0.34,3.28,0.36,4.12
4521,8.8,0.21,31.0,31.0,452.0,0.32,3.4,0.24,4.8
4522,8.9,0.17,0.11,46.0,367.0,0.3,3.72,0.42,3.78
4523,9.4,0.16,0.19,33.0,282.0,0.28,2.48,0.26,3.42
4524,9.2,0.11,0.21,28.0,310.0,0.36,3.24,0.32,3.6
4525,9.0,0.18,0.15,23.0,409.0,0.34,3.6,0.28,2.52
4526,9.1,0.1,0.27,49.0,480.0,0.3,3.78,0.44,3.78
4527,8.6,0.23,0.21,38.0,310.0,0.22,3.1,0.4,3.54
4528,8.8,0.27,0.18,26.0,423.0,0.28,2.84,0.28,3.42
4529,8.8,0.1,0.11,23.0,254.0,0.32,3.18,0.32,3.8
4530,9.0,0.16,0.19,56.0,367.0,0.38,2.88,0.48,4.42
4531,9.4,0.27,0.23,44.0,480.0,0.24,2.94,0.38,3.64
4532,9.0,0.2,0.15,23.0,282.0,0.26,3.42,0.32,4.9
4533,8.9,0.15,0.21,36.0,466.0,0.32,2.76,0.28,3.82
4534,9.4,0.13,0.18,20.0,494.0,0.2,3.28,0.42,4.18
4535,9.5,0.29,0.4,41.0,254.0,0.36,3.5,0.38,3.56
4536,9.0,0.18,0.18,49.0,423.0,0.38,2.82,0.28,3.92
4537,9.4,0.14,0.11,61.0,508.0,0.26,3.78,0.32,4.84
4538,9.4,0.18,0.4,44.0,325.0,0.32,3.12,0.26,3.12
4539,9.1,0.13,0.23,67.0,381.0,0.28,2.98,0.38,3.48
4540,8.9,0.21,0.18,28.0,409.0,0.4,3.46,0.42,4.46
4541,9.2,0.27,0.21,20.0,452.0,0.26,3.24,0.38,3.82
4542,9.0,0.2,0.18,18.0,367.0,0.32,3.78,0.42,3.1
4543,8.9,0.17,0.11,26.0,494.0,0.28,3.54,0.28,2.82
4544,9.1,0.11,0.14,28.0,452.0,0.36,3.26,0.32,3.54
4545,9.0,0.15,0.17,41.0,508.0,0.42,2.8,0.28,3.18
4546,9.2,0.2,0.21,61.0,367.0,0.38,3.18,0.36,2.82
4547,9.0,0.18,0.18,44.0,310.0,0.42,2.82,0.42,3.6
4548,8.3,0.08,0.4,31.0,409.0,0.32,3.4,0.26,3.1
4549,8.3,0.1,0.13,20.0,296.0,0.26,2.72,0.38,4.72
4550,8.4,0.08,0.22,18.0,396.0,0.38,3.58,0.44,3.8
4551,8.2,0.09,0.18,23.0,466.0,0.4,3.8,0.4,4.26
4552,8.0,0.12,0.14,31.0,367.0,0.26,2.46,0.38,2.94
4553,8.0,0.09,0.18,38.0,325.0,0.32,3.4,0.28,3.56
4554,8.2,0.09,0.11,46.0,423.0,0.28,2.88,0.32,4.26
4555,8.4,0.07,0.19,59.0,296.0,0.32,3.54,0.28,4.7
4556,8.6,0.09,0.23,64.0,480.0,0.28,3.1,0.32,2.88
4557,8.8,0.11,0.2,41.0,395.0,0.24,2.82,0.26,3.26
4558,8.8,0.13,0.17,26.0,367.0,0.36,3.78,0.28,4.18
4559,8.2,0.21,0.14,20.0,310.0,0.4,4.1,0.4,4.7
4560,8.7,0.18,0.15,33.0,437.0,0.26,3.1,0.44,3.7
4561,8.1,0.21,0.23,49.0,367.0,0.38,2.42,0.26,2.82
4562,8.5,0.18,0.13,59.0,325.0,0.32,3.26,0.32,3.42
4563,8.6,0.15,0.17,38.0,452.0,0.26,3.1,0.28,3.42
4564,8.5,0.21,0.21,31.0,310.0,0.38,4.26,0.32,4.78
4565,8.3,0.29,0.27,23.0,409.0,0.22,3.28,0.28,3.56
4566,8.0,0.17,0.15,18.0,480.0,0.36,3.54,0.34,3.8
4567,8.6,0.15,0.22,33.0,395.0,0.42,2.58,0.3,2.78
4568,8.5,0.11,0.31,49.0,325.0,0.38,3.1,0.28,3.26
4569,8.4,0.14,0.14,67.0,296.0,0.28,2.98,0.36,3.8
4570,8.2,0.19,0.19,31.0,381.0,0.32,3.26,0.3,3.42
4571,8.3,0.21,0.23,23.0,480.0,0.4,3.78,0.26,4.18
4572,8.5,0.28,0.21,44.0,282.0,0.28,4.12,0.38,4.52
4573,8.7,0.19,0.15,36.0,254.0,0.32,3.7,0.3,3.72
4574,8.4,0.14,0.13,44.0,480.0,0.26,2.42,0.26,3.42
4575,8.6,0.15,0.27,23.0,508.0,0.38,3.1,0.38,3.94
4576,8.4,0.21,0.21,18.0,437.0,0.24,2.94,0.24,4.34
4577,8.2,0.23,0.18,26.0,282.0,0.32,3.54,0.38,3.78
4578,8.0,0.18,0.14,28.0,325.0,0.26,3.64,0.32,4.78
4579,8.4,0.15,0.11,46.0,296.0,0.3,3.18,0.26,3.56
4580,8.5,0.11,0.19,41.0,254.0,0.28,3.54,0.38,3.78
4581,8.7,0.24,0.21,33.0,437.0,0.32,3.92,0.24,3.92
4582,8.1,0.1,0.24,28.0,480.0,0.28,3.18,0.38,3.18
4583,8.2,0.13,0.2,26.0,381.0,0.22,3.42,0.38,3.78
4584,8.4,0.28,0.15,69.0,282.0,0.38,2.78,0.32,3.26
4585,8.1,0.13,0.18,49.0,325.0,0.3,3.54,0.28,3.54
4586,8.6,0.21,0.22,41.0,254.0,0.24,2.72,0.34,3.8
4587,8.4,0.11,0.13,33.0,423.0,0.26,3.12,0.38,3.42
4588,8.1,0.19,0.27,20.0,296.0,0.38,3.8,0.38,3.78
4589,8.7,0.41,0.2,31.0,381.0,0.42,2.84,0.42,4.54
4590,8.3,0.21,0.31,26.0,310.0,0.26,3.26,0.24,3.64
4591,8.5,0.15,0.13,18.0,395.0,0.38,3.42,0.38,3.28
4592,8.7,0.12,0.21,23.0,480.0,0.4,2.98,0.48,4.24
4593,8.1,0.18,0.18,44.0,381.0,0.22,3.78,0.26,4.7
4594,8.6,0.21,0.15,33.0,254.0,0.28,3.4,0.38,3.28
4595,8.4,0.18,0.19,31.0,339.0,0.32,3.54,0.28,3.92
4596,8.3,0.23,0.22,26.0,409.0,0.28,2.96,0.3,3.78
4597,8.2,0.17,0.27,46.0,381.0,0.3,2.88,0.28,4.28
4598,8.7,0.26,0.16,33.0,296.0,0.26,3.54,0.32,4.1
4599,8.4,0.1,0.13,51.0,437.0,0.38,3.78,0.38,2.93
4600,8.6,0.16,0.21,31.0,494.0,0.28,4.1,0.26,3.28
4601,8.5,0.11,0.18,23.0,282.0,0.32,3.82,0.38,3.1
4602,8.3,0.23,0.11,38.0,494.0,0.28,3.54,0.3,2.54
4603,8.0,0.16,0.319,46.0,367.0,0.4,2.72,0.28,3.58
4604,8.5,0.29,0.27,54.0,296.0,0.34,2.84,0.42,3.4
4605,8.1,0.23,0.37,61.0,310.0,0.26,3.24,0.36,3.4
4606,8.4,0.18,0.26,41.0,437.0,0.38,3.78,0.342,2.48
4607,8.7,0.29,0.21,33.0,296.0,0.3,2.98,0.38,3.56
4608,8.4,0.21,0.16,26.0,437.0,0.22,2.74,0.22,3.78
4609,8.3,0.13,0.11,18.0,268.0,0.28,2.76,0.36,4.24
4610,8.0,0.27,0.19,23.0,310.0,0.32,2.94,0.3,3.1
4611,8.7,0.2,0.18,21.0,452.0,0.26,3.26,0.28,2.42
4612,8.9,0.12,0.14,46.0,480.0,0.26,3.84,0.42,3.78
4613,8.6,0.18,0.21,41.0,296.0,0.38,3.7,0.24,3.4
4614,8.5,0.14,0.27,26.0,254.0,0.24,4.1,0.36,2.98
4615,8.8,0.11,0.2,31.0,494.0,0.32,3.7,0.4,3.54
4616,8.1,0.28,0.15,20.0,381.0,0.26,3.54,0.38,3.1
4617,8.5,0.31,0.26,48.0,282.0,0.34,2.8,0.269,2.92
4618,8.7,0.27,0.2,59.0,339.0,0.3,3.24,0.38,3.42
4619,8.6,0.18,0.28,64.0,409.0,0.28,3.8,0.28,3.4
4620,8.9,0.38,0.18,51.0,282.0,0.42,3.78,0.44,4.36
4621,8.7,0.21,0.17,67.0,381.0,0.28,2.902,0.26,2.88
4622,8.8,0.12,0.14,61.0,423.0,0.32,3.54,0.44,2.74
4623,8.6,0.17,0.1,59.0,480.0,0.26,3.1,0.28,3.26
4624,8.8,0.27,0.19,51.0,325.0,0.34,3.64,0.26,4.1
4625,8.3,0.18,0.26,46.0,381.0,0.44,3.78,0.38,2.82
4626,8.1,0.07,0.21,46.0,296.0,0.22,3.46,0.44,4.12
4627,8.4,0.16,0.18,23.0,381.0,0.28,2.82,0.36,4.62
4628,8.6,0.08,0.37,28.0,353.0,0.34,3.4,0.28,3.94
4629,8.2,0.06,0.41,49.0,409.0,0.24,3.78,0.32,3.12
4630,8.0,0.08,0.18,44.0,353.0,0.2,3.2,0.28,3.78
4631,8.7,0.08,0.11,61.0,409.0,0.4,2.94,0.36,3.42
4632,8.8,0.11,0.15,46.0,494.0,0.26,3.26,0.42,4.4
4633,8.1,0.12,0.21,33.0,310.0,0.32,3.78,0.28,3.24
4634,8.5,0.1,0.13,26.0,466.0,0.26,3.42,0.38,3.42
4635,8.3,0.21,0.17,49.0,437.0,0.24,2.8,0.42,3.78
4636,8.1,0.14,0.22,67.0,381.0,0.26,2.42,0.34,3.54
4637,8.5,0.19,0.14,44.0,296.0,0.32,3.78,0.28,3.1
4638,8.7,0.21,0.09,28.0,494.0,0.28,3.42,0.32,2.98
4639,8.6,0.16,0.15,41.0,52.0,0.34,2.98,0.28,4.24
4640,8.3,0.14,0.13,33.0,423.0,0.3,3.54,0.44,3.78
4641,8.8,0.11,0.1,61.0,367.0,0.26,3.4,0.4,4.1
4642,8.0,0.18,0.21,36.0,310.0,0.38,2.88,0.28,4.78
4643,8.5,0.31,0.18,23.0,409.0,0.42,2.78,0.38,4.1
4644,8.1,0.18,0.11,44.0,452.0,0.34,3.78,0.42,4.78
4645,8.9,0.13,0.13,28.0,325.0,0.26,3.94,0.38,3.24
4646,8.3,0.27,0.24,23.0,508.0,0.38,4.1,0.26,3.1
4647,8.6,0.21,0.14,51.0,466.0,0.42,2.98,0.54,2.88
4648,8.1,0.16,0.17,36.0,310.0,0.34,3.26,0.32,3.24
4649,8.4,0.11,0.21,28.0,466.0,0.3,3.4,0.24,3.42
4650,8.5,0.19,0.23,41.0,310.0,0.24,2.88,0.38,3.64
4651,8.2,0.24,0.15,67.0,480.0,0.36,3.54,0.56,4.12
4652,8.5,0.21,0.12,49.0,325.0,0.42,3.8,0.42,4.78
4653,8.3,0.28,0.18,31.0,494.0,0.32,4.1,0.28,4.1
4654,8.8,0.18,0.11,26.0,268.0,0.28,2.42,0.38,2.96
4655,8.1,0.14,0.26,49.0,395.0,0.26,3.8,0.26,4.7
4656,8.0,0.13,0.2,61.0,381.0,0.4,2.42,0.44,4.1
